Volumename,Anatomy,Abnormality
train_99_a_1.nii.gz,lung,"ground glass areas, atelectasis"
train_99_a_1.nii.gz,lung/lung,"ground glass areas, atelectasis"
train_99_a_1.nii.gz,lung/lung/left lung,"ground glass areas, atelectasis"
train_99_a_1.nii.gz,lung/lung/left lung/left lung lower lobe,"ground glass areas, atelectasis"
train_99_a_1.nii.gz,lung/lung/lung lower lobe,"ground glass areas, atelectasis"
train_99_a_1.nii.gz,lung/lung/lung lower lobe/left lung lower lobe,"ground glass areas, atelectasis"
train_99_a_1.nii.gz,mediastinum,calcific atheroma plaques
train_99_a_1.nii.gz,mediastinum/aorta,calcific atheroma plaques
train_99_a_1.nii.gz,heart,"pericardial effusion, cardiothoracic ratio"
train_99_a_1.nii.gz,heart/heart,"pericardial effusion, cardiothoracic ratio"
train_99_a_1.nii.gz,heart/heart/heart tissue,pericardial effusion
train_99_a_1.nii.gz,esophagus,sliding type hiatal hernia
train_99_a_1.nii.gz,esophagus/esophagus,sliding type hiatal hernia
train_99_a_1.nii.gz,bone,"sclerotic changes, hypodense lytic lesions, vacuum phenomenon, degeneration"
train_99_a_1.nii.gz,bone/bone,"sclerotic changes, hypodense lytic lesions, vacuum phenomenon, degeneration"
train_99_a_1.nii.gz,bone/bone/vertebrae,"sclerotic changes, hypodense lytic lesions"
train_99_a_1.nii.gz,bone/bone/vertebrae/thoracic vertebrae,"sclerotic changes, hypodense lytic lesions"
train_99_a_1.nii.gz,bone/bone/vertebrae/thoracic vertebrae/thoracic vertebrae 10 (t10),"sclerotic changes, hypodense lytic lesions"
train_99_a_1.nii.gz,abdomen,"calcific atheroma plaques, sliding type hiatal hernia, calcified foci, polycystic kidney disease, hyperdense lesions, intraabdominal free fluid, hypodense cystic lesions, macrolobulation"
train_99_a_1.nii.gz,abdomen/abdomen,"calcific atheroma plaques, sliding type hiatal hernia, calcified foci, polycystic kidney disease, hyperdense lesions, intraabdominal free fluid, hypodense cystic lesions, macrolobulation"
train_99_a_1.nii.gz,abdomen/abdomen/abdominal tissue,intraabdominal free fluid
train_99_a_1.nii.gz,abdomen/abdomen/aorta,calcific atheroma plaques
train_99_a_1.nii.gz,abdomen/abdomen/kidney,"calcified foci, polycystic kidney disease, hyperdense lesions, hypodense cystic lesions"
train_99_a_1.nii.gz,abdomen/abdomen/kidney/left kidney,"polycystic kidney disease, hypodense cystic lesions, hyperdense lesions"
train_99_a_1.nii.gz,abdomen/abdomen/liver,macrolobulation
train_99_a_1.nii.gz,abdomen/abdomen/stomach,sliding type hiatal hernia
train_99_a_1.nii.gz,others,respiratory artifacts
train_99_a_1.nii.gz,others/thoracic cavity,respiratory artifacts
train_128_a_1.nii.gz,lung,"air bronchogram, soft tissue density-consolidation, linear atelectasis"
train_128_a_1.nii.gz,lung/lung,"air bronchogram, soft tissue density-consolidation, linear atelectasis"
train_128_a_1.nii.gz,lung/lung/left lung,"air bronchogram, soft tissue density-consolidation, linear atelectasis"
train_128_a_1.nii.gz,lung/lung/left lung/left lung lower lobe,linear atelectasis
train_128_a_1.nii.gz,lung/lung/left lung/left lung upper lobe,"air bronchogram, soft tissue density-consolidation, linear atelectasis"
train_128_a_1.nii.gz,lung/lung/right lung,linear atelectasis
train_128_a_1.nii.gz,lung/lung/right lung/right lung middle lobe,linear atelectasis
train_128_a_1.nii.gz,lung/lung/lung lower lobe,linear atelectasis
train_128_a_1.nii.gz,lung/lung/lung lower lobe/left lung lower lobe,linear atelectasis
train_128_a_1.nii.gz,lung/lung/lung upper lobe,"air bronchogram, soft tissue density-consolidation, linear atelectasis"
train_128_a_1.nii.gz,lung/lung/lung upper lobe/left lung upper lobe,"air bronchogram, soft tissue density-consolidation, linear atelectasis"
train_128_a_1.nii.gz,mediastinum,"calcific atheromatous plaques, lymph node"
train_128_a_1.nii.gz,mediastinum/aorta,calcific atheromatous plaques
train_128_a_1.nii.gz,mediastinum/mediastinal tissue,lymph node
train_128_a_1.nii.gz,esophagus,sliding type hiatal hernia
train_128_a_1.nii.gz,esophagus/esophagus,sliding type hiatal hernia
train_128_a_1.nii.gz,bone,"minimal height loss, osteopenia, hypertrophic osteophytes"
train_128_a_1.nii.gz,bone/bone,"minimal height loss, osteopenia, hypertrophic osteophytes"
train_128_a_1.nii.gz,bone/bone/vertebrae,"minimal height loss, osteopenia, hypertrophic osteophytes"
train_128_a_1.nii.gz,bone/bone/vertebrae/thoracic vertebrae,"minimal height loss, osteopenia"
train_128_a_1.nii.gz,abdomen,"calcific atheromatous plaques, stone"
train_128_a_1.nii.gz,abdomen/abdomen,"calcific atheromatous plaques, stone"
train_128_a_1.nii.gz,abdomen/abdomen/aorta,calcific atheromatous plaques
train_128_a_1.nii.gz,abdomen/abdomen/gallbladder,stone
train_6_a_1.nii.gz,lung,"viral pneumonia, consolidation areas, diffuse septal thickness increase, parenchymal ground glass densities, radiological involvement pattern, covid pneumonia"
train_6_a_1.nii.gz,lung/lung,"viral pneumonia, consolidation areas, diffuse septal thickness increase, parenchymal ground glass densities, radiological involvement pattern, covid pneumonia"
train_6_a_1.nii.gz,mediastinum,lymph node
train_6_a_1.nii.gz,mediastinum/mediastinal tissue,lymph node
train_6_a_1.nii.gz,heart,pericardial effusion
train_6_a_1.nii.gz,heart/heart,pericardial effusion
train_6_a_1.nii.gz,heart/heart/heart tissue,pericardial effusion
train_61_b_1.nii.gz,lung,"infiltrations, ground glass densities, infective process, interlobular septal thickenings, metastases, appearance, crazy paving appearance, patchy consolidations, lymphadenomegaly"
train_61_b_1.nii.gz,lung/lung,"infiltrations, ground glass densities, infective process, interlobular septal thickenings, metastases, appearance, crazy paving appearance, patchy consolidations, lymphadenomegaly"
train_61_b_1.nii.gz,lung/lung/left lung,metastases
train_61_b_1.nii.gz,lung/lung/left lung/left lung lower lobe,metastases
train_61_b_1.nii.gz,lung/lung/right lung,"infiltrations, ground glass densities, interlobular septal thickenings, crazy paving appearance, patchy consolidations"
train_61_b_1.nii.gz,lung/lung/right lung/right lung upper lobe,"infiltrations, ground glass densities, interlobular septal thickenings, crazy paving appearance, patchy consolidations"
train_61_b_1.nii.gz,lung/lung/lung lower lobe,metastases
train_61_b_1.nii.gz,lung/lung/lung lower lobe/left lung lower lobe,metastases
train_61_b_1.nii.gz,lung/lung/lung upper lobe,"infiltrations, ground glass densities, interlobular septal thickenings, crazy paving appearance, patchy consolidations"
train_61_b_1.nii.gz,lung/lung/lung upper lobe/right lung upper lobe,"infiltrations, ground glass densities, interlobular septal thickenings, crazy paving appearance, patchy consolidations"
train_61_b_1.nii.gz,pleura,bilateral stable pleural effusion
train_61_b_1.nii.gz,pleura/pleura,bilateral stable pleural effusion
train_61_b_1.nii.gz,bone,"bone metastases, diffuse bone metastases, malignant compression fracture"
train_61_b_1.nii.gz,bone/bone,"bone metastases, diffuse bone metastases, malignant compression fracture"
train_61_b_1.nii.gz,bone/bone/vertebrae,malignant compression fracture
train_61_b_1.nii.gz,bone/bone/vertebrae/thoracic vertebrae,malignant compression fracture
train_61_b_1.nii.gz,bone/bone/vertebrae/thoracic vertebrae/thoracic vertebrae 12 (t12),malignant compression fracture
train_61_b_1.nii.gz,breast,left mastectomized
train_61_b_1.nii.gz,breast/breast,left mastectomized
train_61_b_1.nii.gz,abdomen,"multiple metastases, hypodensities"
train_61_b_1.nii.gz,abdomen/abdomen,"multiple metastases, hypodensities"
train_61_b_1.nii.gz,abdomen/abdomen/liver,"multiple metastases, hypodensities"
train_14_a_1.nii.gz,mediastinum,lymph node
train_14_a_1.nii.gz,mediastinum/mediastinal tissue,lymph node
train_14_a_1.nii.gz,heart,pericardial effusion
train_14_a_1.nii.gz,heart/heart,pericardial effusion
train_14_a_1.nii.gz,heart/heart/heart tissue,pericardial effusion
train_14_a_1.nii.gz,esophagus,sliding type hiatal hernia
train_14_a_1.nii.gz,esophagus/esophagus,sliding type hiatal hernia
train_14_a_1.nii.gz,bone,mild scoliosis
train_14_a_1.nii.gz,bone/bone,mild scoliosis
train_14_a_1.nii.gz,bone/bone/vertebrae,mild scoliosis
train_14_a_1.nii.gz,bone/bone/vertebrae/thoracic vertebrae,mild scoliosis
train_60_e_1.nii.gz,pleura,"multilobar consolidation areas, ground glass densities"
train_60_e_1.nii.gz,pleura/pleura,"multilobar consolidation areas, ground glass densities"
train_60_e_1.nii.gz,bone,"stable lytic lesions, lytic lesions"
train_60_e_1.nii.gz,bone/bone,"stable lytic lesions, lytic lesions"
train_139_b_1.nii.gz,lung,sequelae fibrotic densities
train_139_b_1.nii.gz,lung/lung,sequelae fibrotic densities
train_139_b_1.nii.gz,lung/lung/right lung,sequelae fibrotic densities
train_139_b_1.nii.gz,mediastinum,Multiple lymph nodes with short axes reaching up to 19 mm
train_139_b_1.nii.gz,mediastinum/mediastinal tissue,Multiple lymph nodes with short axes reaching up to 19 mm
train_139_b_1.nii.gz,heart,pericardial effusion
train_139_b_1.nii.gz,heart/heart,pericardial effusion
train_139_b_1.nii.gz,heart/heart/heart tissue,pericardial effusion
train_139_b_1.nii.gz,pleura,nodules
train_139_b_1.nii.gz,pleura/pleura,nodules
train_105_b_1.nii.gz,lung,diffuse linear atelectasis
train_105_b_1.nii.gz,lung/lung,diffuse linear atelectasis
train_105_b_1.nii.gz,heart,pericardial effusion
train_105_b_1.nii.gz,heart/heart,pericardial effusion
train_105_b_1.nii.gz,heart/heart/heart tissue,pericardial effusion
train_105_b_1.nii.gz,pleura,"pneumothorax, hemorrhage, subpleural plastering, diffuse free air, free air images, edema-inflammation"
train_105_b_1.nii.gz,pleura/pleura,"pneumothorax, hemorrhage, subpleural plastering, diffuse free air, free air images, edema-inflammation"
train_105_b_1.nii.gz,bone,displaced and destroyed old fracture line
train_105_b_1.nii.gz,bone/bone,displaced and destroyed old fracture line
train_105_b_1.nii.gz,bone/bone/rib,displaced and destroyed old fracture line
train_105_b_1.nii.gz,bone/bone/rib/right rib,displaced and destroyed old fracture line
train_105_b_1.nii.gz,bone/bone/rib/right rib/right rib 6,displaced and destroyed old fracture line
train_105_b_1.nii.gz,bone/bone/rib/rib 6,displaced and destroyed old fracture line
train_105_b_1.nii.gz,bone/bone/rib/rib 6/right rib 6,displaced and destroyed old fracture line
train_105_b_1.nii.gz,abdomen,"hepatosteatosis, liver size"
train_105_b_1.nii.gz,abdomen/abdomen,"hepatosteatosis, liver size"
train_105_b_1.nii.gz,abdomen/abdomen/liver,"hepatosteatosis, liver size"
train_122_b_1.nii.gz,heart,pericardial effusion
train_122_b_1.nii.gz,heart/heart,pericardial effusion
train_122_b_1.nii.gz,heart/heart/heart tissue,pericardial effusion
train_74_a_1.nii.gz,heart,"pericardial effusion, increased"
train_74_a_1.nii.gz,heart/heart,"pericardial effusion, increased"
train_74_a_1.nii.gz,heart/heart/heart tissue,pericardial effusion
train_74_a_1.nii.gz,abdomen,"hypodense area, mild contour lobulation, cyst, moderate hepatosteatosis, elevated"
train_74_a_1.nii.gz,abdomen/abdomen,"hypodense area, mild contour lobulation, cyst, moderate hepatosteatosis, elevated"
train_74_a_1.nii.gz,abdomen/abdomen/abdominal tissue,elevated
train_74_a_1.nii.gz,abdomen/abdomen/kidney,"hypodense area, mild contour lobulation, cyst"
train_74_a_1.nii.gz,abdomen/abdomen/kidney/right kidney,hypodense area
train_74_a_1.nii.gz,abdomen/abdomen/liver,moderate hepatosteatosis
train_51_c_1.nii.gz,lung,"nodules, viral pneumonias, atelectatic changes, pleuroparenchymal sequelae, covid-19 pneumonia"
train_51_c_1.nii.gz,lung/lung,"nodules, viral pneumonias, atelectatic changes, pleuroparenchymal sequelae, covid-19 pneumonia"
train_51_c_1.nii.gz,abdomen,hypodense lesions
train_51_c_1.nii.gz,abdomen/abdomen,hypodense lesions
train_51_c_1.nii.gz,abdomen/abdomen/liver,hypodense lesions
train_143_a_1.nii.gz,lung,"mosaic attenuation patterns, thickening of the interlobular septa"
train_143_a_1.nii.gz,lung/lung,"mosaic attenuation patterns, thickening of the interlobular septa"
train_143_a_1.nii.gz,lung/lung/lung lower lobe,"mosaic attenuation patterns, thickening of the interlobular septa"
train_143_a_1.nii.gz,mediastinum,"calcific atheroma plaques, lymph node"
train_143_a_1.nii.gz,mediastinum/aorta,calcific atheroma plaques
train_143_a_1.nii.gz,mediastinum/mediastinal tissue,lymph node
train_143_a_1.nii.gz,heart,pericardial effusion
train_143_a_1.nii.gz,heart/heart,pericardial effusion
train_143_a_1.nii.gz,heart/heart/heart tissue,pericardial effusion
train_143_a_1.nii.gz,bone,hypertrophic osteophytic tapering
train_143_a_1.nii.gz,bone/bone,hypertrophic osteophytic tapering
train_143_a_1.nii.gz,bone/bone/vertebrae,hypertrophic osteophytic tapering
train_143_a_1.nii.gz,thyroid,"millimetric calcific foci, plunging extension"
train_143_a_1.nii.gz,thyroid/thyroid,"millimetric calcific foci, plunging extension"
train_143_a_1.nii.gz,thyroid/thyroid/thyroid gland,plunging extension
train_143_a_1.nii.gz,thyroid/thyroid/thyroid gland/left thyroid,plunging extension
train_143_a_1.nii.gz,abdomen,"calcific atheroma plaques, cyst, fluid attenuation, hyperdense findings, stones"
train_143_a_1.nii.gz,abdomen/abdomen,"calcific atheroma plaques, cyst, fluid attenuation, hyperdense findings, stones"
train_143_a_1.nii.gz,abdomen/abdomen/aorta,calcific atheroma plaques
train_143_a_1.nii.gz,abdomen/abdomen/gallbladder,"hyperdense findings, stones"
train_143_a_1.nii.gz,abdomen/abdomen/liver,"fluid attenuation, cyst"
train_143_a_1.nii.gz,others,effusions
train_143_a_1.nii.gz,others/thoracic cavity,effusions
train_86_c_1.nii.gz,heart,"density, heart sizes"
train_86_c_1.nii.gz,heart/heart,"density, heart sizes"
train_86_c_1.nii.gz,pleura,subpleural bands
train_86_c_1.nii.gz,pleura/pleura,subpleural bands
train_86_c_1.nii.gz,bone,left-facing rotoscoliosis
train_86_c_1.nii.gz,bone/bone,left-facing rotoscoliosis
train_86_c_1.nii.gz,bone/bone/vertebrae,left-facing rotoscoliosis
train_86_c_1.nii.gz,bone/bone/vertebrae/thoracic vertebrae,left-facing rotoscoliosis
train_55_b_1.nii.gz,lung,"atelectatic changes, mild atelectatic changes, dependent atelectatic changes"
train_55_b_1.nii.gz,lung/lung,"atelectatic changes, mild atelectatic changes, dependent atelectatic changes"
train_55_b_1.nii.gz,lung/lung/left lung,"atelectatic changes, mild atelectatic changes"
train_55_b_1.nii.gz,lung/lung/left lung/left lung lower lobe,"atelectatic changes, mild atelectatic changes"
train_55_b_1.nii.gz,lung/lung/lung lower lobe,"dependent atelectatic changes, mild atelectatic changes, atelectatic changes"
train_55_b_1.nii.gz,lung/lung/lung lower lobe/left lung lower lobe,"atelectatic changes, mild atelectatic changes"
train_55_b_1.nii.gz,heart,pericardial effusion
train_55_b_1.nii.gz,heart/heart,pericardial effusion
train_55_b_1.nii.gz,heart/heart/heart tissue,pericardial effusion
train_3_b_1.nii.gz,lung,"millimetric nodules, pulmonary edema, pneumonic infiltrates, millimetric centriacinar nodules, interlobular septal thickenings, consolidations"
train_3_b_1.nii.gz,lung/lung,"millimetric nodules, pulmonary edema, pneumonic infiltrates, millimetric centriacinar nodules, interlobular septal thickenings, consolidations"
train_3_b_1.nii.gz,lung/lung/right lung,consolidations
train_3_b_1.nii.gz,lung/lung/right lung/right lung lower lobe,consolidations
train_3_b_1.nii.gz,lung/lung/right lung/right lung upper lobe,consolidations
train_3_b_1.nii.gz,lung/lung/lung lower lobe,consolidations
train_3_b_1.nii.gz,lung/lung/lung lower lobe/right lung lower lobe,consolidations
train_3_b_1.nii.gz,lung/lung/lung upper lobe,consolidations
train_3_b_1.nii.gz,lung/lung/lung upper lobe/right lung upper lobe,consolidations
train_3_b_1.nii.gz,mediastinum,"atheromatous plaques, lymph node, largest lymph node with short diameter of 15 mm"
train_3_b_1.nii.gz,mediastinum/aorta,atheromatous plaques
train_3_b_1.nii.gz,mediastinum/mediastinal tissue,"lymph node, largest lymph node with short diameter of 15 mm"
train_3_b_1.nii.gz,heart,pericardial effusion
train_3_b_1.nii.gz,heart/heart,pericardial effusion
train_3_b_1.nii.gz,heart/heart/heart tissue,pericardial effusion
train_3_b_1.nii.gz,esophagus,occlusive hiatal hernia
train_3_b_1.nii.gz,esophagus/esophagus,occlusive hiatal hernia
train_3_b_1.nii.gz,pleura,"pulmonary edema, pleural effusion, bilateral pleural effusion"
train_3_b_1.nii.gz,pleura/pleura,"pulmonary edema, pleural effusion, bilateral pleural effusion"
train_3_b_1.nii.gz,abdomen,atheromatous plaques
train_3_b_1.nii.gz,abdomen/abdomen,atheromatous plaques
train_3_b_1.nii.gz,abdomen/abdomen/aorta,atheromatous plaques
train_147_a_1.nii.gz,lung,"millimetric nodules, pleuroparenchymal sequela fibrotic change, soft tissue density"
train_147_a_1.nii.gz,lung/lung,"millimetric nodules, pleuroparenchymal sequela fibrotic change, soft tissue density"
train_147_a_1.nii.gz,lung/lung/right lung,"soft tissue density, pleuroparenchymal sequela fibrotic change"
train_147_a_1.nii.gz,lung/lung/right lung/right lung upper lobe,"soft tissue density, pleuroparenchymal sequela fibrotic change"
train_147_a_1.nii.gz,lung/lung/lung upper lobe,"soft tissue density, pleuroparenchymal sequela fibrotic change"
train_147_a_1.nii.gz,lung/lung/lung upper lobe/right lung upper lobe,"soft tissue density, pleuroparenchymal sequela fibrotic change"
train_147_a_1.nii.gz,bone,"lytic bone lesions, metastases"
train_147_a_1.nii.gz,bone/bone,"lytic bone lesions, metastases"
train_147_a_1.nii.gz,bone/bone/vertebrae,lytic bone lesions
train_147_a_1.nii.gz,bone/bone/vertebrae/thoracic vertebrae,lytic bone lesions
train_147_a_1.nii.gz,bone/bone/vertebrae/lumbar vertebrae,lytic bone lesions
train_147_a_1.nii.gz,breast,nodular thickenings
train_147_a_1.nii.gz,breast/breast,nodular thickenings
train_147_a_1.nii.gz,abdomen,"liver parchymal density, adiposity"
train_147_a_1.nii.gz,abdomen/abdomen,"liver parchymal density, adiposity"
train_147_a_1.nii.gz,abdomen/abdomen/liver,"liver parchymal density, adiposity"
train_41_a_1.nii.gz,lung,parenchymal nodule
train_41_a_1.nii.gz,lung/lung,parenchymal nodule
train_41_a_1.nii.gz,lung/lung/right lung,parenchymal nodule
train_41_a_1.nii.gz,lung/lung/right lung/right lung lower lobe,parenchymal nodule
train_41_a_1.nii.gz,lung/lung/lung lower lobe,parenchymal nodule
train_41_a_1.nii.gz,lung/lung/lung lower lobe/right lung lower lobe,parenchymal nodule
train_41_a_1.nii.gz,mediastinum,triangular density
train_41_a_1.nii.gz,mediastinum/mediastinal tissue,triangular density
train_41_a_1.nii.gz,pleura,"focal pleural thickening, pleuroparachymal sequelae densities, post-operative changes, parenchymal distortion"
train_41_a_1.nii.gz,pleura/pleura,"focal pleural thickening, pleuroparachymal sequelae densities, post-operative changes, parenchymal distortion"
train_41_a_1.nii.gz,bone,post-op fractures
train_41_a_1.nii.gz,bone/bone,post-op fractures
train_41_a_1.nii.gz,bone/bone/rib,post-op fractures
train_41_a_1.nii.gz,bone/bone/rib/right rib,post-op fractures
train_41_a_1.nii.gz,bone/bone/rib/right rib/right rib 8,post-op fractures
train_41_a_1.nii.gz,bone/bone/rib/right rib/right rib 9,post-op fractures
train_41_a_1.nii.gz,bone/bone/rib/rib 8,post-op fractures
train_41_a_1.nii.gz,bone/bone/rib/rib 8/right rib 8,post-op fractures
train_41_a_1.nii.gz,bone/bone/rib/rib 9,post-op fractures
train_41_a_1.nii.gz,bone/bone/rib/rib 9/right rib 9,post-op fractures
train_16_b_1.nii.gz,lung,"pneumonic infiltration, ground glass density, new metastatic lesions, asymmetric parenchymal infiltration areas, covid pneumonia"
train_16_b_1.nii.gz,lung/lung,"pneumonic infiltration, ground glass density, new metastatic lesions, asymmetric parenchymal infiltration areas, covid pneumonia"
train_16_b_1.nii.gz,trachea and bronchie,compression
train_16_b_1.nii.gz,trachea and bronchie/bronchie,compression
train_16_b_1.nii.gz,mediastinum,"metastatic lymph nodes in the mediastinum, metastatic lymph nodes lateral to the right axilla pectoralis minor muscle, metastatic lymph nodes in the supraclavicular fossa"
train_16_b_1.nii.gz,mediastinum/mediastinal tissue,"metastatic lymph nodes in the mediastinum, metastatic lymph nodes lateral to the right axilla pectoralis minor muscle, metastatic lymph nodes in the supraclavicular fossa"
train_16_b_1.nii.gz,pleura,pleural effusion
train_16_b_1.nii.gz,pleura/pleura,pleural effusion
train_16_b_1.nii.gz,bone,bone metastases
train_16_b_1.nii.gz,bone/bone,bone metastases
train_16_b_1.nii.gz,abdomen,"liver size, metastatic lesions"
train_16_b_1.nii.gz,abdomen/abdomen,"liver size, metastatic lesions"
train_16_b_1.nii.gz,abdomen/abdomen/liver,"liver size, metastatic lesions"
train_48_a_1.nii.gz,lung,"lung parenchyma involvement, covid infection"
train_48_a_1.nii.gz,lung/lung,"lung parenchyma involvement, covid infection"
train_48_a_1.nii.gz,mediastinum,"lymph node, mild effusion"
train_48_a_1.nii.gz,mediastinum/aorta,mild effusion
train_48_a_1.nii.gz,mediastinum/mediastinal tissue,lymph node
train_48_a_1.nii.gz,esophagus,sliding type hiatal hernia
train_48_a_1.nii.gz,esophagus/esophagus,sliding type hiatal hernia
train_48_a_1.nii.gz,pleura,"ground glass density, septal thickness"
train_48_a_1.nii.gz,pleura/pleura,"ground glass density, septal thickness"
train_48_a_1.nii.gz,abdomen,mild effusion
train_48_a_1.nii.gz,abdomen/abdomen,mild effusion
train_48_a_1.nii.gz,abdomen/abdomen/aorta,mild effusion
train_64_a_1.nii.gz,lung,"infective pathologies, bud-like centracinar nodular ground glass densities, area of increase in density, linear atelectasis"
train_64_a_1.nii.gz,lung/lung,"infective pathologies, bud-like centracinar nodular ground glass densities, area of increase in density, linear atelectasis"
train_64_a_1.nii.gz,lung/lung/left lung,"area of increase in density, linear atelectasis"
train_64_a_1.nii.gz,lung/lung/left lung/left lung lower lobe,"area of increase in density, linear atelectasis"
train_64_a_1.nii.gz,lung/lung/right lung,"infective pathologies, bud-like centracinar nodular ground glass densities"
train_64_a_1.nii.gz,lung/lung/right lung/right lung upper lobe,"infective pathologies, bud-like centracinar nodular ground glass densities"
train_64_a_1.nii.gz,lung/lung/lung lower lobe,"area of increase in density, linear atelectasis"
train_64_a_1.nii.gz,lung/lung/lung lower lobe/left lung lower lobe,"area of increase in density, linear atelectasis"
train_64_a_1.nii.gz,lung/lung/lung upper lobe,"infective pathologies, bud-like centracinar nodular ground glass densities"
train_64_a_1.nii.gz,lung/lung/lung upper lobe/right lung upper lobe,"infective pathologies, bud-like centracinar nodular ground glass densities"
train_64_a_1.nii.gz,heart,effusion
train_64_a_1.nii.gz,heart/heart,effusion
train_64_a_1.nii.gz,heart/heart/heart tissue,effusion
train_64_a_1.nii.gz,abdomen,crf
train_64_a_1.nii.gz,abdomen/abdomen,crf
train_64_a_1.nii.gz,abdomen/abdomen/kidney,crf
train_104_a_1.nii.gz,lung,"nodules, consolidation area, partially calcific appearance, partially consolidated air bronchograms, diffuse metastases, new finding, ground-glass-like density increase, progression, lymph nodes with a partially calcific appearance"
train_104_a_1.nii.gz,lung/lung,"nodules, consolidation area, partially calcific appearance, partially consolidated air bronchograms, diffuse metastases, new finding, ground-glass-like density increase, progression, lymph nodes with a partially calcific appearance"
train_104_a_1.nii.gz,lung/lung/right lung,"consolidation area, ground-glass-like density increase, partially consolidated air bronchograms"
train_104_a_1.nii.gz,lung/lung/right lung/right lung lower lobe,"ground-glass-like density increase, partially consolidated air bronchograms"
train_104_a_1.nii.gz,lung/lung/right lung/right lung upper lobe,consolidation area
train_104_a_1.nii.gz,lung/lung/lung lower lobe,"ground-glass-like density increase, partially consolidated air bronchograms"
train_104_a_1.nii.gz,lung/lung/lung lower lobe/right lung lower lobe,"ground-glass-like density increase, partially consolidated air bronchograms"
train_104_a_1.nii.gz,lung/lung/lung upper lobe,consolidation area
train_104_a_1.nii.gz,lung/lung/lung upper lobe/right lung upper lobe,consolidation area
train_104_a_1.nii.gz,trachea and bronchie,"compression in the bronchial structures, lymph nodes-masses at the hilar level, compression"
train_104_a_1.nii.gz,trachea and bronchie/bronchie,"compression in the bronchial structures, lymph nodes-masses at the hilar level, compression"
train_104_a_1.nii.gz,mediastinum,"largest lymph node at the level of the renal hilus with unclear size evaluation due to inability to distinguish from surrounding soft tissue planes in the non-contrast examination, Multiple lymph nodes with a partially calcified appearance, multiple lymph nodes in the mediastinum, progressed in size and number, largest ones in the subcarinal area"
train_104_a_1.nii.gz,mediastinum/aorta,"Multiple lymph nodes with a partially calcified appearance, largest lymph node at the level of the renal hilus with unclear size evaluation due to inability to distinguish from surrounding soft tissue planes in the non-contrast examination"
train_104_a_1.nii.gz,mediastinum/mediastinal tissue,"multiple lymph nodes in the mediastinum, progressed in size and number, largest ones in the subcarinal area"
train_104_a_1.nii.gz,heart,pericardial effusion
train_104_a_1.nii.gz,heart/heart,pericardial effusion
train_104_a_1.nii.gz,heart/heart/heart tissue,pericardial effusion
train_104_a_1.nii.gz,pleura,pleural effusion
train_104_a_1.nii.gz,pleura/pleura,pleural effusion
train_104_a_1.nii.gz,bone,"lymph nodes of approximately 30x27 mm in size with millimetric-amorphous calcifications, lymph nodes with a tendency to merge on top of each other in the left paracervical area in a superposed appearance, old fracture sequelae, degenerative changes, millimetric-amorphous calcifications"
train_104_a_1.nii.gz,bone/bone,"lymph nodes of approximately 30x27 mm in size with millimetric-amorphous calcifications, lymph nodes with a tendency to merge on top of each other in the left paracervical area in a superposed appearance, old fracture sequelae, degenerative changes, millimetric-amorphous calcifications"
train_104_a_1.nii.gz,bone/bone/vertebrae,"lymph nodes with a tendency to merge on top of each other in the left paracervical area in a superposed appearance, millimetric-amorphous calcifications, lymph nodes of approximately 30x27 mm in size with millimetric-amorphous calcifications"
train_104_a_1.nii.gz,bone/bone/vertebrae/cervical vertebrae,"lymph nodes with a tendency to merge on top of each other in the left paracervical area in a superposed appearance, millimetric-amorphous calcifications, lymph nodes of approximately 30x27 mm in size with millimetric-amorphous calcifications"
train_104_a_1.nii.gz,bone/bone/rib,old fracture sequelae
train_104_a_1.nii.gz,bone/bone/rib/right rib,old fracture sequelae
train_104_a_1.nii.gz,bone/bone/rib/right rib/right rib 10,old fracture sequelae
train_104_a_1.nii.gz,bone/bone/rib/rib 10,old fracture sequelae
train_104_a_1.nii.gz,bone/bone/rib/rib 10/right rib 10,old fracture sequelae
train_104_a_1.nii.gz,abdomen,"faceted stones, Multiple lymph nodes with a partially calcified appearance, largest lymph node at the level of the renal hilus with unclear size evaluation due to inability to distinguish from surrounding soft tissue planes in the non-contrast examination, nodular densities"
train_104_a_1.nii.gz,abdomen/abdomen,"faceted stones, Multiple lymph nodes with a partially calcified appearance, largest lymph node at the level of the renal hilus with unclear size evaluation due to inability to distinguish from surrounding soft tissue planes in the non-contrast examination, nodular densities"
train_104_a_1.nii.gz,abdomen/abdomen/abdominal tissue,faceted stones
train_104_a_1.nii.gz,abdomen/abdomen/adrenal gland,nodular densities
train_104_a_1.nii.gz,abdomen/abdomen/adrenal gland/left adrenal gland,nodular densities
train_104_a_1.nii.gz,abdomen/abdomen/aorta,"Multiple lymph nodes with a partially calcified appearance, largest lymph node at the level of the renal hilus with unclear size evaluation due to inability to distinguish from surrounding soft tissue planes in the non-contrast examination"
train_104_a_1.nii.gz,abdomen/abdomen/gallbladder,faceted stones
train_104_a_1.nii.gz,abdomen/abdomen/kidney,"Multiple lymph nodes with a partially calcified appearance, largest lymph node at the level of the renal hilus with unclear size evaluation due to inability to distinguish from surrounding soft tissue planes in the non-contrast examination"
train_89_a_1.nii.gz,lung,"2 mm calcific millimetric nodule, calcific millimetric nodule"
train_89_a_1.nii.gz,lung/lung,"2 mm calcific millimetric nodule, calcific millimetric nodule"
train_89_a_1.nii.gz,lung/lung/right lung,"2 mm calcific millimetric nodule, calcific millimetric nodule"
train_89_a_1.nii.gz,lung/lung/right lung/right lung lower lobe,"2 mm calcific millimetric nodule, calcific millimetric nodule"
train_89_a_1.nii.gz,lung/lung/lung lower lobe,"2 mm calcific millimetric nodule, calcific millimetric nodule"
train_89_a_1.nii.gz,lung/lung/lung lower lobe/right lung lower lobe,"2 mm calcific millimetric nodule, calcific millimetric nodule"
train_89_a_1.nii.gz,heart,pericardial effusion
train_89_a_1.nii.gz,heart/heart,pericardial effusion
train_89_a_1.nii.gz,heart/heart/heart tissue,pericardial effusion
train_89_a_1.nii.gz,bone,left-facing scoliosis
train_89_a_1.nii.gz,bone/bone,left-facing scoliosis
train_89_a_1.nii.gz,bone/bone/vertebrae,left-facing scoliosis
train_89_a_1.nii.gz,bone/bone/vertebrae/thoracic vertebrae,left-facing scoliosis
train_86_b_1.nii.gz,lung,"involvement pattern, small vessel involvement, parenchymal ground-glass opacity, covid pandemic, nodular ground-glass opacity, cardiomegaly, density increases"
train_86_b_1.nii.gz,lung/lung,"involvement pattern, small vessel involvement, parenchymal ground-glass opacity, covid pandemic, nodular ground-glass opacity, cardiomegaly, density increases"
train_86_b_1.nii.gz,lung/lung/right lung,"parenchymal ground-glass opacity, nodular ground-glass opacity, density increases"
train_86_b_1.nii.gz,lung/lung/right lung/right lung lower lobe,"parenchymal ground-glass opacity, nodular ground-glass opacity, density increases"
train_86_b_1.nii.gz,lung/lung/lung lower lobe,"parenchymal ground-glass opacity, nodular ground-glass opacity, density increases"
train_86_b_1.nii.gz,lung/lung/lung lower lobe/right lung lower lobe,"parenchymal ground-glass opacity, nodular ground-glass opacity, density increases"
train_86_b_1.nii.gz,mediastinum,pulmonary hypertension
train_86_b_1.nii.gz,mediastinum/pulmonary artery,pulmonary hypertension
train_86_b_1.nii.gz,heart,"density of valved condulitis, valved condulitis, pericardial effusion, heart sizes"
train_86_b_1.nii.gz,heart/heart,"density of valved condulitis, valved condulitis, pericardial effusion, heart sizes"
train_86_b_1.nii.gz,heart/heart/heart tissue,pericardial effusion
train_109_a_1.nii.gz,lung,"foreign body, sequela parenchymal changes"
train_109_a_1.nii.gz,lung/lung,"foreign body, sequela parenchymal changes"
train_109_a_1.nii.gz,lung/lung/right lung,"foreign body, sequela parenchymal changes"
train_109_a_1.nii.gz,lung/lung/right lung/right lung upper lobe,"foreign body, sequela parenchymal changes"
train_109_a_1.nii.gz,lung/lung/lung upper lobe,"foreign body, sequela parenchymal changes"
train_109_a_1.nii.gz,lung/lung/lung upper lobe/right lung upper lobe,"foreign body, sequela parenchymal changes"
train_109_a_1.nii.gz,heart,"calcified atheroma plaques, effusion"
train_109_a_1.nii.gz,heart/heart,"calcified atheroma plaques, effusion"
train_109_a_1.nii.gz,heart/heart/heart tissue,"calcified atheroma plaques, effusion"
train_109_a_1.nii.gz,abdomen,hepatosteatosis
train_109_a_1.nii.gz,abdomen/abdomen,hepatosteatosis
train_109_a_1.nii.gz,abdomen/abdomen/liver,hepatosteatosis
train_13_a_1.nii.gz,heart,pericardial effusion
train_13_a_1.nii.gz,heart/heart,pericardial effusion
train_13_a_1.nii.gz,heart/heart/heart tissue,pericardial effusion
train_13_a_1.nii.gz,abdomen,hepatosteatosis
train_13_a_1.nii.gz,abdomen/abdomen,hepatosteatosis
train_13_a_1.nii.gz,abdomen/abdomen/liver,hepatosteatosis
train_26_a_1.nii.gz,lung,"subsegmental atelectasis, nonspecific nodule"
train_26_a_1.nii.gz,lung/lung,"subsegmental atelectasis, nonspecific nodule"
train_26_a_1.nii.gz,lung/lung/left lung,"subsegmental atelectasis, nonspecific nodule"
train_26_a_1.nii.gz,lung/lung/left lung/left lung upper lobe,"subsegmental atelectasis, nonspecific nodule"
train_26_a_1.nii.gz,lung/lung/right lung,"subsegmental atelectasis, nonspecific nodule"
train_26_a_1.nii.gz,lung/lung/lung lower lobe,"subsegmental atelectasis, nonspecific nodule"
train_26_a_1.nii.gz,lung/lung/lung upper lobe,"subsegmental atelectasis, nonspecific nodule"
train_26_a_1.nii.gz,lung/lung/lung upper lobe/left lung upper lobe,"subsegmental atelectasis, nonspecific nodule"
train_26_a_1.nii.gz,pleura,pleural effusion
train_26_a_1.nii.gz,pleura/pleura,pleural effusion
train_26_a_1.nii.gz,abdomen,"intra-abdominal effusion, hypodense lesions"
train_26_a_1.nii.gz,abdomen/abdomen,"intra-abdominal effusion, hypodense lesions"
train_26_a_1.nii.gz,abdomen/abdomen/abdominal tissue,intra-abdominal effusion
train_26_a_1.nii.gz,abdomen/abdomen/liver,hypodense lesions
train_34_a_1.nii.gz,lung,"pleuroparenchymal sequelae changes, millimetric nonspecific nodules, emphysematous changes, minimal bronchiectasis"
train_34_a_1.nii.gz,lung/lung,"pleuroparenchymal sequelae changes, millimetric nonspecific nodules, emphysematous changes, minimal bronchiectasis"
train_34_a_1.nii.gz,mediastinum,"atheroma plaques, lymphadenopathy"
train_34_a_1.nii.gz,mediastinum/aorta,atheroma plaques
train_34_a_1.nii.gz,mediastinum/mediastinal tissue,lymphadenopathy
train_34_a_1.nii.gz,heart,atheroma plaques
train_34_a_1.nii.gz,heart/heart,atheroma plaques
train_34_a_1.nii.gz,heart/heart/heart tissue,atheroma plaques
train_34_a_1.nii.gz,abdomen,atheroma plaques
train_34_a_1.nii.gz,abdomen/abdomen,atheroma plaques
train_34_a_1.nii.gz,abdomen/abdomen/aorta,atheroma plaques
train_52_a_1.nii.gz,lung,"space-occupying nodular lesions, parenchymal disease, fluid loculated, carcinomatous process"
train_52_a_1.nii.gz,lung/lung,"space-occupying nodular lesions, parenchymal disease, fluid loculated, carcinomatous process"
train_52_a_1.nii.gz,lung/lung/right lung,space-occupying nodular lesions
train_52_a_1.nii.gz,trachea and bronchie,"plunging nodule, breathing artifacts"
train_52_a_1.nii.gz,trachea and bronchie/trachea,"plunging nodule, breathing artifacts"
train_52_a_1.nii.gz,trachea and bronchie/bronchie,breathing artifacts
train_52_a_1.nii.gz,mediastinum,plunging nodule
train_52_a_1.nii.gz,mediastinum/mediastinal tissue,plunging nodule
train_52_a_1.nii.gz,heart,cardiothoracic index
train_52_a_1.nii.gz,heart/heart,cardiothoracic index
train_52_a_1.nii.gz,thyroid,hypertrophic
train_52_a_1.nii.gz,thyroid/thyroid,hypertrophic
train_52_a_1.nii.gz,abdomen,"fluid attenuation, cyst"
train_52_a_1.nii.gz,abdomen/abdomen,"fluid attenuation, cyst"
train_52_a_1.nii.gz,abdomen/abdomen/abdominal tissue,"fluid attenuation, cyst"
train_52_a_1.nii.gz,others,effusion
train_52_a_1.nii.gz,others/thoracic cavity,effusion
train_102_b_1.nii.gz,lung,"consolidation, pneumonic infiltration, multilobar indistinct ground glass, progression, covid-19 pneumonia"
train_102_b_1.nii.gz,lung/lung,"consolidation, pneumonic infiltration, multilobar indistinct ground glass, progression, covid-19 pneumonia"
train_11_a_1.nii.gz,lung,typical-probable covid
train_11_a_1.nii.gz,lung/lung,typical-probable covid
train_11_a_1.nii.gz,heart,pericardial effusion
train_11_a_1.nii.gz,heart/heart,pericardial effusion
train_11_a_1.nii.gz,heart/heart/heart tissue,pericardial effusion
train_11_a_1.nii.gz,pleura,"consolidation, patchy ground glass areas"
train_11_a_1.nii.gz,pleura/pleura,"consolidation, patchy ground glass areas"
train_29_a_1.nii.gz,lung,covid-19 pneumonia
train_29_a_1.nii.gz,lung/lung,covid-19 pneumonia
train_29_a_1.nii.gz,mediastinum,"ap diameter, millimetric lymph node, ap diameter of the ascending aorta"
train_29_a_1.nii.gz,mediastinum/aorta,"ap diameter, ap diameter of the ascending aorta"
train_29_a_1.nii.gz,mediastinum/mediastinal tissue,millimetric lymph node
train_29_a_1.nii.gz,pleura,consolidation areas
train_29_a_1.nii.gz,pleura/pleura,consolidation areas
train_29_a_1.nii.gz,abdomen,"ap diameter, ap diameter of the ascending aorta"
train_29_a_1.nii.gz,abdomen/abdomen,"ap diameter, ap diameter of the ascending aorta"
train_29_a_1.nii.gz,abdomen/abdomen/aorta,"ap diameter, ap diameter of the ascending aorta"
train_51_a_1.nii.gz,lung,"nodules, millimetric parenchymal nodules"
train_51_a_1.nii.gz,lung/lung,"nodules, millimetric parenchymal nodules"
train_51_a_1.nii.gz,lung/lung/left lung,millimetric parenchymal nodules
train_51_a_1.nii.gz,lung/lung/left lung/left lung lower lobe,millimetric parenchymal nodules
train_51_a_1.nii.gz,lung/lung/right lung,millimetric parenchymal nodules
train_51_a_1.nii.gz,lung/lung/right lung/right lung upper lobe,millimetric parenchymal nodules
train_51_a_1.nii.gz,lung/lung/lung lower lobe,millimetric parenchymal nodules
train_51_a_1.nii.gz,lung/lung/lung lower lobe/left lung lower lobe,millimetric parenchymal nodules
train_51_a_1.nii.gz,lung/lung/lung upper lobe,millimetric parenchymal nodules
train_51_a_1.nii.gz,lung/lung/lung upper lobe/right lung upper lobe,millimetric parenchymal nodules
train_51_a_1.nii.gz,heart,pericardial effusion
train_51_a_1.nii.gz,heart/heart,pericardial effusion
train_51_a_1.nii.gz,heart/heart/heart tissue,pericardial effusion
train_51_a_1.nii.gz,breast,"gynecomastia, soft tissue structures"
train_51_a_1.nii.gz,breast/breast,"gynecomastia, soft tissue structures"
train_51_a_1.nii.gz,abdomen,"metastasis, hypodense mass lesions"
train_51_a_1.nii.gz,abdomen/abdomen,"metastasis, hypodense mass lesions"
train_51_a_1.nii.gz,abdomen/abdomen/liver,"metastasis, hypodense mass lesions"
train_123_a_1.nii.gz,lung,"paraseptal emphysematous changes, mild paraseptal emphysematous changes"
train_123_a_1.nii.gz,lung/lung,"paraseptal emphysematous changes, mild paraseptal emphysematous changes"
train_123_a_1.nii.gz,heart,pericardial effusion
train_123_a_1.nii.gz,heart/heart,pericardial effusion
train_123_a_1.nii.gz,heart/heart/heart tissue,pericardial effusion
train_39_c_1.nii.gz,lung,nonspecific nodules
train_39_c_1.nii.gz,lung/lung,nonspecific nodules
train_39_c_1.nii.gz,heart,pericardial effusion
train_39_c_1.nii.gz,heart/heart,pericardial effusion
train_39_c_1.nii.gz,heart/heart/heart tissue,pericardial effusion
train_27_a_1.nii.gz,lung,covid-19 pneumonia
train_27_a_1.nii.gz,lung/lung,covid-19 pneumonia
train_27_a_1.nii.gz,heart,"pericardial effusion, wider than normal"
train_27_a_1.nii.gz,heart/heart,"pericardial effusion, wider than normal"
train_27_a_1.nii.gz,heart/heart/heart ascending aorta,wider than normal
train_27_a_1.nii.gz,heart/heart/heart tissue,pericardial effusion
train_113_a_1.nii.gz,lung,"nonspecific, nodule, emphysematous changes"
train_113_a_1.nii.gz,lung/lung,"nonspecific, nodule, emphysematous changes"
train_113_a_1.nii.gz,lung/lung/right lung,nodule
train_113_a_1.nii.gz,mediastinum,"largest lymph nodes with short diameter approximately 16 mm, lymph node, atheroma plaques, wider than normal, nonspecific appearance of described lymph nodes, lymph node with short diameter of 14 mm in the paratracheal area"
train_113_a_1.nii.gz,mediastinum/aorta,atheroma plaques
train_113_a_1.nii.gz,mediastinum/pulmonary artery,wider than normal
train_113_a_1.nii.gz,mediastinum/mediastinal tissue,"nonspecific appearance of described lymph nodes, largest lymph nodes with short diameter approximately 16 mm, lymph node, lymph node with short diameter of 14 mm in the paratracheal area"
train_113_a_1.nii.gz,heart,diffuse plaque
train_113_a_1.nii.gz,heart/heart,diffuse plaque
train_113_a_1.nii.gz,heart/heart/heart tissue,diffuse plaque
train_113_a_1.nii.gz,pleura,"interlobular septal thickening, dependent densities"
train_113_a_1.nii.gz,pleura/pleura,"interlobular septal thickening, dependent densities"
train_113_a_1.nii.gz,abdomen,"atheroma plaques, slight irregularity"
train_113_a_1.nii.gz,abdomen/abdomen,"atheroma plaques, slight irregularity"
train_113_a_1.nii.gz,abdomen/abdomen/aorta,atheroma plaques
train_113_a_1.nii.gz,abdomen/abdomen/liver,slight irregularity
train_136_a_1.nii.gz,heart,pericardial effusion
train_136_a_1.nii.gz,heart/heart,pericardial effusion
train_136_a_1.nii.gz,heart/heart/heart tissue,pericardial effusion
train_93_b_1.nii.gz,lung,fungal infections
train_93_b_1.nii.gz,lung/lung,fungal infections
train_93_b_1.nii.gz,heart,pericardial effusion
train_93_b_1.nii.gz,heart/heart,pericardial effusion
train_93_b_1.nii.gz,heart/heart/heart tissue,pericardial effusion
train_93_b_1.nii.gz,bone,hypertrophic osteophytic taperings
train_93_b_1.nii.gz,bone/bone,hypertrophic osteophytic taperings
train_93_b_1.nii.gz,bone/bone/vertebrae,hypertrophic osteophytic taperings
train_93_b_1.nii.gz,abdomen,"steatosis, steatosis in the liver parenchyma"
train_93_b_1.nii.gz,abdomen/abdomen,"steatosis, steatosis in the liver parenchyma"
train_93_b_1.nii.gz,abdomen/abdomen/liver,"steatosis, steatosis in the liver parenchyma"
train_141_a_1.nii.gz,lung,"covid-19 viral pneumonia, patchy ground glass densities"
train_141_a_1.nii.gz,lung/lung,"covid-19 viral pneumonia, patchy ground glass densities"
train_141_a_1.nii.gz,mediastinum,lymph node
train_141_a_1.nii.gz,mediastinum/mediastinal tissue,lymph node
train_141_a_1.nii.gz,heart,"calcific atheromatous plaques, pericardial effusion"
train_141_a_1.nii.gz,heart/heart,"calcific atheromatous plaques, pericardial effusion"
train_141_a_1.nii.gz,heart/heart/heart tissue,"calcific atheromatous plaques, pericardial effusion"
train_141_a_1.nii.gz,abdomen,cysts
train_141_a_1.nii.gz,abdomen/abdomen,cysts
train_141_a_1.nii.gz,abdomen/abdomen/kidney,cysts
train_96_a_1.nii.gz,lung,"peribronchial consolidations, band atelectasis, patchy ground glass densities"
train_96_a_1.nii.gz,lung/lung,"peribronchial consolidations, band atelectasis, patchy ground glass densities"
train_96_a_1.nii.gz,lung/lung/lung lower lobe,"peribronchial consolidations, band atelectasis, patchy ground glass densities"
train_96_a_1.nii.gz,mediastinum,calcific millimetric lymph nodes
train_96_a_1.nii.gz,mediastinum/mediastinal tissue,calcific millimetric lymph nodes
train_96_a_1.nii.gz,heart,pericardial effusion
train_96_a_1.nii.gz,heart/heart,pericardial effusion
train_96_a_1.nii.gz,heart/heart/heart tissue,pericardial effusion
train_96_a_1.nii.gz,abdomen,fatty hepatosteatosis
train_96_a_1.nii.gz,abdomen/abdomen,fatty hepatosteatosis
train_96_a_1.nii.gz,abdomen/abdomen/liver,fatty hepatosteatosis
train_97_a_1.nii.gz,heart,pericardial effusion
train_97_a_1.nii.gz,heart/heart,pericardial effusion
train_97_a_1.nii.gz,heart/heart/heart tissue,pericardial effusion
train_97_a_1.nii.gz,esophagus,hiatal hernia
train_97_a_1.nii.gz,esophagus/esophagus,hiatal hernia
train_97_a_1.nii.gz,bone,osteophytic tapering
train_97_a_1.nii.gz,bone/bone,osteophytic tapering
train_97_a_1.nii.gz,bone/bone/vertebrae,osteophytic tapering
train_97_a_1.nii.gz,bone/bone/vertebrae/thoracic vertebrae,osteophytic tapering
train_97_a_1.nii.gz,bone/bone/vertebrae/thoracic vertebrae/thoracic vertebrae 3 (t3),osteophytic tapering
train_97_a_1.nii.gz,bone/bone/vertebrae/thoracic vertebrae/thoracic vertebrae 4 (t4),osteophytic tapering
train_135_a_1.nii.gz,lung,"centriacinar emphysema, pulmonary nodules, air cysts"
train_135_a_1.nii.gz,lung/lung,"centriacinar emphysema, pulmonary nodules, air cysts"
train_135_a_1.nii.gz,mediastinum,"calcific atheroma plaques, calcific atheromatous plaques"
train_135_a_1.nii.gz,mediastinum/aorta,"calcific atheroma plaques, calcific atheromatous plaques"
train_135_a_1.nii.gz,heart,"pericardial effusion, increased"
train_135_a_1.nii.gz,heart/heart,"pericardial effusion, increased"
train_135_a_1.nii.gz,heart/heart/heart ascending aorta,increased
train_135_a_1.nii.gz,heart/heart/heart tissue,pericardial effusion
train_135_a_1.nii.gz,abdomen,"calcific atheroma plaques, calcific atheromatous plaques"
train_135_a_1.nii.gz,abdomen/abdomen,"calcific atheroma plaques, calcific atheromatous plaques"
train_135_a_1.nii.gz,abdomen/abdomen/aorta,"calcific atheroma plaques, calcific atheromatous plaques"
train_83_a_1.nii.gz,lung,"nodule, mild mosaic attenuation"
train_83_a_1.nii.gz,lung/lung,"nodule, mild mosaic attenuation"
train_83_a_1.nii.gz,esophagus,hiatal hernia
train_83_a_1.nii.gz,esophagus/esophagus,hiatal hernia
train_83_a_1.nii.gz,abdomen,mild hepatosteatosis
train_83_a_1.nii.gz,abdomen/abdomen,mild hepatosteatosis
train_83_a_1.nii.gz,abdomen/abdomen/liver,mild hepatosteatosis
train_108_a_1.nii.gz,lung,nonspecific nodules
train_108_a_1.nii.gz,lung/lung,nonspecific nodules
train_108_a_1.nii.gz,heart,pericardial effusion
train_108_a_1.nii.gz,heart/heart,pericardial effusion
train_108_a_1.nii.gz,heart/heart/heart tissue,pericardial effusion
train_8_b_1.nii.gz,lung,"nodules, focal consolidation area, nodule"
train_8_b_1.nii.gz,lung/lung,"nodules, focal consolidation area, nodule"
train_8_b_1.nii.gz,lung/lung/right lung,nodule
train_8_b_1.nii.gz,lung/lung/right lung/right lung lower lobe,nodule
train_8_b_1.nii.gz,lung/lung/lung lower lobe,"nodules, nodule"
train_8_b_1.nii.gz,lung/lung/lung lower lobe/right lung lower lobe,nodule
train_8_b_1.nii.gz,mediastinum,calcific atheroma plaques
train_8_b_1.nii.gz,mediastinum/aorta,calcific atheroma plaques
train_8_b_1.nii.gz,esophagus,hiatal hernia
train_8_b_1.nii.gz,esophagus/esophagus,hiatal hernia
train_8_b_1.nii.gz,pleura,"calcification, prominence"
train_8_b_1.nii.gz,pleura/pleura,"calcification, prominence"
train_8_b_1.nii.gz,bone,degenerative changes
train_8_b_1.nii.gz,bone/bone,degenerative changes
train_8_b_1.nii.gz,breast,"coarse calcification, calcifications, coarse-millimetric calcifications"
train_8_b_1.nii.gz,breast/breast,"coarse calcification, calcifications, coarse-millimetric calcifications"
train_8_b_1.nii.gz,breast/breast/left breast,coarse calcification
train_8_b_1.nii.gz,breast/breast/right breast,"calcifications, coarse-millimetric calcifications"
train_8_b_1.nii.gz,abdomen,calcific atheroma plaques
train_8_b_1.nii.gz,abdomen/abdomen,calcific atheroma plaques
train_8_b_1.nii.gz,abdomen/abdomen/aorta,calcific atheroma plaques
train_130_a_1.nii.gz,lung,"centracinar millimetric nodular densities, small vessel disease, small airway disease"
train_130_a_1.nii.gz,lung/lung,"centracinar millimetric nodular densities, small vessel disease, small airway disease"
train_130_a_1.nii.gz,lung/lung/lung upper lobe,centracinar millimetric nodular densities
train_122_c_1.nii.gz,lung,mass
train_122_c_1.nii.gz,lung/lung,mass
train_122_c_1.nii.gz,lung/lung/right lung,mass
train_122_c_1.nii.gz,lung/lung/right lung/right lung upper lobe,mass
train_122_c_1.nii.gz,lung/lung/lung upper lobe,mass
train_122_c_1.nii.gz,lung/lung/lung upper lobe/right lung upper lobe,mass
train_122_c_1.nii.gz,pleura,"consolidation, peripheral subpleural ground glass"
train_122_c_1.nii.gz,pleura/pleura,"consolidation, peripheral subpleural ground glass"
train_84_d_1.nii.gz,pleura,"viral pneumonia, subpleural ground-glass densities"
train_84_d_1.nii.gz,pleura/pleura,"viral pneumonia, subpleural ground-glass densities"
train_84_d_1.nii.gz,abdomen,"corrugated, chronic liver parenchymal disease, atrophic, free fluid"
train_84_d_1.nii.gz,abdomen/abdomen,"corrugated, chronic liver parenchymal disease, atrophic, free fluid"
train_84_d_1.nii.gz,abdomen/abdomen/abdominal tissue,free fluid
train_84_d_1.nii.gz,abdomen/abdomen/liver,"corrugated, chronic liver parenchymal disease, atrophic"
train_6_b_1.nii.gz,lung,"viral pneumonia, interlobular septal thickness increases, ground glass areas, calcific parenchymal metastases, air bronchograms, subsegmental atelectasis areas, subsegmental atelectasis"
train_6_b_1.nii.gz,lung/lung,"viral pneumonia, interlobular septal thickness increases, ground glass areas, calcific parenchymal metastases, air bronchograms, subsegmental atelectasis areas, subsegmental atelectasis"
train_6_b_1.nii.gz,lung/lung/left lung,calcific parenchymal metastases
train_6_b_1.nii.gz,lung/lung/left lung/left lung lower lobe,calcific parenchymal metastases
train_6_b_1.nii.gz,lung/lung/lung lower lobe,"interlobular septal thickness increases, ground glass areas, calcific parenchymal metastases, air bronchograms, subsegmental atelectasis areas, subsegmental atelectasis"
train_6_b_1.nii.gz,lung/lung/lung lower lobe/left lung lower lobe,calcific parenchymal metastases
train_6_b_1.nii.gz,mediastinum,calcific atheroma plaques
train_6_b_1.nii.gz,mediastinum/aorta,calcific atheroma plaques
train_6_b_1.nii.gz,abdomen,"hypodense lesion, calcific atheroma plaques"
train_6_b_1.nii.gz,abdomen/abdomen,"hypodense lesion, calcific atheroma plaques"
train_6_b_1.nii.gz,abdomen/abdomen/aorta,calcific atheroma plaques
train_6_b_1.nii.gz,abdomen/abdomen/liver,hypodense lesion
train_78_a_1.nii.gz,lung,"sequelae, pleuroparenchymal bands, paraseptal emphysematous changes"
train_78_a_1.nii.gz,lung/lung,"sequelae, pleuroparenchymal bands, paraseptal emphysematous changes"
train_78_a_1.nii.gz,lung/lung/lung upper lobe,"sequelae, pleuroparenchymal bands, paraseptal emphysematous changes"
train_84_b_1.nii.gz,pleura,"massive pleural effusion, atelectasis, pleural effusion"
train_84_b_1.nii.gz,pleura/pleura,"massive pleural effusion, atelectasis, pleural effusion"
train_84_b_1.nii.gz,abdomen,cirrhotic appearance
train_84_b_1.nii.gz,abdomen/abdomen,cirrhotic appearance
train_84_b_1.nii.gz,abdomen/abdomen/liver,cirrhotic appearance
train_63_a_1.nii.gz,lung,"parenchymal nodules, bula formations, bud branch appearance, pleuroparenchymal sequelae density, emphysematous changes, peribronchial thickening"
train_63_a_1.nii.gz,lung/lung,"parenchymal nodules, bula formations, bud branch appearance, pleuroparenchymal sequelae density, emphysematous changes, peribronchial thickening"
train_63_a_1.nii.gz,lung/lung/left lung,"bula formations, bud branch appearance, peribronchial thickening"
train_63_a_1.nii.gz,lung/lung/left lung/left lung upper lobe,"bula formations, bud branch appearance, peribronchial thickening"
train_63_a_1.nii.gz,lung/lung/lung lower lobe,"bud branch appearance, peribronchial thickening"
train_63_a_1.nii.gz,lung/lung/lung upper lobe,"bula formations, bud branch appearance, peribronchial thickening"
train_63_a_1.nii.gz,lung/lung/lung upper lobe/left lung upper lobe,"bula formations, bud branch appearance, peribronchial thickening"
train_63_a_1.nii.gz,mediastinum,"central fatty hilus in both axillary regions, lymph node, multiple lymph nodes measuring 19 mm in the short axis with thickened cortex, central fatty hilus, calcified atherosclerotic changes, mild calcified atherosclerotic changes"
train_63_a_1.nii.gz,mediastinum/aorta,"calcified atherosclerotic changes, mild calcified atherosclerotic changes"
train_63_a_1.nii.gz,mediastinum/mediastinal tissue,"multiple lymph nodes measuring 19 mm in the short axis with thickened cortex, central fatty hilus, central fatty hilus in both axillary regions, lymph node"
train_63_a_1.nii.gz,heart,slight dilatation
train_63_a_1.nii.gz,heart/heart,slight dilatation
train_63_a_1.nii.gz,heart/heart/heart ascending aorta,slight dilatation
train_63_a_1.nii.gz,esophagus,sliding type hiatal hernia
train_63_a_1.nii.gz,esophagus/esophagus,sliding type hiatal hernia
train_63_a_1.nii.gz,bone,degenerative changes
train_63_a_1.nii.gz,bone/bone,degenerative changes
train_63_a_1.nii.gz,abdomen,"calcified atherosclerotic changes, hypodense lesion, mild calcified atherosclerotic changes, calculus"
train_63_a_1.nii.gz,abdomen/abdomen,"calcified atherosclerotic changes, hypodense lesion, mild calcified atherosclerotic changes, calculus"
train_63_a_1.nii.gz,abdomen/abdomen/adrenal gland,hypodense lesion
train_63_a_1.nii.gz,abdomen/abdomen/adrenal gland/left adrenal gland,hypodense lesion
train_63_a_1.nii.gz,abdomen/abdomen/aorta,"calcified atherosclerotic changes, mild calcified atherosclerotic changes"
train_63_a_1.nii.gz,abdomen/abdomen/gallbladder,calculus
train_107_c_1.nii.gz,lung,"fungi, focal consolidation areas, ground glass densities, specific infections, consolidation area, ground glass, expanding ground glass densities, covid, nodular areas of consolidation"
train_107_c_1.nii.gz,lung/lung,"fungi, focal consolidation areas, ground glass densities, specific infections, consolidation area, ground glass, expanding ground glass densities, covid, nodular areas of consolidation"
train_107_c_1.nii.gz,lung/lung/right lung,"consolidation area, ground glass densities"
train_107_c_1.nii.gz,lung/lung/right lung/right lung lower lobe,"consolidation area, ground glass densities"
train_107_c_1.nii.gz,lung/lung/lung lower lobe,"consolidation area, ground glass densities"
train_107_c_1.nii.gz,lung/lung/lung lower lobe/right lung lower lobe,"consolidation area, ground glass densities"
train_107_c_1.nii.gz,heart,pericardial effusion
train_107_c_1.nii.gz,heart/heart,pericardial effusion
train_107_c_1.nii.gz,heart/heart/heart tissue,pericardial effusion
train_121_b_1.nii.gz,lung,"bullae, paraseptal emphysematous changes, atelectatic changes, nonspecific nodule, small bullae"
train_121_b_1.nii.gz,lung/lung,"bullae, paraseptal emphysematous changes, atelectatic changes, nonspecific nodule, small bullae"
train_121_b_1.nii.gz,lung/lung/right lung,nonspecific nodule
train_121_b_1.nii.gz,lung/lung/right lung/right lung upper lobe,nonspecific nodule
train_121_b_1.nii.gz,lung/lung/lung lower lobe,atelectatic changes
train_121_b_1.nii.gz,lung/lung/lung upper lobe,nonspecific nodule
train_121_b_1.nii.gz,lung/lung/lung upper lobe/right lung upper lobe,nonspecific nodule
train_121_b_1.nii.gz,heart,pericardial effusion
train_121_b_1.nii.gz,heart/heart,pericardial effusion
train_121_b_1.nii.gz,heart/heart/heart tissue,pericardial effusion
train_121_b_1.nii.gz,thyroid,calcific nodule
train_121_b_1.nii.gz,thyroid/thyroid,calcific nodule
train_121_b_1.nii.gz,thyroid/thyroid/thyroid gland,calcific nodule
train_121_b_1.nii.gz,thyroid/thyroid/thyroid gland/right thyroid,calcific nodule
train_58_a_1.nii.gz,lung,"sequelae changes, pleuroparenchymal sequelae changes"
train_58_a_1.nii.gz,lung/lung,"sequelae changes, pleuroparenchymal sequelae changes"
train_58_a_1.nii.gz,lung/lung/right lung,"pleuroparenchymal sequelae changes, sequelae changes"
train_58_a_1.nii.gz,lung/lung/right lung/right lung lower lobe,pleuroparenchymal sequelae changes
train_58_a_1.nii.gz,lung/lung/right lung/right lung upper lobe,"sequelae changes, pleuroparenchymal sequelae changes"
train_58_a_1.nii.gz,lung/lung/lung lower lobe,"sequelae changes, pleuroparenchymal sequelae changes"
train_58_a_1.nii.gz,lung/lung/lung lower lobe/right lung lower lobe,pleuroparenchymal sequelae changes
train_58_a_1.nii.gz,lung/lung/lung upper lobe,"sequelae changes, pleuroparenchymal sequelae changes"
train_58_a_1.nii.gz,lung/lung/lung upper lobe/right lung upper lobe,"sequelae changes, pleuroparenchymal sequelae changes"
train_58_a_1.nii.gz,mediastinum,"calcific atheroma plaques, lymph nodes of approximately 15x11 mm, partially calcified lymph nodes, lymph nodes in the mediastinum and both hilar levels, partially calcified appearance"
train_58_a_1.nii.gz,mediastinum/aorta,calcific atheroma plaques
train_58_a_1.nii.gz,mediastinum/mediastinal tissue,"lymph nodes of approximately 15x11 mm, partially calcified lymph nodes, partially calcified appearance, lymph nodes in the mediastinum and both hilar levels"
train_58_a_1.nii.gz,mediastinum/subclavian artery,calcific atheroma plaques
train_58_a_1.nii.gz,heart,calcification
train_58_a_1.nii.gz,heart/heart,calcification
train_58_a_1.nii.gz,esophagus,"hiatal hernia, mild hiatal hernia"
train_58_a_1.nii.gz,esophagus/esophagus,"hiatal hernia, mild hiatal hernia"
train_58_a_1.nii.gz,pleura,calcific 2-3 mm diameter nonspecific nodules
train_58_a_1.nii.gz,pleura/pleura,calcific 2-3 mm diameter nonspecific nodules
train_58_a_1.nii.gz,bone,"mild scoliosis, dish, degenerative changes"
train_58_a_1.nii.gz,bone/bone,"mild scoliosis, dish, degenerative changes"
train_58_a_1.nii.gz,bone/bone/vertebrae,mild scoliosis
train_58_a_1.nii.gz,bone/bone/vertebrae/thoracic vertebrae,mild scoliosis
train_58_a_1.nii.gz,abdomen,"decrease in density consistent with steatosis, calcific atheroma plaques, cholelithiasis, nodular density"
train_58_a_1.nii.gz,abdomen/abdomen,"decrease in density consistent with steatosis, calcific atheroma plaques, cholelithiasis, nodular density"
train_58_a_1.nii.gz,abdomen/abdomen/aorta,calcific atheroma plaques
train_58_a_1.nii.gz,abdomen/abdomen/gallbladder,cholelithiasis
train_58_a_1.nii.gz,abdomen/abdomen/liver,decrease in density consistent with steatosis
train_58_a_1.nii.gz,abdomen/abdomen/spleen,nodular density
train_17_a_1.nii.gz,lung,"covid-19 viral pneumonia, infectious process"
train_17_a_1.nii.gz,lung/lung,"covid-19 viral pneumonia, infectious process"
train_17_a_1.nii.gz,heart,pericardial effusion
train_17_a_1.nii.gz,heart/heart,pericardial effusion
train_17_a_1.nii.gz,heart/heart/heart tissue,pericardial effusion
train_17_a_1.nii.gz,abdomen,hepatosteatosis
train_17_a_1.nii.gz,abdomen/abdomen,hepatosteatosis
train_17_a_1.nii.gz,abdomen/abdomen/liver,hepatosteatosis
train_110_a_1.nii.gz,lung,"sequelae fibrotic sequelae changes, air cyst, emphysema"
train_110_a_1.nii.gz,lung/lung,"sequelae fibrotic sequelae changes, air cyst, emphysema"
train_110_a_1.nii.gz,lung/lung/left lung,air cyst
train_110_a_1.nii.gz,lung/lung/lung upper lobe,emphysema
train_110_a_1.nii.gz,heart,pericardial effusion
train_110_a_1.nii.gz,heart/heart,pericardial effusion
train_110_a_1.nii.gz,heart/heart/heart tissue,pericardial effusion
train_110_a_1.nii.gz,others,increase in anteroposterior diameter
train_110_a_1.nii.gz,others/thoracic cavity,increase in anteroposterior diameter
train_118_a_1.nii.gz,lung,"mosaic attenuation pattern, pleuroparenchymal sequelae changes"
train_118_a_1.nii.gz,lung/lung,"mosaic attenuation pattern, pleuroparenchymal sequelae changes"
train_118_a_1.nii.gz,lung/lung/left lung,pleuroparenchymal sequelae changes
train_118_a_1.nii.gz,lung/lung/left lung/left lung lower lobe,pleuroparenchymal sequelae changes
train_118_a_1.nii.gz,lung/lung/left lung/left lung upper lobe,pleuroparenchymal sequelae changes
train_118_a_1.nii.gz,lung/lung/right lung,pleuroparenchymal sequelae changes
train_118_a_1.nii.gz,lung/lung/right lung/right lung middle lobe,pleuroparenchymal sequelae changes
train_118_a_1.nii.gz,lung/lung/lung lower lobe,pleuroparenchymal sequelae changes
train_118_a_1.nii.gz,lung/lung/lung lower lobe/left lung lower lobe,pleuroparenchymal sequelae changes
train_118_a_1.nii.gz,lung/lung/lung upper lobe,pleuroparenchymal sequelae changes
train_118_a_1.nii.gz,lung/lung/lung upper lobe/left lung upper lobe,pleuroparenchymal sequelae changes
train_118_a_1.nii.gz,heart,pericardial effusion
train_118_a_1.nii.gz,heart/heart,pericardial effusion
train_118_a_1.nii.gz,heart/heart/heart tissue,pericardial effusion
train_118_a_1.nii.gz,esophagus,sliding type hiatal hernia
train_118_a_1.nii.gz,esophagus/esophagus,sliding type hiatal hernia
train_39_a_1.nii.gz,lung,"calcified nonspecific parenchymal nodules, parenchymal nodules"
train_39_a_1.nii.gz,lung/lung,"calcified nonspecific parenchymal nodules, parenchymal nodules"
train_39_a_1.nii.gz,bone,"air images, edema-inflammation, density increases"
train_39_a_1.nii.gz,bone/bone,"air images, edema-inflammation, density increases"
train_39_a_1.nii.gz,bone/bone/vertebrae,"air images, edema-inflammation, density increases"
train_39_a_1.nii.gz,bone/bone/vertebrae/cervical vertebrae,"air images, edema-inflammation, density increases"
train_43_a_1.nii.gz,lung,"pleuroparenchymal sequelae density increases, nonspecific parenchymal nodules"
train_43_a_1.nii.gz,lung/lung,"pleuroparenchymal sequelae density increases, nonspecific parenchymal nodules"
train_43_a_1.nii.gz,lung/lung/right lung,"pleuroparenchymal sequelae density increases, nonspecific parenchymal nodules"
train_43_a_1.nii.gz,lung/lung/right lung/right lung upper lobe,nonspecific parenchymal nodules
train_43_a_1.nii.gz,lung/lung/lung upper lobe,nonspecific parenchymal nodules
train_43_a_1.nii.gz,lung/lung/lung upper lobe/right lung upper lobe,nonspecific parenchymal nodules
train_56_a_1.nii.gz,lung,"patchy ground glass-consolidation areas, covid-19 pneumonia"
train_56_a_1.nii.gz,lung/lung,"patchy ground glass-consolidation areas, covid-19 pneumonia"
train_56_a_1.nii.gz,heart,pericardial effusion
train_56_a_1.nii.gz,heart/heart,pericardial effusion
train_56_a_1.nii.gz,heart/heart/heart tissue,pericardial effusion
train_134_a_1.nii.gz,lung,"parenchymal nodules, linear pleuroparenchymal fibroatelectasis sequelae changes"
train_134_a_1.nii.gz,lung/lung,"parenchymal nodules, linear pleuroparenchymal fibroatelectasis sequelae changes"
train_134_a_1.nii.gz,lung/lung/left lung,linear pleuroparenchymal fibroatelectasis sequelae changes
train_134_a_1.nii.gz,lung/lung/left lung/left lung lower lobe,linear pleuroparenchymal fibroatelectasis sequelae changes
train_134_a_1.nii.gz,lung/lung/left lung/left lung upper lobe,linear pleuroparenchymal fibroatelectasis sequelae changes
train_134_a_1.nii.gz,lung/lung/right lung,linear pleuroparenchymal fibroatelectasis sequelae changes
train_134_a_1.nii.gz,lung/lung/lung lower lobe,linear pleuroparenchymal fibroatelectasis sequelae changes
train_134_a_1.nii.gz,lung/lung/lung lower lobe/left lung lower lobe,linear pleuroparenchymal fibroatelectasis sequelae changes
train_134_a_1.nii.gz,lung/lung/lung upper lobe,linear pleuroparenchymal fibroatelectasis sequelae changes
train_134_a_1.nii.gz,lung/lung/lung upper lobe/left lung upper lobe,linear pleuroparenchymal fibroatelectasis sequelae changes
train_134_a_1.nii.gz,heart,pericardial effusion
train_134_a_1.nii.gz,heart/heart,pericardial effusion
train_134_a_1.nii.gz,heart/heart/heart tissue,pericardial effusion
train_4_a_1.nii.gz,lung,nonspecific parenchymal nodules
train_4_a_1.nii.gz,lung/lung,nonspecific parenchymal nodules
train_4_a_1.nii.gz,lung/lung/left lung,nonspecific parenchymal nodules
train_4_a_1.nii.gz,lung/lung/left lung/left lung lower lobe,nonspecific parenchymal nodules
train_4_a_1.nii.gz,lung/lung/lung lower lobe,nonspecific parenchymal nodules
train_4_a_1.nii.gz,lung/lung/lung lower lobe/left lung lower lobe,nonspecific parenchymal nodules
train_4_a_1.nii.gz,heart,pericardial effusion
train_4_a_1.nii.gz,heart/heart,pericardial effusion
train_4_a_1.nii.gz,heart/heart/heart tissue,pericardial effusion
train_4_a_1.nii.gz,pleura,"pleural thickening, pleuroparenchymal sequela fibrotic density increases, pleuroparenchymal sequela fibrotic density"
train_4_a_1.nii.gz,pleura/pleura,"pleural thickening, pleuroparenchymal sequela fibrotic density increases, pleuroparenchymal sequela fibrotic density"
train_4_a_1.nii.gz,bone,osteopenia
train_4_a_1.nii.gz,bone/bone,osteopenia
train_4_a_1.nii.gz,bone/bone/vertebrae,osteopenia
train_4_a_1.nii.gz,bone/bone/vertebrae/thoracic vertebrae,osteopenia
train_87_a_1.nii.gz,lung,"ground-glass nodule, mild emphysema"
train_87_a_1.nii.gz,lung/lung,"ground-glass nodule, mild emphysema"
train_87_a_1.nii.gz,lung/lung/left lung,ground-glass nodule
train_87_a_1.nii.gz,lung/lung/left lung/left lung lower lobe,ground-glass nodule
train_87_a_1.nii.gz,lung/lung/lung lower lobe,ground-glass nodule
train_87_a_1.nii.gz,lung/lung/lung lower lobe/left lung lower lobe,ground-glass nodule
train_87_a_1.nii.gz,mediastinum,calcific atheroma plaques
train_87_a_1.nii.gz,mediastinum/aorta,calcific atheroma plaques
train_87_a_1.nii.gz,bone,mild degenerative changes
train_87_a_1.nii.gz,bone/bone,mild degenerative changes
train_87_a_1.nii.gz,abdomen,calcific atheroma plaques
train_87_a_1.nii.gz,abdomen/abdomen,calcific atheroma plaques
train_87_a_1.nii.gz,abdomen/abdomen/aorta,calcific atheroma plaques
train_31_a_1.nii.gz,lung,"subsegmental atelectasis, emphysematous changes, subsegmental atelectatic changes"
train_31_a_1.nii.gz,lung/lung,"subsegmental atelectasis, emphysematous changes, subsegmental atelectatic changes"
train_31_a_1.nii.gz,lung/lung/left lung,subsegmental atelectatic changes
train_31_a_1.nii.gz,lung/lung/left lung/left lung lower lobe,subsegmental atelectatic changes
train_31_a_1.nii.gz,lung/lung/right lung,subsegmental atelectasis
train_31_a_1.nii.gz,lung/lung/lung lower lobe,subsegmental atelectatic changes
train_31_a_1.nii.gz,lung/lung/lung lower lobe/left lung lower lobe,subsegmental atelectatic changes
train_70_a_1.nii.gz,lung,"air bronchograms, consolidation, emphysematous changes, bacterial pneumonia"
train_70_a_1.nii.gz,lung/lung,"air bronchograms, consolidation, emphysematous changes, bacterial pneumonia"
train_70_a_1.nii.gz,lung/lung/right lung,"consolidation, air bronchograms"
train_70_a_1.nii.gz,lung/lung/right lung/right lung lower lobe,"consolidation, air bronchograms"
train_70_a_1.nii.gz,lung/lung/lung lower lobe,"consolidation, air bronchograms"
train_70_a_1.nii.gz,lung/lung/lung lower lobe/right lung lower lobe,"consolidation, air bronchograms"
train_68_a_1.nii.gz,lung,"ground-glass nodules, atypical infiltration areas, lung parenchyma involvement, covid infection"
train_68_a_1.nii.gz,lung/lung,"ground-glass nodules, atypical infiltration areas, lung parenchyma involvement, covid infection"
train_68_a_1.nii.gz,heart,pericardial effusion
train_68_a_1.nii.gz,heart/heart,pericardial effusion
train_68_a_1.nii.gz,heart/heart/heart tissue,pericardial effusion
train_117_a_1.nii.gz,lung,"passive atelectatic changes, stable millimetric nodule"
train_117_a_1.nii.gz,lung/lung,"passive atelectatic changes, stable millimetric nodule"
train_117_a_1.nii.gz,lung/lung/left lung,passive atelectatic changes
train_117_a_1.nii.gz,lung/lung/left lung/left lung upper lobe,passive atelectatic changes
train_117_a_1.nii.gz,lung/lung/right lung,"passive atelectatic changes, stable millimetric nodule"
train_117_a_1.nii.gz,lung/lung/lung upper lobe,passive atelectatic changes
train_117_a_1.nii.gz,lung/lung/lung upper lobe/left lung upper lobe,passive atelectatic changes
train_117_a_1.nii.gz,heart,pericardial effusion
train_117_a_1.nii.gz,heart/heart,pericardial effusion
train_117_a_1.nii.gz,heart/heart/heart tissue,pericardial effusion
train_117_a_1.nii.gz,esophagus,sliding type hiatal hernia
train_117_a_1.nii.gz,esophagus/esophagus,sliding type hiatal hernia
train_54_a_1.nii.gz,lung,"parenchymal sequelae bands, calcific nodule"
train_54_a_1.nii.gz,lung/lung,"parenchymal sequelae bands, calcific nodule"
train_54_a_1.nii.gz,lung/lung/left lung,parenchymal sequelae bands
train_54_a_1.nii.gz,lung/lung/left lung/left lung upper lobe,parenchymal sequelae bands
train_54_a_1.nii.gz,lung/lung/right lung,calcific nodule
train_54_a_1.nii.gz,lung/lung/right lung/right lung upper lobe,calcific nodule
train_54_a_1.nii.gz,lung/lung/lung upper lobe,"parenchymal sequelae bands, calcific nodule"
train_54_a_1.nii.gz,lung/lung/lung upper lobe/left lung upper lobe,parenchymal sequelae bands
train_54_a_1.nii.gz,lung/lung/lung upper lobe/right lung upper lobe,calcific nodule
train_54_a_1.nii.gz,heart,pericardial effusion
train_54_a_1.nii.gz,heart/heart,pericardial effusion
train_54_a_1.nii.gz,heart/heart/heart tissue,pericardial effusion
train_92_a_1.nii.gz,lung,"minimal atelectasis, peribronchial thickening, atelectasis, consolidation"
train_92_a_1.nii.gz,lung/lung,"minimal atelectasis, peribronchial thickening, atelectasis, consolidation"
train_92_a_1.nii.gz,lung/lung/left lung,"minimal atelectasis, atelectasis"
train_92_a_1.nii.gz,lung/lung/left lung/left lung lower lobe,"minimal atelectasis, atelectasis"
train_92_a_1.nii.gz,lung/lung/right lung,"consolidation, peribronchial thickening"
train_92_a_1.nii.gz,lung/lung/lung lower lobe,"minimal atelectasis, atelectasis"
train_92_a_1.nii.gz,lung/lung/lung lower lobe/left lung lower lobe,"minimal atelectasis, atelectasis"
train_92_a_1.nii.gz,mediastinum,"lymphadenopathy, millimetric lymph nodes"
train_92_a_1.nii.gz,mediastinum/mediastinal tissue,"lymphadenopathy, millimetric lymph nodes"
train_92_a_1.nii.gz,heart,"oval-shaped lesions, pericardial effusion, oval-shaped lesions with a short diameter of 9 mm in the pericardial fat pad adjacent to the right heart"
train_92_a_1.nii.gz,heart/heart,"oval-shaped lesions, pericardial effusion, oval-shaped lesions with a short diameter of 9 mm in the pericardial fat pad adjacent to the right heart"
train_92_a_1.nii.gz,heart/heart/heart tissue,"oval-shaped lesions, pericardial effusion, oval-shaped lesions with a short diameter of 9 mm in the pericardial fat pad adjacent to the right heart"
train_92_a_1.nii.gz,pleura,"atelectasis, pleural effusion"
train_92_a_1.nii.gz,pleura/pleura,"atelectasis, pleural effusion"
train_92_a_1.nii.gz,bone,"sclerotic bone lesions, primary disease, metastasis"
train_92_a_1.nii.gz,bone/bone,"sclerotic bone lesions, primary disease, metastasis"
train_92_a_1.nii.gz,abdomen,"intraabdominal minimal free fluid, metastases, hypodense lesions"
train_92_a_1.nii.gz,abdomen/abdomen,"intraabdominal minimal free fluid, metastases, hypodense lesions"
train_92_a_1.nii.gz,abdomen/abdomen/abdominal tissue,intraabdominal minimal free fluid
train_92_a_1.nii.gz,abdomen/abdomen/liver,"metastases, hypodense lesions"
train_51_b_1.nii.gz,lung,"pleuroparenchymal sequelae density increases, parenchymal nodules, subsegmental atelectatic changes"
train_51_b_1.nii.gz,lung/lung,"pleuroparenchymal sequelae density increases, parenchymal nodules, subsegmental atelectatic changes"
train_51_b_1.nii.gz,lung/lung/right lung,parenchymal nodules
train_51_b_1.nii.gz,lung/lung/right lung/right lung upper lobe,parenchymal nodules
train_51_b_1.nii.gz,lung/lung/lung lower lobe,parenchymal nodules
train_51_b_1.nii.gz,lung/lung/lung upper lobe,parenchymal nodules
train_51_b_1.nii.gz,lung/lung/lung upper lobe/right lung upper lobe,parenchymal nodules
train_51_b_1.nii.gz,mediastinum,lymphadenopathies
train_51_b_1.nii.gz,mediastinum/aorta,lymphadenopathies
train_51_b_1.nii.gz,pleura,parenchymal nodule
train_51_b_1.nii.gz,pleura/pleura,parenchymal nodule
train_51_b_1.nii.gz,bone,degenerative changes
train_51_b_1.nii.gz,bone/bone,degenerative changes
train_51_b_1.nii.gz,abdomen,"metastases, calculus, lymphadenopathies"
train_51_b_1.nii.gz,abdomen/abdomen,"metastases, calculus, lymphadenopathies"
train_51_b_1.nii.gz,abdomen/abdomen/aorta,lymphadenopathies
train_51_b_1.nii.gz,abdomen/abdomen/gallbladder,calculus
train_51_b_1.nii.gz,abdomen/abdomen/liver,metastases
train_73_a_1.nii.gz,heart,pericardial effusion
train_73_a_1.nii.gz,heart/heart,pericardial effusion
train_73_a_1.nii.gz,heart/heart/heart tissue,pericardial effusion
train_24_a_1.nii.gz,lung,"sequelae, atelectesis parenchyma areas, parenchymal change, emphysema"
train_24_a_1.nii.gz,lung/lung,"sequelae, atelectesis parenchyma areas, parenchymal change, emphysema"
train_24_a_1.nii.gz,lung/lung/lung lower lobe,atelectesis parenchyma areas
train_24_a_1.nii.gz,lung/lung/lung upper lobe,emphysema
train_24_a_1.nii.gz,mediastinum,calcified atherosclerotic plaques
train_24_a_1.nii.gz,mediastinum/aorta,calcified atherosclerotic plaques
train_24_a_1.nii.gz,heart,"pericardial effusion, lad calcified atherosclerotic plaques"
train_24_a_1.nii.gz,heart/heart,"pericardial effusion, lad calcified atherosclerotic plaques"
train_24_a_1.nii.gz,heart/heart/heart tissue,"pericardial effusion, lad calcified atherosclerotic plaques"
train_24_a_1.nii.gz,pleura,"increased nodular density, pleural parenchymal retraction, volume loss, traction bronchiectasis"
train_24_a_1.nii.gz,pleura/pleura,"increased nodular density, pleural parenchymal retraction, volume loss, traction bronchiectasis"
train_24_a_1.nii.gz,abdomen,calcified atherosclerotic plaques
train_24_a_1.nii.gz,abdomen/abdomen,calcified atherosclerotic plaques
train_24_a_1.nii.gz,abdomen/abdomen/aorta,calcified atherosclerotic plaques
train_9_a_1.nii.gz,lung,calcific nodules
train_9_a_1.nii.gz,lung/lung,calcific nodules
train_9_a_1.nii.gz,heart,pericardial effusion
train_9_a_1.nii.gz,heart/heart,pericardial effusion
train_9_a_1.nii.gz,heart/heart/heart tissue,pericardial effusion
train_125_a_1.nii.gz,lung,"specific infections, hyperdense appearances, atelectasis, budding tree appearances, mucus plugs, infective pathology, interlobular septal thickening, ground-glass areas, secretions, bronchiectasis, pathologies, infective pathologies, emphysematous changes, peribronchial thickening"
train_125_a_1.nii.gz,lung/lung,"specific infections, hyperdense appearances, atelectasis, budding tree appearances, mucus plugs, infective pathology, interlobular septal thickening, ground-glass areas, secretions, bronchiectasis, pathologies, infective pathologies, emphysematous changes, peribronchial thickening"
train_125_a_1.nii.gz,lung/lung/left lung,"interlobular septal thickening, ground-glass areas"
train_125_a_1.nii.gz,lung/lung/left lung/left lung upper lobe,"interlobular septal thickening, ground-glass areas"
train_125_a_1.nii.gz,lung/lung/lung lower lobe,"bronchiectasis, hyperdense appearances, peribronchial thickening"
train_125_a_1.nii.gz,lung/lung/lung upper lobe,"interlobular septal thickening, ground-glass areas"
train_125_a_1.nii.gz,lung/lung/lung upper lobe/left lung upper lobe,"interlobular septal thickening, ground-glass areas"
train_125_a_1.nii.gz,pleura,pleural effusion
train_125_a_1.nii.gz,pleura/pleura,pleural effusion
train_125_a_1.nii.gz,abdomen,larger than normal
train_125_a_1.nii.gz,abdomen/abdomen,larger than normal
train_125_a_1.nii.gz,abdomen/abdomen/liver,larger than normal
train_125_a_1.nii.gz,abdomen/abdomen/spleen,larger than normal
train_88_a_1.nii.gz,lung,"pleuroparenchymal sequelae changes, minimal bronchiectasis"
train_88_a_1.nii.gz,lung/lung,"pleuroparenchymal sequelae changes, minimal bronchiectasis"
train_88_a_1.nii.gz,mediastinum,"millimetric atheroma plaque, atheroma plaque"
train_88_a_1.nii.gz,mediastinum/aorta,"millimetric atheroma plaque, atheroma plaque"
train_88_a_1.nii.gz,bone,rotascoliosis
train_88_a_1.nii.gz,bone/bone,rotascoliosis
train_88_a_1.nii.gz,bone/bone/vertebrae,rotascoliosis
train_88_a_1.nii.gz,bone/bone/vertebrae/thoracic vertebrae,rotascoliosis
train_88_a_1.nii.gz,abdomen,"stone, millimetric atheroma plaque, atheroma plaque"
train_88_a_1.nii.gz,abdomen/abdomen,"stone, millimetric atheroma plaque, atheroma plaque"
train_88_a_1.nii.gz,abdomen/abdomen/aorta,"millimetric atheroma plaque, atheroma plaque"
train_88_a_1.nii.gz,abdomen/abdomen/kidney,stone
train_88_a_1.nii.gz,abdomen/abdomen/kidney/left kidney,stone
train_93_c_1.nii.gz,lung,"millimetric nodules, consolidation, ground-glass appearance, infected pathology, millimetric nodular lesion, lesion enlargement"
train_93_c_1.nii.gz,lung/lung,"millimetric nodules, consolidation, ground-glass appearance, infected pathology, millimetric nodular lesion, lesion enlargement"
train_93_c_1.nii.gz,lung/lung/left lung,"consolidation, ground-glass appearance, infected pathology, millimetric nodular lesion, lesion enlargement"
train_93_c_1.nii.gz,lung/lung/left lung/left lung lower lobe,"consolidation, ground-glass appearance, infected pathology, millimetric nodular lesion, lesion enlargement"
train_93_c_1.nii.gz,lung/lung/lung lower lobe,"consolidation, ground-glass appearance, infected pathology, millimetric nodular lesion, lesion enlargement"
train_93_c_1.nii.gz,lung/lung/lung lower lobe/left lung lower lobe,"consolidation, ground-glass appearance, infected pathology, millimetric nodular lesion, lesion enlargement"
train_76_a_1.nii.gz,lung,"mosaic attenuation pattern, infective-inflammatory processes, thickening, fibroatelectasis sequelae"
train_76_a_1.nii.gz,lung/lung,"mosaic attenuation pattern, infective-inflammatory processes, thickening, fibroatelectasis sequelae"
train_76_a_1.nii.gz,lung/lung/left lung,fibroatelectasis sequelae
train_76_a_1.nii.gz,lung/lung/right lung,fibroatelectasis sequelae
train_76_a_1.nii.gz,heart,effusion
train_76_a_1.nii.gz,heart/heart,effusion
train_76_a_1.nii.gz,heart/heart/heart tissue,effusion
train_76_a_1.nii.gz,pleura,"focal ground-glass densities, interlobar-interlobular septal thickening, effusion"
train_76_a_1.nii.gz,pleura/pleura,"focal ground-glass densities, interlobar-interlobular septal thickening, effusion"
train_76_a_1.nii.gz,bone,left-facing scoliosis
train_76_a_1.nii.gz,bone/bone,left-facing scoliosis
train_76_a_1.nii.gz,bone/bone/vertebrae,left-facing scoliosis
train_76_a_1.nii.gz,bone/bone/vertebrae/thoracic vertebrae,left-facing scoliosis
train_76_a_1.nii.gz,others,conglomerate lymphadenopathies
train_76_a_1.nii.gz,others/thoracic cavity,conglomerate lymphadenopathies
train_46_a_1.nii.gz,lung,nonspecific parenchymal nodules
train_46_a_1.nii.gz,lung/lung,nonspecific parenchymal nodules
train_46_a_1.nii.gz,lung/lung/right lung,nonspecific parenchymal nodules
train_46_a_1.nii.gz,lung/lung/right lung/right lung lower lobe,nonspecific parenchymal nodules
train_46_a_1.nii.gz,lung/lung/lung lower lobe,nonspecific parenchymal nodules
train_46_a_1.nii.gz,lung/lung/lung lower lobe/right lung lower lobe,nonspecific parenchymal nodules
train_46_a_1.nii.gz,mediastinum,calcified atheroma plaques
train_46_a_1.nii.gz,mediastinum/aorta,calcified atheroma plaques
train_46_a_1.nii.gz,heart,pericardial effusion
train_46_a_1.nii.gz,heart/heart,pericardial effusion
train_46_a_1.nii.gz,heart/heart/heart tissue,pericardial effusion
train_46_a_1.nii.gz,pleura,sequelae thickening
train_46_a_1.nii.gz,pleura/pleura,sequelae thickening
train_46_a_1.nii.gz,bone,osteodegenerative changes
train_46_a_1.nii.gz,bone/bone,osteodegenerative changes
train_46_a_1.nii.gz,abdomen,"calcified atheroma plaques, periportal edema"
train_46_a_1.nii.gz,abdomen/abdomen,"calcified atheroma plaques, periportal edema"
train_46_a_1.nii.gz,abdomen/abdomen/aorta,calcified atheroma plaques
train_46_a_1.nii.gz,abdomen/abdomen/liver,periportal edema
train_46_a_1.nii.gz,abdomen/abdomen/liver/liver vessel,periportal edema
train_140_a_1.nii.gz,lung,"collapsed, changes consistent with pleuroparenchymal sequelae, wide pneumothorax appearance, air bubbles"
train_140_a_1.nii.gz,lung/lung,"collapsed, changes consistent with pleuroparenchymal sequelae, wide pneumothorax appearance, air bubbles"
train_140_a_1.nii.gz,lung/lung/left lung,changes consistent with pleuroparenchymal sequelae
train_140_a_1.nii.gz,lung/lung/left lung/left lung lower lobe,changes consistent with pleuroparenchymal sequelae
train_140_a_1.nii.gz,lung/lung/right lung,wide pneumothorax appearance
train_140_a_1.nii.gz,lung/lung/lung lower lobe,changes consistent with pleuroparenchymal sequelae
train_140_a_1.nii.gz,lung/lung/lung lower lobe/left lung lower lobe,changes consistent with pleuroparenchymal sequelae
train_140_a_1.nii.gz,esophagus,hiatal hernia
train_140_a_1.nii.gz,esophagus/esophagus,hiatal hernia
train_140_a_1.nii.gz,bone,degenerative changes
train_140_a_1.nii.gz,bone/bone,degenerative changes
train_140_a_1.nii.gz,breast,"breast tumor, post-op changes, skin-subcutaneous soft tissue planes"
train_140_a_1.nii.gz,breast/breast,"breast tumor, post-op changes, skin-subcutaneous soft tissue planes"
train_140_a_1.nii.gz,breast/breast/right breast,"breast tumor, post-op changes, skin-subcutaneous soft tissue planes"
train_5_a_1.nii.gz,lung,"nonspecific nodules, sequela parenchymal changes"
train_5_a_1.nii.gz,lung/lung,"nonspecific nodules, sequela parenchymal changes"
train_5_a_1.nii.gz,trachea and bronchie,diffuse mild ectasia
train_5_a_1.nii.gz,trachea and bronchie/bronchie,diffuse mild ectasia
train_5_a_1.nii.gz,mediastinum,calcified atheroma plaques
train_5_a_1.nii.gz,mediastinum/aorta,calcified atheroma plaques
train_5_a_1.nii.gz,esophagus,sliding type mild hiatal hernia
train_5_a_1.nii.gz,esophagus/esophagus,sliding type mild hiatal hernia
train_5_a_1.nii.gz,abdomen,calcified atheroma plaques
train_5_a_1.nii.gz,abdomen/abdomen,calcified atheroma plaques
train_5_a_1.nii.gz,abdomen/abdomen/aorta,calcified atheroma plaques
train_72_a_1.nii.gz,lung,"peripheral symmetrical consolidation, consolidation areas, ground glass areas, ards"
train_72_a_1.nii.gz,lung/lung,"peripheral symmetrical consolidation, consolidation areas, ground glass areas, ards"
train_72_a_1.nii.gz,trachea and bronchie,air bronchograms
train_72_a_1.nii.gz,trachea and bronchie/bronchie,air bronchograms
train_72_a_1.nii.gz,heart,pericardial effusion
train_72_a_1.nii.gz,heart/heart,pericardial effusion
train_72_a_1.nii.gz,heart/heart/heart tissue,pericardial effusion
train_72_a_1.nii.gz,esophagus,sliding type hiatal hernia
train_72_a_1.nii.gz,esophagus/esophagus,sliding type hiatal hernia
train_102_a_1.nii.gz,lung,"patchy consolidation, ground glass densities"
train_102_a_1.nii.gz,lung/lung,"patchy consolidation, ground glass densities"
train_102_a_1.nii.gz,mediastinum,lymph node
train_102_a_1.nii.gz,mediastinum/mediastinal tissue,lymph node
train_102_a_1.nii.gz,heart,pericardial effusion
train_102_a_1.nii.gz,heart/heart,pericardial effusion
train_102_a_1.nii.gz,heart/heart/heart tissue,pericardial effusion
train_102_a_1.nii.gz,abdomen,kidneys
train_102_a_1.nii.gz,abdomen/abdomen,kidneys
train_102_a_1.nii.gz,abdomen/abdomen/kidney,kidneys
train_39_d_1.nii.gz,mediastinum,several lymph nodes in the paraaortic area
train_39_d_1.nii.gz,mediastinum/aorta,several lymph nodes in the paraaortic area
train_39_d_1.nii.gz,heart,pericardial effusion
train_39_d_1.nii.gz,heart/heart,pericardial effusion
train_39_d_1.nii.gz,heart/heart/heart tissue,pericardial effusion
train_39_d_1.nii.gz,abdomen,several lymph nodes in the paraaortic area
train_39_d_1.nii.gz,abdomen/abdomen,several lymph nodes in the paraaortic area
train_39_d_1.nii.gz,abdomen/abdomen/aorta,several lymph nodes in the paraaortic area
train_101_b_1.nii.gz,lung,"covid pneumonia, nodular ground glass densities"
train_101_b_1.nii.gz,lung/lung,"covid pneumonia, nodular ground glass densities"
train_101_b_1.nii.gz,trachea and bronchie,bronchial dilatations
train_101_b_1.nii.gz,trachea and bronchie/bronchie,bronchial dilatations
train_101_b_1.nii.gz,mediastinum,"lymph node, calcific plaques"
train_101_b_1.nii.gz,mediastinum/aorta,calcific plaques
train_101_b_1.nii.gz,mediastinum/mediastinal tissue,lymph node
train_101_b_1.nii.gz,heart,pericardial effusion
train_101_b_1.nii.gz,heart/heart,pericardial effusion
train_101_b_1.nii.gz,heart/heart/heart tissue,pericardial effusion
train_101_b_1.nii.gz,bone,degenerative changes
train_101_b_1.nii.gz,bone/bone,degenerative changes
train_101_b_1.nii.gz,bone/bone/vertebrae,degenerative changes
train_101_b_1.nii.gz,abdomen,"hypodense lesion, thick, calcific plaques"
train_101_b_1.nii.gz,abdomen/abdomen,"hypodense lesion, thick, calcific plaques"
train_101_b_1.nii.gz,abdomen/abdomen/adrenal gland,thick
train_101_b_1.nii.gz,abdomen/abdomen/adrenal gland/left adrenal gland,thick
train_101_b_1.nii.gz,abdomen/abdomen/aorta,calcific plaques
train_101_b_1.nii.gz,abdomen/abdomen/liver,hypodense lesion
train_3_a_1.nii.gz,lung,"bronchiectatic changes, linear densities, peribronchial thickness increases, sequela calcific pulmonary nodule, peribronchial thickness"
train_3_a_1.nii.gz,lung/lung,"bronchiectatic changes, linear densities, peribronchial thickness increases, sequela calcific pulmonary nodule, peribronchial thickness"
train_3_a_1.nii.gz,lung/lung/right lung,"sequela calcific pulmonary nodule, linear densities"
train_3_a_1.nii.gz,lung/lung/right lung/right lung lower lobe,sequela calcific pulmonary nodule
train_3_a_1.nii.gz,lung/lung/right lung/right lung upper lobe,linear densities
train_3_a_1.nii.gz,lung/lung/lung lower lobe,sequela calcific pulmonary nodule
train_3_a_1.nii.gz,lung/lung/lung lower lobe/right lung lower lobe,sequela calcific pulmonary nodule
train_3_a_1.nii.gz,lung/lung/lung upper lobe,linear densities
train_3_a_1.nii.gz,lung/lung/lung upper lobe/right lung upper lobe,linear densities
train_3_a_1.nii.gz,mediastinum,"sequelae calcific lymph nodes, calcific atheroma plaques, hypodense hiluses"
train_3_a_1.nii.gz,mediastinum/aorta,calcific atheroma plaques
train_3_a_1.nii.gz,mediastinum/mediastinal tissue,"sequelae calcific lymph nodes, hypodense hiluses"
train_3_a_1.nii.gz,pleura,pleural thickness increases
train_3_a_1.nii.gz,pleura/pleura,pleural thickness increases
train_3_a_1.nii.gz,bone,"osteophytes, mild scoliosis"
train_3_a_1.nii.gz,bone/bone,"osteophytes, mild scoliosis"
train_3_a_1.nii.gz,bone/bone/vertebrae,"osteophytes, mild scoliosis"
train_3_a_1.nii.gz,bone/bone/vertebrae/thoracic vertebrae,mild scoliosis
train_3_a_1.nii.gz,abdomen,"calcific atheroma plaques, multiple cysts"
train_3_a_1.nii.gz,abdomen/abdomen,"calcific atheroma plaques, multiple cysts"
train_3_a_1.nii.gz,abdomen/abdomen/aorta,calcific atheroma plaques
train_3_a_1.nii.gz,abdomen/abdomen/kidney,multiple cysts
train_91_a_1.nii.gz,lung,"mosaic attenuation pattern, centriacinar emphysematous changes"
train_91_a_1.nii.gz,lung/lung,"mosaic attenuation pattern, centriacinar emphysematous changes"
train_91_a_1.nii.gz,bone,right-facing scoliosis
train_91_a_1.nii.gz,bone/bone,right-facing scoliosis
train_91_a_1.nii.gz,bone/bone/vertebrae,right-facing scoliosis
train_91_a_1.nii.gz,bone/bone/vertebrae/thoracic vertebrae,right-facing scoliosis
train_145_a_1.nii.gz,lung,"large consolidation area, infectious process, emphysematous changes, interstitial lung disease"
train_145_a_1.nii.gz,lung/lung,"large consolidation area, infectious process, emphysematous changes, interstitial lung disease"
train_145_a_1.nii.gz,lung/lung/left lung,large consolidation area
train_145_a_1.nii.gz,lung/lung/left lung/left lung upper lobe,large consolidation area
train_145_a_1.nii.gz,lung/lung/lung upper lobe,large consolidation area
train_145_a_1.nii.gz,lung/lung/lung upper lobe/left lung upper lobe,large consolidation area
train_145_a_1.nii.gz,mediastinum,"calcified atherosclerotic changes, Upper-lower paratracheal, prevascular, subcarinal, bilateral hilar and paraesophageal multiple lymph nodes measuring 19x15 mm in size"
train_145_a_1.nii.gz,mediastinum/aorta,calcified atherosclerotic changes
train_145_a_1.nii.gz,mediastinum/mediastinal tissue,"Upper-lower paratracheal, prevascular, subcarinal, bilateral hilar and paraesophageal multiple lymph nodes measuring 19x15 mm in size"
train_145_a_1.nii.gz,heart,"calcified atherosclerotic changes, cardiomegaly"
train_145_a_1.nii.gz,heart/heart,"calcified atherosclerotic changes, cardiomegaly"
train_145_a_1.nii.gz,heart/heart/heart tissue,calcified atherosclerotic changes
train_145_a_1.nii.gz,pleura,"bilateral minimal pleural effusion, contour irregularities, subpleural lines, atelectatic changes, honeycomb appearances"
train_145_a_1.nii.gz,pleura/pleura,"bilateral minimal pleural effusion, contour irregularities, subpleural lines, atelectatic changes, honeycomb appearances"
train_145_a_1.nii.gz,bone,"thoracic kyphosis, compression fracture"
train_145_a_1.nii.gz,bone/bone,"thoracic kyphosis, compression fracture"
train_145_a_1.nii.gz,bone/bone/vertebrae,"thoracic kyphosis, compression fracture"
train_145_a_1.nii.gz,bone/bone/vertebrae/thoracic vertebrae,"thoracic kyphosis, compression fracture"
train_145_a_1.nii.gz,bone/bone/vertebrae/thoracic vertebrae/thoracic vertebrae 11 (t11),compression fracture
train_145_a_1.nii.gz,abdomen,"hypodense lesion, liver contours, calcified atherosclerotic changes, hypertrophied, chronic liver disease"
train_145_a_1.nii.gz,abdomen/abdomen,"hypodense lesion, liver contours, calcified atherosclerotic changes, hypertrophied, chronic liver disease"
train_145_a_1.nii.gz,abdomen/abdomen/aorta,calcified atherosclerotic changes
train_145_a_1.nii.gz,abdomen/abdomen/kidney,hypodense lesion
train_145_a_1.nii.gz,abdomen/abdomen/kidney/right kidney,hypodense lesion
train_145_a_1.nii.gz,abdomen/abdomen/liver,"hypertrophied, liver contours, chronic liver disease"
train_145_a_1.nii.gz,abdomen/abdomen/liver/caudate lobe,hypertrophied
train_85_a_1.nii.gz,lung,"primary disease, lymphangitis carcinomatosa, linear atelectasis, interlobular septal thickenings, nonspecific nodules, lymphangitis carcinomatosis, peribronchial thickening"
train_85_a_1.nii.gz,lung/lung,"primary disease, lymphangitis carcinomatosa, linear atelectasis, interlobular septal thickenings, nonspecific nodules, lymphangitis carcinomatosis, peribronchial thickening"
train_85_a_1.nii.gz,lung/lung/lung lower lobe,interlobular septal thickenings
train_85_a_1.nii.gz,mediastinum,"lymph node, lymphadenopathy"
train_85_a_1.nii.gz,mediastinum/mediastinal tissue,"lymph node, lymphadenopathy"
train_85_a_1.nii.gz,heart,pericardial effusion
train_85_a_1.nii.gz,heart/heart,pericardial effusion
train_85_a_1.nii.gz,heart/heart/heart tissue,pericardial effusion
train_85_a_1.nii.gz,esophagus,mixed type hiatal hernia
train_85_a_1.nii.gz,esophagus/esophagus,mixed type hiatal hernia
train_85_a_1.nii.gz,pleura,"pleural effusion, bilateral minimal pleural effusion"
train_85_a_1.nii.gz,pleura/pleura,"pleural effusion, bilateral minimal pleural effusion"
train_85_a_1.nii.gz,bone,"metastases, lytic bone lesions, height loss, minimal height losses, metastatic lesions"
train_85_a_1.nii.gz,bone/bone,"metastases, lytic bone lesions, height loss, minimal height losses, metastatic lesions"
train_85_a_1.nii.gz,bone/bone/vertebrae,"height loss, minimal height losses"
train_85_a_1.nii.gz,bone/bone/vertebrae/thoracic vertebrae,minimal height losses
train_85_a_1.nii.gz,bone/bone/vertebrae/lumbar vertebrae,height loss
train_85_a_1.nii.gz,bone/bone/vertebrae/lumbar vertebrae/lumbar vertebrae 1 (l1),height loss
train_85_a_1.nii.gz,breast,"soft tissue density, thickening of the skin, lymphadenopathies, primary mass"
train_85_a_1.nii.gz,breast/breast,"soft tissue density, thickening of the skin, lymphadenopathies, primary mass"
train_85_a_1.nii.gz,breast/breast/left breast,"soft tissue density, thickening of the skin, lymphadenopathies, primary mass"
train_53_a_1.nii.gz,lung,"dependent-like density increases, ground glass density, pleuroparenchymal sequela changes, nodule"
train_53_a_1.nii.gz,lung/lung,"dependent-like density increases, ground glass density, pleuroparenchymal sequela changes, nodule"
train_53_a_1.nii.gz,lung/lung/right lung,"ground glass density, nodule"
train_53_a_1.nii.gz,lung/lung/right lung/right lung upper lobe,"ground glass density, nodule"
train_53_a_1.nii.gz,lung/lung/lung upper lobe,"ground glass density, nodule"
train_53_a_1.nii.gz,lung/lung/lung upper lobe/right lung upper lobe,"ground glass density, nodule"
train_53_a_1.nii.gz,mediastinum,residual thymus tissue
train_53_a_1.nii.gz,mediastinum/thymus,residual thymus tissue
train_53_a_1.nii.gz,heart,pericardial effusion
train_53_a_1.nii.gz,heart/heart,pericardial effusion
train_53_a_1.nii.gz,heart/heart/heart tissue,pericardial effusion
train_53_a_1.nii.gz,esophagus,"diaphragmatic hernia, mixed type of diaphragmatic hernia"
train_53_a_1.nii.gz,esophagus/esophagus,"diaphragmatic hernia, mixed type of diaphragmatic hernia"
train_53_a_1.nii.gz,pleura,pleuroparenchymal sequelae changes
train_53_a_1.nii.gz,pleura/pleura,pleuroparenchymal sequelae changes
train_53_a_1.nii.gz,bone,"thoracic kyphosis, left-weighted syndesmophytes"
train_53_a_1.nii.gz,bone/bone,"thoracic kyphosis, left-weighted syndesmophytes"
train_53_a_1.nii.gz,bone/bone/vertebrae,"thoracic kyphosis, left-weighted syndesmophytes"
train_53_a_1.nii.gz,bone/bone/vertebrae/thoracic vertebrae,"thoracic kyphosis, left-weighted syndesmophytes"
train_42_a_1.nii.gz,lung,"mosaic attenuation pattern, subsegmeter atelectasis areas, outlook"
train_42_a_1.nii.gz,lung/lung,"mosaic attenuation pattern, subsegmeter atelectasis areas, outlook"
train_42_a_1.nii.gz,lung/lung/left lung,subsegmeter atelectasis areas
train_42_a_1.nii.gz,lung/lung/right lung,subsegmeter atelectasis areas
train_42_a_1.nii.gz,mediastinum,soft tissue density
train_42_a_1.nii.gz,mediastinum/mediastinal tissue,soft tissue density
train_42_a_1.nii.gz,pleura,subpleural nodule
train_42_a_1.nii.gz,pleura/pleura,subpleural nodule
train_127_a_1.nii.gz,lung,nonspecific nodules
train_127_a_1.nii.gz,lung/lung,nonspecific nodules
train_40_a_1.nii.gz,lung,"small vessel disease, consolidation, atelectasis, mosaic attenuation pattern, effusion"
train_40_a_1.nii.gz,lung/lung,"small vessel disease, consolidation, atelectasis, mosaic attenuation pattern, effusion"
train_40_a_1.nii.gz,trachea and bronchie,diffuse calcification
train_40_a_1.nii.gz,trachea and bronchie/trachea,diffuse calcification
train_40_a_1.nii.gz,trachea and bronchie/bronchie,diffuse calcification
train_40_a_1.nii.gz,mediastinum,"calcified atheromatous plaques, lymph node"
train_40_a_1.nii.gz,mediastinum/aorta,calcified atheromatous plaques
train_40_a_1.nii.gz,mediastinum/mediastinal tissue,lymph node
train_40_a_1.nii.gz,heart,"increase in heart size, pericardial effusion"
train_40_a_1.nii.gz,heart/heart,"increase in heart size, pericardial effusion"
train_40_a_1.nii.gz,heart/heart/heart tissue,pericardial effusion
train_40_a_1.nii.gz,pleura,bilateral pleural effusion
train_40_a_1.nii.gz,pleura/pleura,bilateral pleural effusion
train_40_a_1.nii.gz,bone,degenerative changes
train_40_a_1.nii.gz,bone/bone,degenerative changes
train_40_a_1.nii.gz,abdomen,"hyperdense appearance, calcified atheromatous plaques, bile sludge, mild stenosis"
train_40_a_1.nii.gz,abdomen/abdomen,"hyperdense appearance, calcified atheromatous plaques, bile sludge, mild stenosis"
train_40_a_1.nii.gz,abdomen/abdomen/aorta,calcified atheromatous plaques
train_40_a_1.nii.gz,abdomen/abdomen/gallbladder,"hyperdense appearance, bile sludge"
train_40_a_1.nii.gz,abdomen/abdomen/renal artery,mild stenosis
train_102_c_1.nii.gz,lung,"ground glass, multilobar, consolidation"
train_102_c_1.nii.gz,lung/lung,"ground glass, multilobar, consolidation"
train_61_d_1.nii.gz,lung,"ground glass densities, emphysematous appearance, effusion, metastatic lesions, linear atelectic changes"
train_61_d_1.nii.gz,lung/lung,"ground glass densities, emphysematous appearance, effusion, metastatic lesions, linear atelectic changes"
train_61_d_1.nii.gz,heart,pericardial effusion
train_61_d_1.nii.gz,heart/heart,pericardial effusion
train_61_d_1.nii.gz,heart/heart/heart tissue,pericardial effusion
train_61_d_1.nii.gz,pleura,"left pleural effusion, right pleural effusion"
train_61_d_1.nii.gz,pleura/pleura,"left pleural effusion, right pleural effusion"
train_61_d_1.nii.gz,bone,metastatic lesions
train_61_d_1.nii.gz,bone/bone,metastatic lesions
train_61_d_1.nii.gz,abdomen,metastatic heterogeneous appearance
train_61_d_1.nii.gz,abdomen/abdomen,metastatic heterogeneous appearance
train_61_d_1.nii.gz,abdomen/abdomen/abdominal tissue,metastatic heterogeneous appearance
train_61_d_1.nii.gz,abdomen/abdomen/liver,metastatic heterogeneous appearance
train_7_a_1.nii.gz,lung,"pleuroparenchymal sequelae density, pleuroparenchymal sequelae, a few calcified lymph nodes measuring 3.5 mm and 3 mm in diameter, paracicatricial bronchiectasis"
train_7_a_1.nii.gz,lung/lung,"pleuroparenchymal sequelae density, pleuroparenchymal sequelae, a few calcified lymph nodes measuring 3.5 mm and 3 mm in diameter, paracicatricial bronchiectasis"
train_7_a_1.nii.gz,lung/lung/left lung,"pleuroparenchymal sequelae density, a few calcified lymph nodes measuring 3.5 mm and 3 mm in diameter"
train_7_a_1.nii.gz,lung/lung/left lung/left lung lower lobe,pleuroparenchymal sequelae density
train_7_a_1.nii.gz,lung/lung/right lung,"pleuroparenchymal sequelae, a few calcified lymph nodes measuring 3.5 mm and 3 mm in diameter, paracicatricial bronchiectasis"
train_7_a_1.nii.gz,lung/lung/right lung/right lung upper lobe,"pleuroparenchymal sequelae, paracicatricial bronchiectasis"
train_7_a_1.nii.gz,lung/lung/lung lower lobe,pleuroparenchymal sequelae density
train_7_a_1.nii.gz,lung/lung/lung lower lobe/left lung lower lobe,pleuroparenchymal sequelae density
train_7_a_1.nii.gz,lung/lung/lung upper lobe,"pleuroparenchymal sequelae, paracicatricial bronchiectasis"
train_7_a_1.nii.gz,lung/lung/lung upper lobe/right lung upper lobe,"pleuroparenchymal sequelae, paracicatricial bronchiectasis"
train_107_a_1.nii.gz,lung,milimal emphysematous changes
train_107_a_1.nii.gz,lung/lung,milimal emphysematous changes
train_107_a_1.nii.gz,trachea and bronchie,"diffuse mild ectasia, peribronchial thickness, peribronchial thickness increases"
train_107_a_1.nii.gz,trachea and bronchie/bronchie,"diffuse mild ectasia, peribronchial thickness, peribronchial thickness increases"
train_47_a_1.nii.gz,lung,"linear subsegmental atelectatic changes, patchy ground glass consolidations, covid-19 pneumonia"
train_47_a_1.nii.gz,lung/lung,"linear subsegmental atelectatic changes, patchy ground glass consolidations, covid-19 pneumonia"
train_47_a_1.nii.gz,lung/lung/right lung,"patchy ground glass consolidations, covid-19 pneumonia"
train_47_a_1.nii.gz,lung/lung/right lung/right lung upper lobe,"patchy ground glass consolidations, covid-19 pneumonia"
train_47_a_1.nii.gz,lung/lung/lung lower lobe,"patchy ground glass consolidations, covid-19 pneumonia"
train_47_a_1.nii.gz,lung/lung/lung upper lobe,"patchy ground glass consolidations, covid-19 pneumonia"
train_47_a_1.nii.gz,lung/lung/lung upper lobe/right lung upper lobe,"patchy ground glass consolidations, covid-19 pneumonia"
train_47_a_1.nii.gz,mediastinum,calcific atheroma plaques
train_47_a_1.nii.gz,mediastinum/aorta,calcific atheroma plaques
train_47_a_1.nii.gz,heart,pericardial effusion
train_47_a_1.nii.gz,heart/heart,pericardial effusion
train_47_a_1.nii.gz,heart/heart/heart tissue,pericardial effusion
train_47_a_1.nii.gz,pleura,pleural-based consolidation
train_47_a_1.nii.gz,pleura/pleura,pleural-based consolidation
train_47_a_1.nii.gz,bone,degenerative changes
train_47_a_1.nii.gz,bone/bone,degenerative changes
train_47_a_1.nii.gz,thyroid,"heterogeneous, lobulated, hypodense nodules, increased"
train_47_a_1.nii.gz,thyroid/thyroid,"heterogeneous, lobulated, hypodense nodules, increased"
train_47_a_1.nii.gz,thyroid/thyroid/thyroid gland,"heterogeneous, hypodense nodules"
train_47_a_1.nii.gz,thyroid/thyroid/thyroid gland/left thyroid,"heterogeneous, hypodense nodules"
train_47_a_1.nii.gz,abdomen,"smaller than normal, calcific atheroma plaques"
train_47_a_1.nii.gz,abdomen/abdomen,"smaller than normal, calcific atheroma plaques"
train_47_a_1.nii.gz,abdomen/abdomen/aorta,calcific atheroma plaques
train_47_a_1.nii.gz,abdomen/abdomen/spleen,smaller than normal
train_149_a_1.nii.gz,lung,"pleuroparenchymal sequelae density increases, calcified nonspecific parenchymal nodule, bilateral peribronchial thickenings"
train_149_a_1.nii.gz,lung/lung,"pleuroparenchymal sequelae density increases, calcified nonspecific parenchymal nodule, bilateral peribronchial thickenings"
train_149_a_1.nii.gz,lung/lung/left lung,pleuroparenchymal sequelae density increases
train_149_a_1.nii.gz,lung/lung/right lung,"pleuroparenchymal sequelae density increases, calcified nonspecific parenchymal nodule"
train_149_a_1.nii.gz,lung/lung/right lung/right lung lower lobe,calcified nonspecific parenchymal nodule
train_149_a_1.nii.gz,lung/lung/lung lower lobe,calcified nonspecific parenchymal nodule
train_149_a_1.nii.gz,lung/lung/lung lower lobe/right lung lower lobe,calcified nonspecific parenchymal nodule
train_149_a_1.nii.gz,mediastinum,"lymph nodes measuring 1 cm on the short axis of the largest in mediastinal, upper-lower paratracheal, subcarinal localization"
train_149_a_1.nii.gz,mediastinum/mediastinal tissue,"lymph nodes measuring 1 cm on the short axis of the largest in mediastinal, upper-lower paratracheal, subcarinal localization"
train_149_a_1.nii.gz,esophagus,sliding type hiatal hernia
train_149_a_1.nii.gz,esophagus/esophagus,sliding type hiatal hernia
train_149_a_1.nii.gz,abdomen,liver parenchyma density
train_149_a_1.nii.gz,abdomen/abdomen,liver parenchyma density
train_149_a_1.nii.gz,abdomen/abdomen/liver,liver parenchyma density
train_126_a_1.nii.gz,lung,"consolidation, bronchiectatic changes, interstitial pattern, interlobular septa, frosted glass densities, mosaic pattern attenuations, honeycomb appearances"
train_126_a_1.nii.gz,lung/lung,"consolidation, bronchiectatic changes, interstitial pattern, interlobular septa, frosted glass densities, mosaic pattern attenuations, honeycomb appearances"
train_126_a_1.nii.gz,lung/lung/left lung,"honeycomb appearances, interstitial pattern"
train_126_a_1.nii.gz,lung/lung/right lung,"mosaic pattern attenuations, bronchiectatic changes"
train_126_a_1.nii.gz,lung/lung/lung lower lobe,"mosaic pattern attenuations, bronchiectatic changes"
train_126_a_1.nii.gz,mediastinum,several small lymph nodes in the mediastinum
train_126_a_1.nii.gz,mediastinum/mediastinal tissue,several small lymph nodes in the mediastinum
train_126_a_1.nii.gz,heart,cardiothoracic index
train_126_a_1.nii.gz,heart/heart,cardiothoracic index
train_126_a_1.nii.gz,esophagus,air-fluid leveling
train_126_a_1.nii.gz,esophagus/esophagus,air-fluid leveling
train_126_a_1.nii.gz,pleura,5 mm nodule
train_126_a_1.nii.gz,pleura/pleura,5 mm nodule
train_126_a_1.nii.gz,bone,"hypertrophic osteophytic taperings, diffuse density reduction"
train_126_a_1.nii.gz,bone/bone,"hypertrophic osteophytic taperings, diffuse density reduction"
train_126_a_1.nii.gz,bone/bone/vertebrae,"hypertrophic osteophytic taperings, diffuse density reduction"
train_126_a_1.nii.gz,abdomen,"free fluid, metastases, cortical cyst, pelvicalyceal ectasia, extrarenal pelvises, central cystic-necrotic mass"
train_126_a_1.nii.gz,abdomen/abdomen,"free fluid, metastases, cortical cyst, pelvicalyceal ectasia, extrarenal pelvises, central cystic-necrotic mass"
train_126_a_1.nii.gz,abdomen/abdomen/abdominal tissue,"metastases, central cystic-necrotic mass, free fluid"
train_126_a_1.nii.gz,abdomen/abdomen/kidney,"pelvicalyceal ectasia, cortical cyst, extrarenal pelvises"
train_126_a_1.nii.gz,abdomen/abdomen/kidney/left kidney,cortical cyst
train_126_a_1.nii.gz,abdomen/abdomen/pancreas,"metastases, central cystic-necrotic mass, free fluid"
train_103_a_1.nii.gz,mediastinum,"lymph node, wider than normal"
train_103_a_1.nii.gz,mediastinum/aorta,wider than normal
train_103_a_1.nii.gz,mediastinum/mediastinal tissue,lymph node
train_103_a_1.nii.gz,bone,mild degenerative changes
train_103_a_1.nii.gz,bone/bone,mild degenerative changes
train_103_a_1.nii.gz,abdomen,wider than normal
train_103_a_1.nii.gz,abdomen/abdomen,wider than normal
train_103_a_1.nii.gz,abdomen/abdomen/aorta,wider than normal
train_81_a_1.nii.gz,lung,"ground glass densities, centriacinar nodules opacities, consolidation areas, nonspecific nodules, air bronchograms"
train_81_a_1.nii.gz,lung/lung,"ground glass densities, centriacinar nodules opacities, consolidation areas, nonspecific nodules, air bronchograms"
train_81_a_1.nii.gz,lung/lung/left lung,"ground glass densities, consolidation areas, centriacinar nodules opacities, air bronchograms"
train_81_a_1.nii.gz,lung/lung/right lung,"ground glass densities, consolidation areas, centriacinar nodules opacities, air bronchograms"
train_81_a_1.nii.gz,pleura,"consolidation areas, ground glass densities, air bronchograms"
train_81_a_1.nii.gz,pleura/pleura,"consolidation areas, ground glass densities, air bronchograms"
train_61_c_1.nii.gz,lung,"nodules, interlobular septal thickenings, ground-glass areas, microcystic changes, pneumocystis jiroveci pneumonia, emphysematous changes"
train_61_c_1.nii.gz,lung/lung,"nodules, interlobular septal thickenings, ground-glass areas, microcystic changes, pneumocystis jiroveci pneumonia, emphysematous changes"
train_61_c_1.nii.gz,lung/lung/left lung,nodules
train_61_c_1.nii.gz,lung/lung/left lung/left lung lower lobe,nodules
train_61_c_1.nii.gz,lung/lung/lung lower lobe,nodules
train_61_c_1.nii.gz,lung/lung/lung lower lobe/left lung lower lobe,nodules
train_61_c_1.nii.gz,lung/lung/lung upper lobe,"ground-glass areas, interlobular septal thickenings, microcystic changes"
train_61_c_1.nii.gz,heart,pericardial effusion
train_61_c_1.nii.gz,heart/heart,pericardial effusion
train_61_c_1.nii.gz,heart/heart/heart tissue,pericardial effusion
train_61_c_1.nii.gz,pleura,"atelectasis, pleural effusion, bilateral pleural effusion"
train_61_c_1.nii.gz,pleura/pleura,"atelectasis, pleural effusion, bilateral pleural effusion"
train_61_c_1.nii.gz,bone,"height loss, minimal height losses, metastatic lesions"
train_61_c_1.nii.gz,bone/bone,"height loss, minimal height losses, metastatic lesions"
train_61_c_1.nii.gz,bone/bone/vertebrae,"height loss, minimal height losses"
train_61_c_1.nii.gz,bone/bone/vertebrae/thoracic vertebrae,height loss
train_61_c_1.nii.gz,bone/bone/vertebrae/thoracic vertebrae/thoracic vertebrae 12 (t12),height loss
train_61_c_1.nii.gz,breast,short lymphadenopathy
train_61_c_1.nii.gz,breast/breast,short lymphadenopathy
train_61_c_1.nii.gz,breast/breast/right breast,short lymphadenopathy
train_61_c_1.nii.gz,abdomen,"lesions, metastases, metastatic lesions, hypodense lesions"
train_61_c_1.nii.gz,abdomen/abdomen,"lesions, metastases, metastatic lesions, hypodense lesions"
train_61_c_1.nii.gz,abdomen/abdomen/abdominal tissue,metastatic lesions
train_61_c_1.nii.gz,abdomen/abdomen/liver,"lesions, metastases, hypodense lesions"
train_129_a_1.nii.gz,lung,"mosaic attenuation pattern, chronic thromboembolism, parenchymal calcification"
train_129_a_1.nii.gz,lung/lung,"mosaic attenuation pattern, chronic thromboembolism, parenchymal calcification"
train_129_a_1.nii.gz,lung/lung/left lung,parenchymal calcification
train_129_a_1.nii.gz,lung/lung/left lung/left lung upper lobe,parenchymal calcification
train_129_a_1.nii.gz,lung/lung/lung lower lobe,mosaic attenuation pattern
train_129_a_1.nii.gz,lung/lung/lung upper lobe,"mosaic attenuation pattern, parenchymal calcification"
train_129_a_1.nii.gz,lung/lung/lung upper lobe/left lung upper lobe,parenchymal calcification
train_129_a_1.nii.gz,trachea and bronchie,hyperdense parenchyma areas
train_129_a_1.nii.gz,trachea and bronchie/bronchie,hyperdense parenchyma areas
train_129_a_1.nii.gz,mediastinum,several nonspecific mediastinal lymph nodes
train_129_a_1.nii.gz,mediastinum/mediastinal tissue,several nonspecific mediastinal lymph nodes
train_129_a_1.nii.gz,heart,"calcified atheroma plaques, aortic valve calcification, pericardial effusion"
train_129_a_1.nii.gz,heart/heart,"calcified atheroma plaques, aortic valve calcification, pericardial effusion"
train_129_a_1.nii.gz,heart/heart/heart tissue,"calcified atheroma plaques, pericardial effusion"
train_129_a_1.nii.gz,pleura,pleural effusion
train_129_a_1.nii.gz,pleura/pleura,pleural effusion
train_129_a_1.nii.gz,bone,"osteoporosis, degenerative changes"
train_129_a_1.nii.gz,bone/bone,"osteoporosis, degenerative changes"
train_129_a_1.nii.gz,bone/bone/vertebrae,degenerative changes
train_129_a_1.nii.gz,abdomen,"lobulation, adenoma, nodular lesion, tortuous appearance, focal parenchymal thinning areas, chronic liver parenchymal disease, dilated"
train_129_a_1.nii.gz,abdomen/abdomen,"lobulation, adenoma, nodular lesion, tortuous appearance, focal parenchymal thinning areas, chronic liver parenchymal disease, dilated"
train_129_a_1.nii.gz,abdomen/abdomen/adrenal gland,"adenoma, nodular lesion"
train_129_a_1.nii.gz,abdomen/abdomen/adrenal gland/left adrenal gland,"adenoma, nodular lesion"
train_129_a_1.nii.gz,abdomen/abdomen/kidney,"lobulation, focal parenchymal thinning areas"
train_129_a_1.nii.gz,abdomen/abdomen/liver,"chronic liver parenchymal disease, lobulation"
train_129_a_1.nii.gz,abdomen/abdomen/portal vein and splenic vein,"tortuous appearance, dilated"
train_48_b_1.nii.gz,lung,"linear atelectesis, millimetric calcific nodules, ground glass, mosaic attenuation pattern, focal lesion, covid-19 pneumonia"
train_48_b_1.nii.gz,lung/lung,"linear atelectesis, millimetric calcific nodules, ground glass, mosaic attenuation pattern, focal lesion, covid-19 pneumonia"
train_48_b_1.nii.gz,lung/lung/left lung,millimetric calcific nodules
train_48_b_1.nii.gz,mediastinum,atheromatous plaques
train_48_b_1.nii.gz,mediastinum/aorta,atheromatous plaques
train_48_b_1.nii.gz,heart,pericardial effusion
train_48_b_1.nii.gz,heart/heart,pericardial effusion
train_48_b_1.nii.gz,heart/heart/heart tissue,pericardial effusion
train_48_b_1.nii.gz,esophagus,sliding type hiatal hernia
train_48_b_1.nii.gz,esophagus/esophagus,sliding type hiatal hernia
train_48_b_1.nii.gz,abdomen,atheromatous plaques
train_48_b_1.nii.gz,abdomen/abdomen,atheromatous plaques
train_48_b_1.nii.gz,abdomen/abdomen/aorta,atheromatous plaques
train_132_a_1.nii.gz,lung,"bronchiectasis, sequelae changes, emphysematous changes, linear calcific foci"
train_132_a_1.nii.gz,lung/lung,"bronchiectasis, sequelae changes, emphysematous changes, linear calcific foci"
train_132_a_1.nii.gz,lung/lung/right lung,linear calcific foci
train_132_a_1.nii.gz,lung/lung/right lung/right lung upper lobe,linear calcific foci
train_132_a_1.nii.gz,lung/lung/lung upper lobe,"bronchiectasis, linear calcific foci"
train_132_a_1.nii.gz,lung/lung/lung upper lobe/right lung upper lobe,linear calcific foci
train_132_a_1.nii.gz,heart,pericardial effusion
train_132_a_1.nii.gz,heart/heart,pericardial effusion
train_132_a_1.nii.gz,heart/heart/heart tissue,pericardial effusion
train_77_a_1.nii.gz,lung,"parenchymal nodules, bilateral peribronchial thickenings"
train_77_a_1.nii.gz,lung/lung,"parenchymal nodules, bilateral peribronchial thickenings"
train_77_a_1.nii.gz,bone,expansile bone lesion
train_77_a_1.nii.gz,bone/bone,expansile bone lesion
train_77_a_1.nii.gz,bone/bone/rib,expansile bone lesion
train_77_a_1.nii.gz,bone/bone/rib/right rib,expansile bone lesion
train_77_a_1.nii.gz,bone/bone/rib/right rib/right rib 5,expansile bone lesion
train_77_a_1.nii.gz,bone/bone/rib/rib 5,expansile bone lesion
train_77_a_1.nii.gz,bone/bone/rib/rib 5/right rib 5,expansile bone lesion
train_77_a_1.nii.gz,abdomen,"mild adiposity, postoperative changes"
train_77_a_1.nii.gz,abdomen/abdomen,"mild adiposity, postoperative changes"
train_77_a_1.nii.gz,abdomen/abdomen/liver,mild adiposity
train_77_a_1.nii.gz,abdomen/abdomen/pancreas,postoperative changes
train_121_a_1.nii.gz,lung,"interlobular septal thickening, pleuroparenchymal sequelae density increases, viral infections, emphysematous changes, ground-glass density increases"
train_121_a_1.nii.gz,lung/lung,"interlobular septal thickening, pleuroparenchymal sequelae density increases, viral infections, emphysematous changes, ground-glass density increases"
train_121_a_1.nii.gz,lung/lung/lung lower lobe,pleuroparenchymal sequelae density increases
train_121_a_1.nii.gz,lung/lung/lung upper lobe,pleuroparenchymal sequelae density increases
train_121_a_1.nii.gz,heart,effusion
train_121_a_1.nii.gz,heart/heart,effusion
train_121_a_1.nii.gz,heart/heart/heart tissue,effusion
train_121_a_1.nii.gz,pleura,minimal effusion
train_121_a_1.nii.gz,pleura/pleura,minimal effusion
train_121_a_1.nii.gz,abdomen,edema-inflammation
train_121_a_1.nii.gz,abdomen/abdomen,edema-inflammation
train_121_a_1.nii.gz,abdomen/abdomen/abdominal tissue,edema-inflammation
train_140_b_1.nii.gz,lung,"pneumothorax, atelectasis, focal minimal sequela fibrotic changes"
train_140_b_1.nii.gz,lung/lung,"pneumothorax, atelectasis, focal minimal sequela fibrotic changes"
train_140_b_1.nii.gz,lung/lung/right lung,"pneumothorax, atelectasis, focal minimal sequela fibrotic changes"
train_140_b_1.nii.gz,lung/lung/right lung/right lung upper lobe,focal minimal sequela fibrotic changes
train_140_b_1.nii.gz,lung/lung/lung upper lobe,focal minimal sequela fibrotic changes
train_140_b_1.nii.gz,lung/lung/lung upper lobe/right lung upper lobe,focal minimal sequela fibrotic changes
train_140_b_1.nii.gz,heart,pericardial effusion
train_140_b_1.nii.gz,heart/heart,pericardial effusion
train_140_b_1.nii.gz,heart/heart/heart tissue,pericardial effusion
train_140_b_1.nii.gz,breast,"diffuse thickening, increase in density, postop changes"
train_140_b_1.nii.gz,breast/breast,"diffuse thickening, increase in density, postop changes"
train_140_b_1.nii.gz,breast/breast/right breast,postop changes
train_38_a_1.nii.gz,heart,pericardial effusion
train_38_a_1.nii.gz,heart/heart,pericardial effusion
train_38_a_1.nii.gz,heart/heart/heart tissue,pericardial effusion
train_37_b_1.nii.gz,lung,"budding tree appearances, ground glass, infective pathology, minimal bronchiectasis"
train_37_b_1.nii.gz,lung/lung,"budding tree appearances, ground glass, infective pathology, minimal bronchiectasis"
train_37_b_1.nii.gz,lung/lung/right lung,"budding tree appearances, ground glass"
train_37_b_1.nii.gz,lung/lung/right lung/right lung upper lobe,"budding tree appearances, ground glass"
train_37_b_1.nii.gz,lung/lung/lung upper lobe,"budding tree appearances, ground glass"
train_37_b_1.nii.gz,lung/lung/lung upper lobe/right lung upper lobe,"budding tree appearances, ground glass"
train_37_b_1.nii.gz,mediastinum,atheromatous plaques
train_37_b_1.nii.gz,mediastinum/aorta,atheromatous plaques
train_37_b_1.nii.gz,abdomen,atheromatous plaques
train_37_b_1.nii.gz,abdomen/abdomen,atheromatous plaques
train_37_b_1.nii.gz,abdomen/abdomen/aorta,atheromatous plaques
train_1_a_1.nii.gz,lung,"infectious process, linear atelectasis, peribronchial budding tree-like reticulonodular densities, subsegmental atelectasis, thickening of the bronchial wall, peribronchial minimal consolidation"
train_1_a_1.nii.gz,lung/lung,"infectious process, linear atelectasis, peribronchial budding tree-like reticulonodular densities, subsegmental atelectasis, thickening of the bronchial wall, peribronchial minimal consolidation"
train_1_a_1.nii.gz,lung/lung/right lung,subsegmental atelectasis
train_1_a_1.nii.gz,lung/lung/lung lower lobe,"thickening of the bronchial wall, peribronchial budding tree-like reticulonodular densities, peribronchial minimal consolidation"
train_1_a_1.nii.gz,trachea and bronchie,"thickening of the bronchial wall, peribronchial budding tree-like reticulonodular densities"
train_1_a_1.nii.gz,trachea and bronchie/bronchie,"thickening of the bronchial wall, peribronchial budding tree-like reticulonodular densities"
train_1_a_1.nii.gz,mediastinum,calcific plaques
train_1_a_1.nii.gz,mediastinum/aorta,calcific plaques
train_1_a_1.nii.gz,heart,pericardial effusion
train_1_a_1.nii.gz,heart/heart,pericardial effusion
train_1_a_1.nii.gz,heart/heart/heart tissue,pericardial effusion
train_1_a_1.nii.gz,bone,osteophytes
train_1_a_1.nii.gz,bone/bone,osteophytes
train_1_a_1.nii.gz,bone/bone/vertebrae,osteophytes
train_1_a_1.nii.gz,bone/bone/vertebrae/thoracic vertebrae,osteophytes
train_1_a_1.nii.gz,abdomen,"atrophic, calcific plaques"
train_1_a_1.nii.gz,abdomen/abdomen,"atrophic, calcific plaques"
train_1_a_1.nii.gz,abdomen/abdomen/aorta,calcific plaques
train_1_a_1.nii.gz,abdomen/abdomen/kidney,atrophic
train_1_a_1.nii.gz,abdomen/abdomen/kidney/left kidney,atrophic
train_20_a_1.nii.gz,lung,"findings, interlobular septal thickenings, ground glass areas, described findings, enlarged vascular structures, covid-19 pneumonia"
train_20_a_1.nii.gz,lung/lung,"findings, interlobular septal thickenings, ground glass areas, described findings, enlarged vascular structures, covid-19 pneumonia"
train_20_a_1.nii.gz,lung/lung/right lung,"ground glass areas, interlobular septal thickenings, enlarged vascular structures"
train_20_a_1.nii.gz,lung/lung/right lung/right lung lower lobe,"ground glass areas, interlobular septal thickenings, enlarged vascular structures"
train_20_a_1.nii.gz,lung/lung/right lung/right lung upper lobe,"ground glass areas, interlobular septal thickenings, enlarged vascular structures"
train_20_a_1.nii.gz,lung/lung/lung lower lobe,"ground glass areas, interlobular septal thickenings, enlarged vascular structures"
train_20_a_1.nii.gz,lung/lung/lung lower lobe/right lung lower lobe,"ground glass areas, interlobular septal thickenings, enlarged vascular structures"
train_20_a_1.nii.gz,lung/lung/lung upper lobe,"ground glass areas, interlobular septal thickenings, enlarged vascular structures"
train_20_a_1.nii.gz,lung/lung/lung upper lobe/right lung upper lobe,"ground glass areas, interlobular septal thickenings, enlarged vascular structures"
train_79_b_1.nii.gz,heart,pericardial effusion
train_79_b_1.nii.gz,heart/heart,pericardial effusion
train_79_b_1.nii.gz,heart/heart/heart tissue,pericardial effusion
train_57_a_1.nii.gz,lung,"atelectasis, density increases"
train_57_a_1.nii.gz,lung/lung,"atelectasis, density increases"
train_57_a_1.nii.gz,lung/lung/lung lower lobe,"atelectasis, density increases"
train_57_a_1.nii.gz,mediastinum,lymphadenopathies
train_57_a_1.nii.gz,mediastinum/mediastinal tissue,lymphadenopathies
train_57_a_1.nii.gz,pleura,bilateral pleural effusion
train_57_a_1.nii.gz,pleura/pleura,bilateral pleural effusion
train_57_a_1.nii.gz,abdomen,"mass, lymphadenopathy, heterogeneous density"
train_57_a_1.nii.gz,abdomen/abdomen,"mass, lymphadenopathy, heterogeneous density"
train_57_a_1.nii.gz,abdomen/abdomen/liver,"mass, heterogeneous density"
train_57_a_1.nii.gz,abdomen/abdomen/stomach,lymphadenopathy
train_112_a_1.nii.gz,heart,pericardial effusion
train_112_a_1.nii.gz,heart/heart,pericardial effusion
train_112_a_1.nii.gz,heart/heart/heart tissue,pericardial effusion
train_112_a_1.nii.gz,bone,hemangioma
train_112_a_1.nii.gz,bone/bone,hemangioma
train_112_a_1.nii.gz,bone/bone/vertebrae,hemangioma
train_112_a_1.nii.gz,bone/bone/vertebrae/thoracic vertebrae,hemangioma
train_112_a_1.nii.gz,bone/bone/vertebrae/thoracic vertebrae/thoracic vertebrae 8 (t8),hemangioma
train_112_a_1.nii.gz,abdomen,"liver size, advanced fat in parenchyma density"
train_112_a_1.nii.gz,abdomen/abdomen,"liver size, advanced fat in parenchyma density"
train_112_a_1.nii.gz,abdomen/abdomen/liver,"liver size, advanced fat in parenchyma density"
train_61_a_1.nii.gz,lung,"lymphangitis carcinomatosa, findings, ground glass areas, interlobular septal thickenings, viral infections, pathologies"
train_61_a_1.nii.gz,lung/lung,"lymphangitis carcinomatosa, findings, ground glass areas, interlobular septal thickenings, viral infections, pathologies"
train_61_a_1.nii.gz,lung/lung/lung upper lobe,ground glass areas
train_61_a_1.nii.gz,pleura,bilateral pleural effusion
train_61_a_1.nii.gz,pleura/pleura,bilateral pleural effusion
train_33_a_1.nii.gz,lung,"interlobular septal thickenings, ground-glass appearances, covid-19 pneumonia"
train_33_a_1.nii.gz,lung/lung,"interlobular septal thickenings, ground-glass appearances, covid-19 pneumonia"
train_33_a_1.nii.gz,lung/lung/right lung,"interlobular septal thickenings, ground-glass appearances"
train_33_a_1.nii.gz,lung/lung/lung lower lobe,"interlobular septal thickenings, ground-glass appearances"
train_33_a_1.nii.gz,lung/lung/lung upper lobe,"interlobular septal thickenings, ground-glass appearances"
train_33_a_1.nii.gz,mediastinum,atheromatous plaques
train_33_a_1.nii.gz,mediastinum/aorta,atheromatous plaques
train_33_a_1.nii.gz,heart,pericardial effusion
train_33_a_1.nii.gz,heart/heart,pericardial effusion
train_33_a_1.nii.gz,heart/heart/heart tissue,pericardial effusion
train_33_a_1.nii.gz,abdomen,atheromatous plaques
train_33_a_1.nii.gz,abdomen/abdomen,atheromatous plaques
train_33_a_1.nii.gz,abdomen/abdomen/aorta,atheromatous plaques
train_53_c_1.nii.gz,lung,"semisolid nodule, ground glass density, subsegmental-linear atelectasis, density increases"
train_53_c_1.nii.gz,lung/lung,"semisolid nodule, ground glass density, subsegmental-linear atelectasis, density increases"
train_53_c_1.nii.gz,lung/lung/right lung,semisolid nodule
train_53_c_1.nii.gz,lung/lung/right lung/right lung upper lobe,semisolid nodule
train_53_c_1.nii.gz,lung/lung/lung lower lobe,"ground glass density, subsegmental-linear atelectasis, density increases"
train_53_c_1.nii.gz,lung/lung/lung upper lobe,semisolid nodule
train_53_c_1.nii.gz,lung/lung/lung upper lobe/right lung upper lobe,semisolid nodule
train_53_c_1.nii.gz,esophagus,mixed type hiatal hernia
train_53_c_1.nii.gz,esophagus/esophagus,mixed type hiatal hernia
train_82_a_1.nii.gz,lung,"mosaic attenuation pattern, atelectasis areas, pleuroparenchymal sequelae density increases, nonspecific ground-glass-like density increases"
train_82_a_1.nii.gz,lung/lung,"mosaic attenuation pattern, atelectasis areas, pleuroparenchymal sequelae density increases, nonspecific ground-glass-like density increases"
train_82_a_1.nii.gz,lung/lung/left lung,nonspecific ground-glass-like density increases
train_82_a_1.nii.gz,lung/lung/left lung/left lung upper lobe,nonspecific ground-glass-like density increases
train_82_a_1.nii.gz,lung/lung/right lung,"pleuroparenchymal sequelae density increases, atelectasis areas, nonspecific ground-glass-like density increases"
train_82_a_1.nii.gz,lung/lung/right lung/right lung lower lobe,nonspecific ground-glass-like density increases
train_82_a_1.nii.gz,lung/lung/lung lower lobe,"atelectasis areas, nonspecific ground-glass-like density increases"
train_82_a_1.nii.gz,lung/lung/lung lower lobe/right lung lower lobe,nonspecific ground-glass-like density increases
train_82_a_1.nii.gz,lung/lung/lung upper lobe,nonspecific ground-glass-like density increases
train_82_a_1.nii.gz,lung/lung/lung upper lobe/left lung upper lobe,nonspecific ground-glass-like density increases
train_82_a_1.nii.gz,trachea and bronchie,bilateral peribronchial thickenings
train_82_a_1.nii.gz,trachea and bronchie/bronchie,bilateral peribronchial thickenings
train_82_a_1.nii.gz,mediastinum,"calcified atherosclerotic changes, mild dilatation"
train_82_a_1.nii.gz,mediastinum/aorta,calcified atherosclerotic changes
train_82_a_1.nii.gz,mediastinum/pulmonary artery,mild dilatation
train_82_a_1.nii.gz,pleura,bilateral minimal pleural effusion
train_82_a_1.nii.gz,pleura/pleura,bilateral minimal pleural effusion
train_82_a_1.nii.gz,bone,"fusion, degenerative changes"
train_82_a_1.nii.gz,bone/bone,"fusion, degenerative changes"
train_82_a_1.nii.gz,bone/bone/vertebrae,fusion
train_82_a_1.nii.gz,bone/bone/vertebrae/thoracic vertebrae,fusion
train_82_a_1.nii.gz,abdomen,"calcified atherosclerotic changes, minimal calculus, density increases"
train_82_a_1.nii.gz,abdomen/abdomen,"calcified atherosclerotic changes, minimal calculus, density increases"
train_82_a_1.nii.gz,abdomen/abdomen/aorta,calcified atherosclerotic changes
train_82_a_1.nii.gz,abdomen/abdomen/gallbladder,"minimal calculus, density increases"
train_59_a_1.nii.gz,lung,nodule
train_59_a_1.nii.gz,lung/lung,nodule
train_59_a_1.nii.gz,lung/lung/left lung,nodule
train_59_a_1.nii.gz,lung/lung/left lung/left lung upper lobe,nodule
train_59_a_1.nii.gz,lung/lung/lung upper lobe,nodule
train_59_a_1.nii.gz,lung/lung/lung upper lobe/left lung upper lobe,nodule
train_60_b_1.nii.gz,lung,"fungal infections, nodule, atypical viral pneumonias, ground glass areas, centriacinar nodular infiltration areas, ground-glass halo, 1 cm diameter nodule"
train_60_b_1.nii.gz,lung/lung,"fungal infections, nodule, atypical viral pneumonias, ground glass areas, centriacinar nodular infiltration areas, ground-glass halo, 1 cm diameter nodule"
train_60_b_1.nii.gz,lung/lung/left lung,"nodule, ground glass areas, centriacinar nodular infiltration areas, ground-glass halo, 1 cm diameter nodule"
train_60_b_1.nii.gz,lung/lung/left lung/left lung lower lobe,"1 cm diameter nodule, nodule, ground-glass halo"
train_60_b_1.nii.gz,lung/lung/left lung/left lung upper lobe,"ground glass areas, centriacinar nodular infiltration areas"
train_60_b_1.nii.gz,lung/lung/right lung,"ground glass areas, centriacinar nodular infiltration areas"
train_60_b_1.nii.gz,lung/lung/right lung/right lung upper lobe,"ground glass areas, centriacinar nodular infiltration areas"
train_60_b_1.nii.gz,lung/lung/lung lower lobe,"nodule, ground glass areas, centriacinar nodular infiltration areas, ground-glass halo, 1 cm diameter nodule"
train_60_b_1.nii.gz,lung/lung/lung lower lobe/left lung lower lobe,"1 cm diameter nodule, nodule, ground-glass halo"
train_60_b_1.nii.gz,lung/lung/lung upper lobe,"ground glass areas, centriacinar nodular infiltration areas"
train_60_b_1.nii.gz,lung/lung/lung upper lobe/left lung upper lobe,"ground glass areas, centriacinar nodular infiltration areas"
train_60_b_1.nii.gz,lung/lung/lung upper lobe/right lung upper lobe,"ground glass areas, centriacinar nodular infiltration areas"
train_60_b_1.nii.gz,mediastinum,"calcific atheroma plaques, lymph node"
train_60_b_1.nii.gz,mediastinum/aorta,calcific atheroma plaques
train_60_b_1.nii.gz,mediastinum/mediastinal tissue,lymph node
train_60_b_1.nii.gz,bone,"diffuse lytic bone lesions, compression fractures, multiple myeloma involvement"
train_60_b_1.nii.gz,bone/bone,"diffuse lytic bone lesions, compression fractures, multiple myeloma involvement"
train_60_b_1.nii.gz,bone/bone/vertebrae,compression fractures
train_60_b_1.nii.gz,bone/bone/vertebrae/thoracic vertebrae,compression fractures
train_60_b_1.nii.gz,bone/bone/vertebrae/thoracic vertebrae/thoracic vertebrae 5 (t5),compression fractures
train_60_b_1.nii.gz,abdomen,calcific atheroma plaques
train_60_b_1.nii.gz,abdomen/abdomen,calcific atheroma plaques
train_60_b_1.nii.gz,abdomen/abdomen/aorta,calcific atheroma plaques
train_30_a_1.nii.gz,lung,"nodule, consolidation areas, right lower lobe lobar pneumonia, air bronchograms, consolidative parenchyma area, pleuroparenchymal sequelae changes, covid pneumonia, 3 mm diameter nodule"
train_30_a_1.nii.gz,lung/lung,"nodule, consolidation areas, right lower lobe lobar pneumonia, air bronchograms, consolidative parenchyma area, pleuroparenchymal sequelae changes, covid pneumonia, 3 mm diameter nodule"
train_30_a_1.nii.gz,lung/lung/right lung,"nodule, right lower lobe lobar pneumonia, air bronchograms, consolidative parenchyma area, pleuroparenchymal sequelae changes, 3 mm diameter nodule"
train_30_a_1.nii.gz,lung/lung/right lung/right lung lower lobe,"right lower lobe lobar pneumonia, air bronchograms, consolidative parenchyma area"
train_30_a_1.nii.gz,lung/lung/right lung/right lung upper lobe,"nodule, 3 mm diameter nodule"
train_30_a_1.nii.gz,lung/lung/lung lower lobe,"right lower lobe lobar pneumonia, air bronchograms, consolidative parenchyma area"
train_30_a_1.nii.gz,lung/lung/lung lower lobe/right lung lower lobe,"right lower lobe lobar pneumonia, air bronchograms, consolidative parenchyma area"
train_30_a_1.nii.gz,lung/lung/lung upper lobe,"nodule, 3 mm diameter nodule"
train_30_a_1.nii.gz,lung/lung/lung upper lobe/right lung upper lobe,"nodule, 3 mm diameter nodule"
train_30_a_1.nii.gz,heart,pericardial effusion
train_30_a_1.nii.gz,heart/heart,pericardial effusion
train_30_a_1.nii.gz,heart/heart/heart tissue,pericardial effusion
train_30_a_1.nii.gz,bone,minimal degenerative changes
train_30_a_1.nii.gz,bone/bone,minimal degenerative changes
train_30_a_1.nii.gz,abdomen,"decrease in density consistent with steatosis, nodular densities"
train_30_a_1.nii.gz,abdomen/abdomen,"decrease in density consistent with steatosis, nodular densities"
train_30_a_1.nii.gz,abdomen/abdomen/liver,decrease in density consistent with steatosis
train_30_a_1.nii.gz,abdomen/abdomen/spleen,nodular densities
train_106_a_1.nii.gz,lung,mild atelectatic changes
train_106_a_1.nii.gz,lung/lung,mild atelectatic changes
train_106_a_1.nii.gz,lung/lung/left lung,mild atelectatic changes
train_106_a_1.nii.gz,lung/lung/left lung/left lung upper lobe,mild atelectatic changes
train_106_a_1.nii.gz,lung/lung/lung upper lobe,mild atelectatic changes
train_106_a_1.nii.gz,lung/lung/lung upper lobe/left lung upper lobe,mild atelectatic changes
train_106_a_1.nii.gz,heart,pericardial effusion
train_106_a_1.nii.gz,heart/heart,pericardial effusion
train_106_a_1.nii.gz,heart/heart/heart tissue,pericardial effusion
train_46_b_1.nii.gz,lung,millimetric nodules
train_46_b_1.nii.gz,lung/lung,millimetric nodules
train_46_b_1.nii.gz,heart,pericardial effusion
train_46_b_1.nii.gz,heart/heart,pericardial effusion
train_46_b_1.nii.gz,heart/heart/heart tissue,pericardial effusion
train_46_b_1.nii.gz,pleura,"atelectasis, pleural effusion, bilateral minimal pleural effusion"
train_46_b_1.nii.gz,pleura/pleura,"atelectasis, pleural effusion, bilateral minimal pleural effusion"
train_46_b_1.nii.gz,abdomen,edema
train_46_b_1.nii.gz,abdomen/abdomen,edema
train_46_b_1.nii.gz,abdomen/abdomen/liver,edema
train_46_b_1.nii.gz,abdomen/abdomen/liver/liver vessel,edema
train_12_a_1.nii.gz,lung,"pleuroparenchymal fibroatelectatic sequelae changes, emphysematous changes"
train_12_a_1.nii.gz,lung/lung,"pleuroparenchymal fibroatelectatic sequelae changes, emphysematous changes"
train_12_a_1.nii.gz,lung/lung/left lung,pleuroparenchymal fibroatelectatic sequelae changes
train_12_a_1.nii.gz,lung/lung/left lung/left lung upper lobe,pleuroparenchymal fibroatelectatic sequelae changes
train_12_a_1.nii.gz,lung/lung/right lung,pleuroparenchymal fibroatelectatic sequelae changes
train_12_a_1.nii.gz,lung/lung/right lung/right lung lower lobe,pleuroparenchymal fibroatelectatic sequelae changes
train_12_a_1.nii.gz,lung/lung/lung lower lobe,pleuroparenchymal fibroatelectatic sequelae changes
train_12_a_1.nii.gz,lung/lung/lung lower lobe/right lung lower lobe,pleuroparenchymal fibroatelectatic sequelae changes
train_12_a_1.nii.gz,lung/lung/lung upper lobe,pleuroparenchymal fibroatelectatic sequelae changes
train_12_a_1.nii.gz,lung/lung/lung upper lobe/left lung upper lobe,pleuroparenchymal fibroatelectatic sequelae changes
train_12_a_1.nii.gz,mediastinum,calcific atheroma plaques
train_12_a_1.nii.gz,mediastinum/aorta,calcific atheroma plaques
train_12_a_1.nii.gz,heart,"pericardial effusion, above normal"
train_12_a_1.nii.gz,heart/heart,"pericardial effusion, above normal"
train_12_a_1.nii.gz,heart/heart/heart ascending aorta,above normal
train_12_a_1.nii.gz,heart/heart/heart tissue,pericardial effusion
train_12_a_1.nii.gz,abdomen,calcific atheroma plaques
train_12_a_1.nii.gz,abdomen/abdomen,calcific atheroma plaques
train_12_a_1.nii.gz,abdomen/abdomen/aorta,calcific atheroma plaques
train_49_a_1.nii.gz,lung,"sequel, emphysematous, traction bronchiectasis, tubular bronchiectasis, structural distortion, atelectasis change"
train_49_a_1.nii.gz,lung/lung,"sequel, emphysematous, traction bronchiectasis, tubular bronchiectasis, structural distortion, atelectasis change"
train_49_a_1.nii.gz,lung/lung/right lung,"structural distortion, atelectasis change, traction bronchiectasis"
train_49_a_1.nii.gz,lung/lung/right lung/right lung upper lobe,"structural distortion, atelectasis change, traction bronchiectasis"
train_49_a_1.nii.gz,lung/lung/lung upper lobe,"structural distortion, atelectasis change, traction bronchiectasis"
train_49_a_1.nii.gz,lung/lung/lung upper lobe/right lung upper lobe,"structural distortion, atelectasis change, traction bronchiectasis"
train_49_a_1.nii.gz,heart,pericardial effusion
train_49_a_1.nii.gz,heart/heart,pericardial effusion
train_49_a_1.nii.gz,heart/heart/heart tissue,pericardial effusion
train_49_a_1.nii.gz,thyroid,hypodense nodule
train_49_a_1.nii.gz,thyroid/thyroid,hypodense nodule
train_49_a_1.nii.gz,abdomen,"liver parenchyma density, fatty deposits"
train_49_a_1.nii.gz,abdomen/abdomen,"liver parenchyma density, fatty deposits"
train_49_a_1.nii.gz,abdomen/abdomen/liver,"liver parenchyma density, fatty deposits"
train_105_a_1.nii.gz,lung,"linear linear density increase, alveolar hemorrhage"
train_105_a_1.nii.gz,lung/lung,"linear linear density increase, alveolar hemorrhage"
train_105_a_1.nii.gz,lung/lung/right lung,linear linear density increase
train_105_a_1.nii.gz,lung/lung/right lung/right lung upper lobe,linear linear density increase
train_105_a_1.nii.gz,lung/lung/lung lower lobe,linear linear density increase
train_105_a_1.nii.gz,lung/lung/lung upper lobe,linear linear density increase
train_105_a_1.nii.gz,lung/lung/lung upper lobe/right lung upper lobe,linear linear density increase
train_105_a_1.nii.gz,heart,pericardial effusion
train_105_a_1.nii.gz,heart/heart,pericardial effusion
train_105_a_1.nii.gz,heart/heart/heart tissue,pericardial effusion
train_105_a_1.nii.gz,pleura,subpleural hemorrhage area
train_105_a_1.nii.gz,pleura/pleura,subpleural hemorrhage area
train_105_a_1.nii.gz,abdomen,moderate hepatosteatosis
train_105_a_1.nii.gz,abdomen/abdomen,moderate hepatosteatosis
train_105_a_1.nii.gz,abdomen/abdomen/liver,moderate hepatosteatosis
train_107_b_1.nii.gz,lung,"primary disease, fungal infection, consolidation, pneumonic infiltration, ground-glass appearance, manifestations, air bronchograms, round-shaped consolidations, consolidations, specific infection, ground-glass appearances, nodule-like consolidations"
train_107_b_1.nii.gz,lung/lung,"primary disease, fungal infection, consolidation, pneumonic infiltration, ground-glass appearance, manifestations, air bronchograms, round-shaped consolidations, consolidations, specific infection, ground-glass appearances, nodule-like consolidations"
train_107_b_1.nii.gz,lung/lung/right lung,"consolidation, air bronchograms, ground-glass appearances"
train_107_b_1.nii.gz,lung/lung/right lung/right lung lower lobe,"consolidation, air bronchograms, ground-glass appearances"
train_107_b_1.nii.gz,lung/lung/lung lower lobe,"consolidation, air bronchograms, ground-glass appearances"
train_107_b_1.nii.gz,lung/lung/lung lower lobe/right lung lower lobe,"consolidation, air bronchograms, ground-glass appearances"
train_144_a_1.nii.gz,lung,mosaic attenuation pattern
train_144_a_1.nii.gz,lung/lung,mosaic attenuation pattern
train_66_a_1.nii.gz,lung,"sequelae fibrotic densities, pulmonary nodule, linear atelectasis, mosaic attenuation pattern, emphysematous changes"
train_66_a_1.nii.gz,lung/lung,"sequelae fibrotic densities, pulmonary nodule, linear atelectasis, mosaic attenuation pattern, emphysematous changes"
train_66_a_1.nii.gz,lung/lung/left lung,"pulmonary nodule, linear atelectasis"
train_66_a_1.nii.gz,lung/lung/left lung/left lung lower lobe,pulmonary nodule
train_66_a_1.nii.gz,lung/lung/right lung,pulmonary nodule
train_66_a_1.nii.gz,lung/lung/right lung/right lung upper lobe,pulmonary nodule
train_66_a_1.nii.gz,lung/lung/lung lower lobe,pulmonary nodule
train_66_a_1.nii.gz,lung/lung/lung lower lobe/left lung lower lobe,pulmonary nodule
train_66_a_1.nii.gz,lung/lung/lung upper lobe,pulmonary nodule
train_66_a_1.nii.gz,lung/lung/lung upper lobe/right lung upper lobe,pulmonary nodule
train_66_a_1.nii.gz,mediastinum,"calcific atheromatous plaques, lymph nodes with a short axis of approximately 10 mm, some with round borders"
train_66_a_1.nii.gz,mediastinum/aorta,calcific atheromatous plaques
train_66_a_1.nii.gz,mediastinum/mediastinal tissue,"lymph nodes with a short axis of approximately 10 mm, some with round borders"
train_66_a_1.nii.gz,heart,pericardial effusion
train_66_a_1.nii.gz,heart/heart,pericardial effusion
train_66_a_1.nii.gz,heart/heart/heart tissue,pericardial effusion
train_66_a_1.nii.gz,pleura,"bronchiectasis, sequela fibrotic densities"
train_66_a_1.nii.gz,pleura/pleura,"bronchiectasis, sequela fibrotic densities"
train_66_a_1.nii.gz,abdomen,calcific atheromatous plaques
train_66_a_1.nii.gz,abdomen/abdomen,calcific atheromatous plaques
train_66_a_1.nii.gz,abdomen/abdomen/aorta,calcific atheromatous plaques
train_62_a_1.nii.gz,heart,pericardial effusion
train_62_a_1.nii.gz,heart/heart,pericardial effusion
train_62_a_1.nii.gz,heart/heart/heart tissue,pericardial effusion
train_60_c_1.nii.gz,lung,"consolidation areas, peripheral ground glass density increases, atypical viral pneumonia, fungal infection"
train_60_c_1.nii.gz,lung/lung,"consolidation areas, peripheral ground glass density increases, atypical viral pneumonia, fungal infection"
train_60_c_1.nii.gz,mediastinum,lymph node
train_60_c_1.nii.gz,mediastinum/mediastinal tissue,lymph node
train_60_c_1.nii.gz,bone,loss of height
train_60_c_1.nii.gz,bone/bone,loss of height
train_60_c_1.nii.gz,bone/bone/vertebrae,loss of height
train_60_c_1.nii.gz,bone/bone/vertebrae/thoracic vertebrae,loss of height
train_60_c_1.nii.gz,bone/bone/vertebrae/thoracic vertebrae/thoracic vertebrae 5 (t5),loss of height
train_45_a_1.nii.gz,lung,"consolidation, pneumonic infiltration, air bronchograms, area of increase in density, emphysematous changes"
train_45_a_1.nii.gz,lung/lung,"consolidation, pneumonic infiltration, air bronchograms, area of increase in density, emphysematous changes"
train_45_a_1.nii.gz,lung/lung/right lung,"consolidation, air bronchograms, area of increase in density"
train_45_a_1.nii.gz,lung/lung/right lung/right lung middle lobe,"consolidation, air bronchograms, area of increase in density"
train_45_a_1.nii.gz,lung/lung/lung lower lobe,"consolidation, air bronchograms, area of increase in density"
train_45_a_1.nii.gz,mediastinum,calcified atheromatous plaques
train_45_a_1.nii.gz,mediastinum/aorta,calcified atheromatous plaques
train_45_a_1.nii.gz,heart,pericardial effusion
train_45_a_1.nii.gz,heart/heart,pericardial effusion
train_45_a_1.nii.gz,heart/heart/heart tissue,pericardial effusion
train_45_a_1.nii.gz,esophagus,"air-fluid densities, lower end pathologies"
train_45_a_1.nii.gz,esophagus/esophagus,"air-fluid densities, lower end pathologies"
train_45_a_1.nii.gz,pleura,effusion
train_45_a_1.nii.gz,pleura/pleura,effusion
train_45_a_1.nii.gz,bone,degenerative changes
train_45_a_1.nii.gz,bone/bone,degenerative changes
train_45_a_1.nii.gz,abdomen,calcified atheromatous plaques
train_45_a_1.nii.gz,abdomen/abdomen,calcified atheromatous plaques
train_45_a_1.nii.gz,abdomen/abdomen/aorta,calcified atheromatous plaques
train_8_a_1.nii.gz,lung,"pulmonary nodules, sequelae change, interseptal thickness increases, effusion, fibrotic densities"
train_8_a_1.nii.gz,lung/lung,"pulmonary nodules, sequelae change, interseptal thickness increases, effusion, fibrotic densities"
train_8_a_1.nii.gz,lung/lung/left lung,"interseptal thickness increases, fibrotic densities, sequelae change"
train_8_a_1.nii.gz,lung/lung/left lung/left lung upper lobe,"interseptal thickness increases, fibrotic densities, sequelae change"
train_8_a_1.nii.gz,lung/lung/right lung,"interseptal thickness increases, fibrotic densities, pulmonary nodules, sequelae change"
train_8_a_1.nii.gz,lung/lung/right lung/right lung upper lobe,"interseptal thickness increases, fibrotic densities, pulmonary nodules, sequelae change"
train_8_a_1.nii.gz,lung/lung/lung upper lobe,"pulmonary nodules, interseptal thickness increases, fibrotic densities, sequelae change"
train_8_a_1.nii.gz,lung/lung/lung upper lobe/left lung upper lobe,"interseptal thickness increases, fibrotic densities, sequelae change"
train_8_a_1.nii.gz,lung/lung/lung upper lobe/right lung upper lobe,"interseptal thickness increases, fibrotic densities, pulmonary nodules, sequelae change"
train_8_a_1.nii.gz,mediastinum,"Several lymph nodes with a short axis of 9 mm, calcific plaques"
train_8_a_1.nii.gz,mediastinum/aorta,calcific plaques
train_8_a_1.nii.gz,mediastinum/mediastinal tissue,Several lymph nodes with a short axis of 9 mm
train_8_a_1.nii.gz,heart,"sizes increased, pericardial effusion"
train_8_a_1.nii.gz,heart/heart,"sizes increased, pericardial effusion"
train_8_a_1.nii.gz,pleura,"atelectasis, pleural effusion"
train_8_a_1.nii.gz,pleura/pleura,"atelectasis, pleural effusion"
train_8_a_1.nii.gz,abdomen,calcific plaques
train_8_a_1.nii.gz,abdomen/abdomen,calcific plaques
train_8_a_1.nii.gz,abdomen/abdomen/aorta,calcific plaques
train_60_a_1.nii.gz,lung,millimetric nonspecific nodule
train_60_a_1.nii.gz,lung/lung,millimetric nonspecific nodule
train_60_a_1.nii.gz,lung/lung/left lung,millimetric nonspecific nodule
train_60_a_1.nii.gz,lung/lung/left lung/left lung lower lobe,millimetric nonspecific nodule
train_60_a_1.nii.gz,lung/lung/lung lower lobe,millimetric nonspecific nodule
train_60_a_1.nii.gz,lung/lung/lung lower lobe/left lung lower lobe,millimetric nonspecific nodule
train_60_a_1.nii.gz,mediastinum,"calcific atheroma plaques, lymph node"
train_60_a_1.nii.gz,mediastinum/aorta,calcific atheroma plaques
train_60_a_1.nii.gz,mediastinum/mediastinal tissue,lymph node
train_60_a_1.nii.gz,heart,pericardial effusion
train_60_a_1.nii.gz,heart/heart,pericardial effusion
train_60_a_1.nii.gz,heart/heart/heart tissue,pericardial effusion
train_60_a_1.nii.gz,bone,"compression fractures, lytic lesions"
train_60_a_1.nii.gz,bone/bone,"compression fractures, lytic lesions"
train_60_a_1.nii.gz,bone/bone/vertebrae,"compression fractures, lytic lesions"
train_60_a_1.nii.gz,bone/bone/vertebrae/thoracic vertebrae,compression fractures
train_60_a_1.nii.gz,bone/bone/vertebrae/thoracic vertebrae/thoracic vertebrae 5 (t5),compression fractures
train_60_a_1.nii.gz,bone/bone/vertebrae/thoracic vertebrae/thoracic vertebrae 9 (t9),compression fractures
train_60_a_1.nii.gz,bone/bone/vertebrae/lumbar vertebrae,compression fractures
train_60_a_1.nii.gz,bone/bone/vertebrae/lumbar vertebrae/lumbar vertebrae 1 (l1),compression fractures
train_60_a_1.nii.gz,abdomen,calcific atheroma plaques
train_60_a_1.nii.gz,abdomen/abdomen,calcific atheroma plaques
train_60_a_1.nii.gz,abdomen/abdomen/aorta,calcific atheroma plaques
train_119_a_1.nii.gz,lung,"pulmonary parenchymal nodules, nodule, pneumonic infiltration, lymphangitic spread, mass, thin-walled air cyst, air cyst"
train_119_a_1.nii.gz,lung/lung,"pulmonary parenchymal nodules, nodule, pneumonic infiltration, lymphangitic spread, mass, thin-walled air cyst, air cyst"
train_119_a_1.nii.gz,lung/lung/left lung,pulmonary parenchymal nodules
train_119_a_1.nii.gz,lung/lung/left lung/left lung upper lobe,pulmonary parenchymal nodules
train_119_a_1.nii.gz,lung/lung/right lung,"nodule, pneumonic infiltration, lymphangitic spread, mass, thin-walled air cyst, air cyst"
train_119_a_1.nii.gz,lung/lung/right lung/right lung upper lobe,mass
train_119_a_1.nii.gz,lung/lung/lung upper lobe,"pulmonary parenchymal nodules, mass"
train_119_a_1.nii.gz,lung/lung/lung upper lobe/left lung upper lobe,pulmonary parenchymal nodules
train_119_a_1.nii.gz,lung/lung/lung upper lobe/right lung upper lobe,mass
train_119_a_1.nii.gz,mediastinum,"Subcarinal conglomerated lymph nodes whose borders could not be clearly evaluated, calcific atheromatous plaques, mass"
train_119_a_1.nii.gz,mediastinum/aorta,calcific atheromatous plaques
train_119_a_1.nii.gz,mediastinum/mediastinal tissue,"Subcarinal conglomerated lymph nodes whose borders could not be clearly evaluated, mass"
train_119_a_1.nii.gz,pleura,pleural effusion
train_119_a_1.nii.gz,pleura/pleura,pleural effusion
train_119_a_1.nii.gz,abdomen,calcific atheromatous plaques
train_119_a_1.nii.gz,abdomen/abdomen,calcific atheromatous plaques
train_119_a_1.nii.gz,abdomen/abdomen/aorta,calcific atheromatous plaques
train_67_a_1.nii.gz,lung,"infectious porces, ground glass densities"
train_67_a_1.nii.gz,lung/lung,"infectious porces, ground glass densities"
train_67_a_1.nii.gz,heart,pericardial effusion
train_67_a_1.nii.gz,heart/heart,pericardial effusion
train_67_a_1.nii.gz,heart/heart/heart tissue,pericardial effusion
train_37_a_1.nii.gz,lung,"bud tree appearances, atelectasis changes, infective, consolidations, centracinar parenchymal nodules"
train_37_a_1.nii.gz,lung/lung,"bud tree appearances, atelectasis changes, infective, consolidations, centracinar parenchymal nodules"
train_37_a_1.nii.gz,lung/lung/left lung,"bud tree appearances, consolidations, atelectasis changes, centracinar parenchymal nodules"
train_37_a_1.nii.gz,lung/lung/left lung/left lung lower lobe,"bud tree appearances, consolidations, atelectasis changes"
train_37_a_1.nii.gz,lung/lung/left lung/left lung upper lobe,centracinar parenchymal nodules
train_37_a_1.nii.gz,lung/lung/lung lower lobe,"bud tree appearances, consolidations, atelectasis changes"
train_37_a_1.nii.gz,lung/lung/lung lower lobe/left lung lower lobe,"bud tree appearances, consolidations, atelectasis changes"
train_37_a_1.nii.gz,lung/lung/lung upper lobe,centracinar parenchymal nodules
train_37_a_1.nii.gz,lung/lung/lung upper lobe/left lung upper lobe,centracinar parenchymal nodules
train_37_a_1.nii.gz,heart,calcifications
train_37_a_1.nii.gz,heart/heart,calcifications
train_37_a_1.nii.gz,heart/heart/heart tissue,calcifications
train_39_b_1.nii.gz,lung,"nonspecific nodule, a nonspecific nodule with a diameter of 2 mm"
train_39_b_1.nii.gz,lung/lung,"nonspecific nodule, a nonspecific nodule with a diameter of 2 mm"
train_39_b_1.nii.gz,lung/lung/right lung,"nonspecific nodule, a nonspecific nodule with a diameter of 2 mm"
train_39_b_1.nii.gz,heart,cardiothoracic index
train_39_b_1.nii.gz,heart/heart,cardiothoracic index
train_52_b_1.nii.gz,lung,"space-occupying nodular lesions, fluid loculated, carcinomatous process"
train_52_b_1.nii.gz,lung/lung,"space-occupying nodular lesions, fluid loculated, carcinomatous process"
train_52_b_1.nii.gz,lung/lung/right lung,space-occupying nodular lesions
train_52_b_1.nii.gz,trachea and bronchie,"plunging nodule, motion artifacts"
train_52_b_1.nii.gz,trachea and bronchie/trachea,"plunging nodule, motion artifacts"
train_52_b_1.nii.gz,mediastinum,plunging nodule
train_52_b_1.nii.gz,mediastinum/mediastinal tissue,plunging nodule
train_52_b_1.nii.gz,heart,cardiothoracic index
train_52_b_1.nii.gz,heart/heart,cardiothoracic index
train_52_b_1.nii.gz,thyroid,hypertrophic
train_52_b_1.nii.gz,thyroid/thyroid,hypertrophic
train_52_b_1.nii.gz,abdomen,"fluid attenuation, cyst"
train_52_b_1.nii.gz,abdomen/abdomen,"fluid attenuation, cyst"
train_52_b_1.nii.gz,abdomen/abdomen/abdominal tissue,"fluid attenuation, cyst"
train_35_a_1.nii.gz,lung,"millimetric calcific focus, calcific focus"
train_35_a_1.nii.gz,lung/lung,"millimetric calcific focus, calcific focus"
train_35_a_1.nii.gz,lung/lung/right lung,"millimetric calcific focus, calcific focus"
train_35_a_1.nii.gz,lung/lung/right lung/right lung upper lobe,"millimetric calcific focus, calcific focus"
train_35_a_1.nii.gz,lung/lung/lung upper lobe,"millimetric calcific focus, calcific focus"
train_35_a_1.nii.gz,lung/lung/lung upper lobe/right lung upper lobe,"millimetric calcific focus, calcific focus"
train_35_a_1.nii.gz,bone,"bone islet, hemangiomatous appearance, grade i spondylolisthesis, millimetric bone islet, hypertrophic osteophytic taperings, milimetric cystic schmorl nodule"
train_35_a_1.nii.gz,bone/bone,"bone islet, hemangiomatous appearance, grade i spondylolisthesis, millimetric bone islet, hypertrophic osteophytic taperings, milimetric cystic schmorl nodule"
train_35_a_1.nii.gz,bone/bone/vertebrae,"bone islet, hemangiomatous appearance, grade i spondylolisthesis, millimetric bone islet, hypertrophic osteophytic taperings, milimetric cystic schmorl nodule"
train_35_a_1.nii.gz,bone/bone/vertebrae/thoracic vertebrae,hemangiomatous appearance
train_35_a_1.nii.gz,bone/bone/vertebrae/thoracic vertebrae/thoracic vertebrae 9 (t9),hemangiomatous appearance
train_35_a_1.nii.gz,bone/bone/vertebrae/lumbar vertebrae,"bone islet, hemangiomatous appearance, grade i spondylolisthesis, millimetric bone islet, milimetric cystic schmorl nodule"
train_35_a_1.nii.gz,bone/bone/vertebrae/lumbar vertebrae/lumbar vertebrae 1 (l1),hemangiomatous appearance
train_35_a_1.nii.gz,bone/bone/vertebrae/lumbar vertebrae/lumbar vertebrae 2 (l2),"millimetric bone islet, bone islet"
train_35_a_1.nii.gz,bone/bone/vertebrae/lumbar vertebrae/lumbar vertebrae 4 (l4),grade i spondylolisthesis
train_35_a_1.nii.gz,bone/bone/vertebrae/lumbar vertebrae/lumbar vertebrae 5 (l5),"milimetric cystic schmorl nodule, grade i spondylolisthesis"
train_35_a_1.nii.gz,abdomen,"dilatation of the intrahepatic bile ducts, lymph node, obstructive stone"
train_35_a_1.nii.gz,abdomen/abdomen,"dilatation of the intrahepatic bile ducts, lymph node, obstructive stone"
train_35_a_1.nii.gz,abdomen/abdomen/abdominal tissue,lymph node
train_35_a_1.nii.gz,abdomen/abdomen/gallbladder,obstructive stone
train_35_a_1.nii.gz,abdomen/abdomen/liver,dilatation of the intrahepatic bile ducts
train_35_a_1.nii.gz,abdomen/abdomen/liver/liver vessel,dilatation of the intrahepatic bile ducts
train_148_a_1.nii.gz,lung,"viral pneumonia, ground glass areas, nonspecific nodules, lesions, covid-19 pneumonia"
train_148_a_1.nii.gz,lung/lung,"viral pneumonia, ground glass areas, nonspecific nodules, lesions, covid-19 pneumonia"
train_148_a_1.nii.gz,lung/lung/right lung,ground glass areas
train_148_a_1.nii.gz,lung/lung/right lung/right lung lower lobe,ground glass areas
train_148_a_1.nii.gz,lung/lung/lung lower lobe,ground glass areas
train_148_a_1.nii.gz,lung/lung/lung lower lobe/right lung lower lobe,ground glass areas
train_148_a_1.nii.gz,mediastinum,"short lymph nodes less than 1 cm in diameter, calcific lymph nodes"
train_148_a_1.nii.gz,mediastinum/mediastinal tissue,"short lymph nodes less than 1 cm in diameter, calcific lymph nodes"
train_44_a_1.nii.gz,mediastinum,air
train_44_a_1.nii.gz,mediastinum/mediastinal tissue,air
train_44_a_1.nii.gz,heart,pericardial effusion
train_44_a_1.nii.gz,heart/heart,pericardial effusion
train_44_a_1.nii.gz,heart/heart/heart tissue,pericardial effusion
train_44_a_1.nii.gz,pleura,"air images, hemorrhagic components"
train_44_a_1.nii.gz,pleura/pleura,"air images, hemorrhagic components"
train_44_a_1.nii.gz,bone,"fragmented fracture lines, fragmented fractures, fragmented fracture line"
train_44_a_1.nii.gz,bone/bone,"fragmented fracture lines, fragmented fractures, fragmented fracture line"
train_44_a_1.nii.gz,bone/bone/vertebrae,fragmented fractures
train_44_a_1.nii.gz,bone/bone/vertebrae/thoracic vertebrae,fragmented fractures
train_44_a_1.nii.gz,bone/bone/vertebrae/thoracic vertebrae/thoracic vertebrae 9 (t9),fragmented fractures
train_44_a_1.nii.gz,bone/bone/rib,"fragmented fracture lines, fragmented fracture line"
train_44_a_1.nii.gz,bone/bone/rib/left rib,"fragmented fracture lines, fragmented fracture line"
train_44_a_1.nii.gz,bone/bone/rib/left rib/left rib 6,fragmented fracture line
train_44_a_1.nii.gz,bone/bone/rib/left rib/left rib 7,fragmented fracture line
train_44_a_1.nii.gz,bone/bone/rib/left rib/left rib 9,fragmented fracture lines
train_44_a_1.nii.gz,bone/bone/rib/rib 6,fragmented fracture line
train_44_a_1.nii.gz,bone/bone/rib/rib 6/left rib 6,fragmented fracture line
train_44_a_1.nii.gz,bone/bone/rib/rib 7,fragmented fracture line
train_44_a_1.nii.gz,bone/bone/rib/rib 7/left rib 7,fragmented fracture line
train_44_a_1.nii.gz,bone/bone/rib/rib 9,fragmented fracture lines
train_44_a_1.nii.gz,bone/bone/rib/rib 9/left rib 9,fragmented fracture lines
train_44_a_1.nii.gz,others,"hyperdense appearance, pneumothorax, parenchymal damage, lead"
train_44_a_1.nii.gz,others/thoracic cavity,"hyperdense appearance, pneumothorax, parenchymal damage, lead"
train_138_a_1.nii.gz,lung,"tubular bronchial ectasia, pleuroparenchymal sequelae density, consolidations"
train_138_a_1.nii.gz,lung/lung,"tubular bronchial ectasia, pleuroparenchymal sequelae density, consolidations"
train_138_a_1.nii.gz,lung/lung/right lung,"tubular bronchial ectasia, pleuroparenchymal sequelae density"
train_138_a_1.nii.gz,mediastinum,"planjon goiter, triangular shaped density, Right upper-bilateral lower paratracheal, aortopulmonary millimetric lymph nodes, thymic remnant"
train_138_a_1.nii.gz,mediastinum/mediastinal tissue,"planjon goiter, triangular shaped density, Right upper-bilateral lower paratracheal, aortopulmonary millimetric lymph nodes, thymic remnant"
train_138_a_1.nii.gz,heart,pericardial effusion
train_138_a_1.nii.gz,heart/heart,pericardial effusion
train_138_a_1.nii.gz,heart/heart/heart tissue,pericardial effusion
train_138_a_1.nii.gz,abdomen,hepatosteatosis
train_138_a_1.nii.gz,abdomen/abdomen,hepatosteatosis
train_138_a_1.nii.gz,abdomen/abdomen/liver,hepatosteatosis
train_82_b_1.nii.gz,lung,"sequelae changes, findings, consolidation, pneumonic infiltration, minimal volume loss, structural distortion, density increases"
train_82_b_1.nii.gz,lung/lung,"sequelae changes, findings, consolidation, pneumonic infiltration, minimal volume loss, structural distortion, density increases"
train_82_b_1.nii.gz,lung/lung/left lung,consolidation
train_82_b_1.nii.gz,lung/lung/left lung/left lung lower lobe,consolidation
train_82_b_1.nii.gz,lung/lung/right lung,"structural distortion, findings, density increases, minimal volume loss"
train_82_b_1.nii.gz,lung/lung/right lung/right lung lower lobe,"structural distortion, density increases, minimal volume loss"
train_82_b_1.nii.gz,lung/lung/right lung/right lung upper lobe,"structural distortion, findings, minimal volume loss, density increases"
train_82_b_1.nii.gz,lung/lung/lung lower lobe,"structural distortion, consolidation, density increases, minimal volume loss"
train_82_b_1.nii.gz,lung/lung/lung lower lobe/left lung lower lobe,consolidation
train_82_b_1.nii.gz,lung/lung/lung lower lobe/right lung lower lobe,"structural distortion, density increases, minimal volume loss"
train_82_b_1.nii.gz,lung/lung/lung upper lobe,"findings, consolidation, minimal volume loss, structural distortion, density increases"
train_82_b_1.nii.gz,lung/lung/lung upper lobe/right lung upper lobe,"structural distortion, findings, minimal volume loss, density increases"
train_82_b_1.nii.gz,pleura,bilateral minimal pleural effusion
train_82_b_1.nii.gz,pleura/pleura,bilateral minimal pleural effusion
train_23_a_1.nii.gz,lung,"sequelae changes, lymph node, pleuroparenchymal sequelae, density increases, nonspecific nodule"
train_23_a_1.nii.gz,lung/lung,"sequelae changes, lymph node, pleuroparenchymal sequelae, density increases, nonspecific nodule"
train_23_a_1.nii.gz,lung/lung/left lung,sequelae changes
train_23_a_1.nii.gz,lung/lung/right lung,"sequelae changes, nonspecific nodule, density increases"
train_23_a_1.nii.gz,lung/lung/right lung/right lung lower lobe,nonspecific nodule
train_23_a_1.nii.gz,lung/lung/lung lower lobe,nonspecific nodule
train_23_a_1.nii.gz,lung/lung/lung lower lobe/right lung lower lobe,nonspecific nodule
train_23_a_1.nii.gz,mediastinum,lymph nodes in millimetric sizes
train_23_a_1.nii.gz,mediastinum/mediastinal tissue,lymph nodes in millimetric sizes
train_23_a_1.nii.gz,pleura,foreign body
train_23_a_1.nii.gz,pleura/pleura,foreign body
train_23_a_1.nii.gz,bone,peripheral sclerotic millimetric nonspecific lesion
train_23_a_1.nii.gz,bone/bone,peripheral sclerotic millimetric nonspecific lesion
train_23_a_1.nii.gz,bone/bone/rib,peripheral sclerotic millimetric nonspecific lesion
train_23_a_1.nii.gz,bone/bone/rib/left rib,peripheral sclerotic millimetric nonspecific lesion
train_23_a_1.nii.gz,bone/bone/rib/left rib/left rib 4,peripheral sclerotic millimetric nonspecific lesion
train_23_a_1.nii.gz,bone/bone/rib/rib 4,peripheral sclerotic millimetric nonspecific lesion
train_23_a_1.nii.gz,bone/bone/rib/rib 4/left rib 4,peripheral sclerotic millimetric nonspecific lesion
train_23_a_1.nii.gz,abdomen,"adenoma, millimetric lesion"
train_23_a_1.nii.gz,abdomen/abdomen,"adenoma, millimetric lesion"
train_23_a_1.nii.gz,abdomen/abdomen/adrenal gland,"adenoma, millimetric lesion"
train_23_a_1.nii.gz,abdomen/abdomen/adrenal gland/left adrenal gland,"adenoma, millimetric lesion"
train_16_a_1.nii.gz,lung,"parenchymal nodules, radiation pneumonia, covid-19 pneumonia"
train_16_a_1.nii.gz,lung/lung,"parenchymal nodules, radiation pneumonia, covid-19 pneumonia"
train_16_a_1.nii.gz,mediastinum,"Lymph nodes of 15x13 mm in pathological size and appearance adjacent to the left subclavian artery and at the level of the left aortapulmonary window, lymph node"
train_16_a_1.nii.gz,mediastinum/mediastinal tissue,lymph node
train_16_a_1.nii.gz,mediastinum/subclavian artery,Lymph nodes of 15x13 mm in pathological size and appearance adjacent to the left subclavian artery and at the level of the left aortapulmonary window
train_16_a_1.nii.gz,mediastinum/subclavian artery/left subclavian artery,Lymph nodes of 15x13 mm in pathological size and appearance adjacent to the left subclavian artery and at the level of the left aortapulmonary window
train_16_a_1.nii.gz,heart,pericardial effusion
train_16_a_1.nii.gz,heart/heart,pericardial effusion
train_16_a_1.nii.gz,heart/heart/heart tissue,pericardial effusion
train_16_a_1.nii.gz,pleura,"patchy ground-glass consolidations, suspicious ground glass opacities, effusion, thickening of the posterior costal pleura"
train_16_a_1.nii.gz,pleura/pleura,"patchy ground-glass consolidations, suspicious ground glass opacities, effusion, thickening of the posterior costal pleura"
train_16_a_1.nii.gz,bone,"fdg uptake, pathological lymph nodes measuring 25x14 mm (left), 12x10 mm (right) in the bilateral supraclavicular region, metastasis, destruction area"
train_16_a_1.nii.gz,bone/bone,"fdg uptake, pathological lymph nodes measuring 25x14 mm (left), 12x10 mm (right) in the bilateral supraclavicular region, metastasis, destruction area"
train_16_a_1.nii.gz,bone/bone/vertebrae,fdg uptake
train_16_a_1.nii.gz,bone/bone/vertebrae/thoracic vertebrae,fdg uptake
train_16_a_1.nii.gz,bone/bone/clavicle,"pathological lymph nodes measuring 25x14 mm (left), 12x10 mm (right) in the bilateral supraclavicular region"
train_16_a_1.nii.gz,bone/bone/sternum,"metastasis, destruction area"
train_16_a_1.nii.gz,breast,"right breast, mass lesion"
train_16_a_1.nii.gz,breast/breast,"right breast, mass lesion"
train_16_a_1.nii.gz,breast/breast/left breast,mass lesion
train_16_a_1.nii.gz,breast/breast/right breast,right breast
train_16_a_1.nii.gz,abdomen,"thickening of the skin, thickening"
train_16_a_1.nii.gz,abdomen/abdomen,"thickening of the skin, thickening"
train_16_a_1.nii.gz,abdomen/abdomen/abdominal tissue,"thickening of the skin, thickening"
train_18_a_1.nii.gz,lung,non-specific nodules
train_18_a_1.nii.gz,lung/lung,non-specific nodules
train_18_a_1.nii.gz,mediastinum,a few small millimetric lymph nodes
train_18_a_1.nii.gz,mediastinum/mediastinal tissue,a few small millimetric lymph nodes
train_18_a_1.nii.gz,heart,pericardial effusion
train_18_a_1.nii.gz,heart/heart,pericardial effusion
train_18_a_1.nii.gz,heart/heart/heart tissue,pericardial effusion
train_18_a_1.nii.gz,bone,"degenerative changes, narrowing of the disc spaces, schmourl nodules"
train_18_a_1.nii.gz,bone/bone,"degenerative changes, narrowing of the disc spaces, schmourl nodules"
train_18_a_1.nii.gz,bone/bone/spinal canal,"narrowing of the disc spaces, schmourl nodules"
train_18_a_1.nii.gz,abdomen,small lymph nodes near the small-great curvature of the stomach
train_18_a_1.nii.gz,abdomen/abdomen,small lymph nodes near the small-great curvature of the stomach
train_18_a_1.nii.gz,abdomen/abdomen/stomach,small lymph nodes near the small-great curvature of the stomach
train_36_a_1.nii.gz,lung,"cavitary nodular lesions, cavitary mass"
train_36_a_1.nii.gz,lung/lung,"cavitary nodular lesions, cavitary mass"
train_36_a_1.nii.gz,lung/lung/left lung,cavitary nodular lesions
train_36_a_1.nii.gz,lung/lung/left lung/left lung lower lobe,cavitary nodular lesions
train_36_a_1.nii.gz,lung/lung/right lung,cavitary mass
train_36_a_1.nii.gz,lung/lung/right lung/right lung lower lobe,cavitary mass
train_36_a_1.nii.gz,lung/lung/lung lower lobe,"cavitary nodular lesions, cavitary mass"
train_36_a_1.nii.gz,lung/lung/lung lower lobe/left lung lower lobe,cavitary nodular lesions
train_36_a_1.nii.gz,lung/lung/lung lower lobe/right lung lower lobe,cavitary mass
train_36_a_1.nii.gz,pleura,pleural-based nodule
train_36_a_1.nii.gz,pleura/pleura,pleural-based nodule
train_36_a_1.nii.gz,bone,compression fracture
train_36_a_1.nii.gz,bone/bone,compression fracture
train_36_a_1.nii.gz,bone/bone/vertebrae,compression fracture
train_36_a_1.nii.gz,bone/bone/vertebrae/thoracic vertebrae,compression fracture
train_36_a_1.nii.gz,bone/bone/vertebrae/thoracic vertebrae/thoracic vertebrae 12 (t12),compression fracture
train_10_a_1.nii.gz,lung,"5 mm calcific nodule, ground glass densities"
train_10_a_1.nii.gz,lung/lung,"5 mm calcific nodule, ground glass densities"
train_10_a_1.nii.gz,lung/lung/right lung,5 mm calcific nodule
train_10_a_1.nii.gz,lung/lung/right lung/right lung lower lobe,5 mm calcific nodule
train_10_a_1.nii.gz,lung/lung/lung lower lobe,5 mm calcific nodule
train_10_a_1.nii.gz,lung/lung/lung lower lobe/right lung lower lobe,5 mm calcific nodule
train_10_a_1.nii.gz,mediastinum,lymph node
train_10_a_1.nii.gz,mediastinum/mediastinal tissue,lymph node
train_10_a_1.nii.gz,heart,"pericardial effusion, calcific plaques"
train_10_a_1.nii.gz,heart/heart,"pericardial effusion, calcific plaques"
train_10_a_1.nii.gz,heart/heart/heart tissue,"pericardial effusion, calcific plaques"
train_10_a_1.nii.gz,bone,osteodegenerative changes
train_10_a_1.nii.gz,bone/bone,osteodegenerative changes
train_10_a_1.nii.gz,bone/bone/vertebrae,osteodegenerative changes
train_10_a_1.nii.gz,abdomen,millimetric hypodense lesion
train_10_a_1.nii.gz,abdomen/abdomen,millimetric hypodense lesion
train_10_a_1.nii.gz,abdomen/abdomen/liver,millimetric hypodense lesion
train_131_a_1.nii.gz,lung,"foreign body, emphysema, bone fragments, pleuroparenchymal sequelae, densities"
train_131_a_1.nii.gz,lung/lung,"foreign body, emphysema, bone fragments, pleuroparenchymal sequelae, densities"
train_131_a_1.nii.gz,lung/lung/left lung,"foreign body, bone fragments"
train_131_a_1.nii.gz,lung/lung/right lung,"pleuroparenchymal sequelae, densities"
train_131_a_1.nii.gz,mediastinum,fatty involution
train_131_a_1.nii.gz,mediastinum/thymus,fatty involution
train_131_a_1.nii.gz,mediastinum/mediastinal tissue,fatty involution
train_131_a_1.nii.gz,pleura,"nodule, subpleural nodule"
train_131_a_1.nii.gz,pleura/pleura,"nodule, subpleural nodule"
train_131_a_1.nii.gz,bone,"sequelae changes, degenerative changes, density, superposed foreign body, densities"
train_131_a_1.nii.gz,bone/bone,"sequelae changes, degenerative changes, density, superposed foreign body, densities"
train_131_a_1.nii.gz,bone/bone/scapula,"sequelae changes, densities"
train_131_a_1.nii.gz,bone/bone/scapula/left scapula,"sequelae changes, densities"
train_131_a_1.nii.gz,bone/bone/rib,"density, superposed foreign body"
train_131_a_1.nii.gz,bone/bone/rib/left rib,"density, superposed foreign body"
train_131_a_1.nii.gz,bone/bone/rib/left rib/left rib 7,"density, superposed foreign body"
train_131_a_1.nii.gz,bone/bone/rib/rib 7,"density, superposed foreign body"
train_131_a_1.nii.gz,bone/bone/rib/rib 7/left rib 7,"density, superposed foreign body"
train_131_a_1.nii.gz,abdomen,"steatosis, contracted"
train_131_a_1.nii.gz,abdomen/abdomen,"steatosis, contracted"
train_131_a_1.nii.gz,abdomen/abdomen/gallbladder,contracted
train_131_a_1.nii.gz,abdomen/abdomen/liver,steatosis
train_79_a_1.nii.gz,lung,nonspecific nodules
train_79_a_1.nii.gz,lung/lung,nonspecific nodules
train_94_a_1.nii.gz,lung,patchy ground glass densities
train_94_a_1.nii.gz,lung/lung,patchy ground glass densities
train_94_a_1.nii.gz,lung/lung/lung lower lobe,patchy ground glass densities
train_94_a_1.nii.gz,mediastinum,lymph node
train_94_a_1.nii.gz,mediastinum/mediastinal tissue,lymph node
train_94_a_1.nii.gz,heart,"calcific atheroma plaques, ectatic, pericardial effusion"
train_94_a_1.nii.gz,heart/heart,"calcific atheroma plaques, ectatic, pericardial effusion"
train_94_a_1.nii.gz,heart/heart/heart ascending aorta,ectatic
train_94_a_1.nii.gz,heart/heart/heart tissue,"calcific atheroma plaques, pericardial effusion"
train_94_a_1.nii.gz,esophagus,hiatal hernia
train_94_a_1.nii.gz,esophagus/esophagus,hiatal hernia
train_94_a_1.nii.gz,bone,osteophyte forms
train_94_a_1.nii.gz,bone/bone,osteophyte forms
train_94_a_1.nii.gz,bone/bone/vertebrae,osteophyte forms
train_101_a_1.nii.gz,lung,"consolidation areas, segmental-subsegmental bronchiectatic changes, diffuse linear subsegmental atelectatic changes, ground-glass densities, vascular enlargement, peribronchial thickening, covid-19 pneumonia"
train_101_a_1.nii.gz,lung/lung,"consolidation areas, segmental-subsegmental bronchiectatic changes, diffuse linear subsegmental atelectatic changes, ground-glass densities, vascular enlargement, peribronchial thickening, covid-19 pneumonia"
train_101_a_1.nii.gz,lung/lung/right lung,diffuse linear subsegmental atelectatic changes
train_101_a_1.nii.gz,lung/lung/right lung/right lung lower lobe,diffuse linear subsegmental atelectatic changes
train_101_a_1.nii.gz,lung/lung/lung lower lobe,diffuse linear subsegmental atelectatic changes
train_101_a_1.nii.gz,lung/lung/lung lower lobe/right lung lower lobe,diffuse linear subsegmental atelectatic changes
train_101_a_1.nii.gz,mediastinum,diffuse atherosclerotic wall calcifications
train_101_a_1.nii.gz,mediastinum/aorta,diffuse atherosclerotic wall calcifications
train_101_a_1.nii.gz,heart,"pericardial effusion, diffuse atherosclerotic wall calcifications"
train_101_a_1.nii.gz,heart/heart,"pericardial effusion, diffuse atherosclerotic wall calcifications"
train_101_a_1.nii.gz,heart/heart/heart tissue,"pericardial effusion, diffuse atherosclerotic wall calcifications"
train_101_a_1.nii.gz,esophagus,sliding type hiatal hernia
train_101_a_1.nii.gz,esophagus/esophagus,sliding type hiatal hernia
train_101_a_1.nii.gz,pleura,sequelae thickening
train_101_a_1.nii.gz,pleura/pleura,sequelae thickening
train_101_a_1.nii.gz,bone,"mild dextroscoliosis, bridging spur formation"
train_101_a_1.nii.gz,bone/bone,"mild dextroscoliosis, bridging spur formation"
train_101_a_1.nii.gz,bone/bone/vertebrae,"mild dextroscoliosis, bridging spur formation"
train_101_a_1.nii.gz,bone/bone/vertebrae/thoracic vertebrae,"mild dextroscoliosis, bridging spur formation"
train_101_a_1.nii.gz,abdomen,"hypodense lesion, diffuse thickening, lymph node, diffuse atherosclerotic wall calcifications"
train_101_a_1.nii.gz,abdomen/abdomen,"hypodense lesion, diffuse thickening, lymph node, diffuse atherosclerotic wall calcifications"
train_101_a_1.nii.gz,abdomen/abdomen/abdominal tissue,lymph node
train_101_a_1.nii.gz,abdomen/abdomen/adrenal gland,diffuse thickening
train_101_a_1.nii.gz,abdomen/abdomen/adrenal gland/left adrenal gland,diffuse thickening
train_101_a_1.nii.gz,abdomen/abdomen/aorta,diffuse atherosclerotic wall calcifications
train_101_a_1.nii.gz,abdomen/abdomen/liver,hypodense lesion
train_124_a_1.nii.gz,lung,"interlobular septal thickenings, parenchymal ground glass densities, parenchymal nodule, large lesions, frosted glass densities, mass lesion, irregular borders, new patchy ground glass densities, lesions, bronchiectasis, subsegmental atelectasis, new infectious process"
train_124_a_1.nii.gz,lung/lung,"interlobular septal thickenings, parenchymal ground glass densities, parenchymal nodule, large lesions, frosted glass densities, mass lesion, irregular borders, new patchy ground glass densities, lesions, bronchiectasis, subsegmental atelectasis, new infectious process"
train_124_a_1.nii.gz,lung/lung/left lung,"mass lesion, irregular borders, parenchymal nodule, large lesions"
train_124_a_1.nii.gz,lung/lung/left lung/left lung upper lobe,mass lesion
train_124_a_1.nii.gz,lung/lung/right lung,"lesions, bronchiectasis, subsegmental atelectasis, new patchy ground glass densities"
train_124_a_1.nii.gz,lung/lung/right lung/right lung lower lobe,"bronchiectasis, subsegmental atelectasis, new patchy ground glass densities"
train_124_a_1.nii.gz,lung/lung/right lung/right lung upper lobe,"lesions, bronchiectasis, subsegmental atelectasis, new patchy ground glass densities"
train_124_a_1.nii.gz,lung/lung/lung lower lobe,"bronchiectasis, subsegmental atelectasis, new patchy ground glass densities"
train_124_a_1.nii.gz,lung/lung/lung lower lobe/right lung lower lobe,"bronchiectasis, subsegmental atelectasis, new patchy ground glass densities"
train_124_a_1.nii.gz,lung/lung/lung upper lobe,"mass lesion, new patchy ground glass densities, lesions, bronchiectasis, subsegmental atelectasis"
train_124_a_1.nii.gz,lung/lung/lung upper lobe/left lung upper lobe,mass lesion
train_124_a_1.nii.gz,lung/lung/lung upper lobe/right lung upper lobe,"lesions, bronchiectasis, subsegmental atelectasis, new patchy ground glass densities"
train_124_a_1.nii.gz,mediastinum,"lymph nodes with a short axis measuring 15 mm in the mediastinum, atherosclerotic changes, compression"
train_124_a_1.nii.gz,mediastinum/aorta,atherosclerotic changes
train_124_a_1.nii.gz,mediastinum/mediastinal tissue,"lymph nodes with a short axis measuring 15 mm in the mediastinum, compression"
train_124_a_1.nii.gz,heart,"pericardial effusion, nodular densities"
train_124_a_1.nii.gz,heart/heart,"pericardial effusion, nodular densities"
train_124_a_1.nii.gz,heart/heart/heart tissue,pericardial effusion
train_124_a_1.nii.gz,pleura,new pleural effusion
train_124_a_1.nii.gz,pleura/pleura,new pleural effusion
train_124_a_1.nii.gz,bone,"new fracture, degenerative changes, stable solid nodular lesion, solid nodular lesion"
train_124_a_1.nii.gz,bone/bone,"new fracture, degenerative changes, stable solid nodular lesion, solid nodular lesion"
train_124_a_1.nii.gz,bone/bone/vertebrae,"stable solid nodular lesion, solid nodular lesion"
train_124_a_1.nii.gz,bone/bone/vertebrae/thoracic vertebrae,"stable solid nodular lesion, solid nodular lesion"
train_124_a_1.nii.gz,bone/bone/vertebrae/thoracic vertebrae/thoracic vertebrae 11 (t11),"stable solid nodular lesion, solid nodular lesion"
train_124_a_1.nii.gz,bone/bone/vertebrae/thoracic vertebrae/thoracic vertebrae 12 (t12),"stable solid nodular lesion, solid nodular lesion"
train_124_a_1.nii.gz,bone/bone/rib,new fracture
train_124_a_1.nii.gz,bone/bone/rib/left rib,new fracture
train_124_a_1.nii.gz,bone/bone/rib/left rib/left rib 5,new fracture
train_124_a_1.nii.gz,bone/bone/rib/rib 5,new fracture
train_124_a_1.nii.gz,bone/bone/rib/rib 5/left rib 5,new fracture
train_124_a_1.nii.gz,abdomen,"collateral veins, atherosclerotic changes, hypertrophy, free fluid"
train_124_a_1.nii.gz,abdomen/abdomen,"collateral veins, atherosclerotic changes, hypertrophy, free fluid"
train_124_a_1.nii.gz,abdomen/abdomen/abdominal tissue,collateral veins
train_124_a_1.nii.gz,abdomen/abdomen/aorta,atherosclerotic changes
train_124_a_1.nii.gz,abdomen/abdomen/liver,"hypertrophy, free fluid"
train_124_a_1.nii.gz,abdomen/abdomen/liver/caudate lobe,hypertrophy
train_124_a_1.nii.gz,abdomen/abdomen/spleen,free fluid
train_139_a_1.nii.gz,lung,"early viral pneumonia, atelectasis changes"
train_139_a_1.nii.gz,lung/lung,"early viral pneumonia, atelectasis changes"
train_139_a_1.nii.gz,lung/lung/lung upper lobe,atelectasis changes
train_139_a_1.nii.gz,mediastinum,"the largest lymph node completely fills the subcarinal region, Lymph nodes with a short axis measuring up to 19 mm"
train_139_a_1.nii.gz,mediastinum/mediastinal tissue,"the largest lymph node completely fills the subcarinal region, Lymph nodes with a short axis measuring up to 19 mm"
train_139_a_1.nii.gz,heart,pericardial effusion
train_139_a_1.nii.gz,heart/heart,pericardial effusion
train_139_a_1.nii.gz,heart/heart/heart tissue,pericardial effusion
train_139_a_1.nii.gz,esophagus,sliding type hiatal hernia
train_139_a_1.nii.gz,esophagus/esophagus,sliding type hiatal hernia
train_139_a_1.nii.gz,pleura,subpleural localized patchy ground glass density
train_139_a_1.nii.gz,pleura/pleura,subpleural localized patchy ground glass density
train_139_a_1.nii.gz,abdomen,steatosis
train_139_a_1.nii.gz,abdomen/abdomen,steatosis
train_139_a_1.nii.gz,abdomen/abdomen/liver,steatosis
train_115_a_1.nii.gz,lung,"millimetric nodules, emphysematous changes"
train_115_a_1.nii.gz,lung/lung,"millimetric nodules, emphysematous changes"
train_115_a_1.nii.gz,lung/lung/left lung,emphysematous changes
train_115_a_1.nii.gz,lung/lung/left lung/left lung upper lobe,emphysematous changes
train_115_a_1.nii.gz,lung/lung/lung upper lobe,emphysematous changes
train_115_a_1.nii.gz,lung/lung/lung upper lobe/left lung upper lobe,emphysematous changes
train_32_a_1.nii.gz,lung,"viral pneumonias, linear atelectasis, viral pneumonias ( covid-19 pneumonia )"
train_32_a_1.nii.gz,lung/lung,"viral pneumonias, linear atelectasis, viral pneumonias ( covid-19 pneumonia )"
train_32_a_1.nii.gz,lung/lung/left lung,linear atelectasis
train_32_a_1.nii.gz,lung/lung/lung lower lobe,linear atelectasis
train_32_a_1.nii.gz,pleura,"multilobar peripheral subpleural ground glass, consolidation"
train_32_a_1.nii.gz,pleura/pleura,"multilobar peripheral subpleural ground glass, consolidation"
train_32_a_1.nii.gz,bone,"osteophytic degenerative changes, stable lytic lesions, lytic lesions"
train_32_a_1.nii.gz,bone/bone,"osteophytic degenerative changes, stable lytic lesions, lytic lesions"
train_32_a_1.nii.gz,bone/bone/vertebrae,osteophytic degenerative changes
train_75_a_1.nii.gz,lung,"passive atelectatic changes, reticulonodular sequelae density increases"
train_75_a_1.nii.gz,lung/lung,"passive atelectatic changes, reticulonodular sequelae density increases"
train_75_a_1.nii.gz,lung/lung/right lung,passive atelectatic changes
train_75_a_1.nii.gz,heart,pericardial effusion
train_75_a_1.nii.gz,heart/heart,pericardial effusion
train_75_a_1.nii.gz,heart/heart/heart tissue,pericardial effusion
train_120_a_1.nii.gz,lung,"non-septic parenchymal nodule, pleuroparenchymal sequelae density increases, bronchiectatic changes, emphysematous changes"
train_120_a_1.nii.gz,lung/lung,"non-septic parenchymal nodule, pleuroparenchymal sequelae density increases, bronchiectatic changes, emphysematous changes"
train_120_a_1.nii.gz,lung/lung/left lung,non-septic parenchymal nodule
train_120_a_1.nii.gz,lung/lung/left lung/left lung lower lobe,non-septic parenchymal nodule
train_120_a_1.nii.gz,lung/lung/right lung,non-septic parenchymal nodule
train_120_a_1.nii.gz,lung/lung/right lung/right lung lower lobe,non-septic parenchymal nodule
train_120_a_1.nii.gz,lung/lung/lung lower lobe,"pleuroparenchymal sequelae density increases, non-septic parenchymal nodule"
train_120_a_1.nii.gz,lung/lung/lung lower lobe/left lung lower lobe,non-septic parenchymal nodule
train_120_a_1.nii.gz,lung/lung/lung lower lobe/right lung lower lobe,non-septic parenchymal nodule
train_120_a_1.nii.gz,abdomen,diverticulum
train_120_a_1.nii.gz,abdomen/abdomen,diverticulum
train_120_a_1.nii.gz,abdomen/abdomen/colon,diverticulum
train_71_a_1.nii.gz,lung,"nodule, 2 mm diameter nodule, mild sequelae changes"
train_71_a_1.nii.gz,lung/lung,"nodule, 2 mm diameter nodule, mild sequelae changes"
train_71_a_1.nii.gz,lung/lung/left lung,"nodule, 2 mm diameter nodule"
train_71_a_1.nii.gz,lung/lung/left lung/left lung upper lobe,"nodule, 2 mm diameter nodule"
train_71_a_1.nii.gz,lung/lung/right lung,nodule
train_71_a_1.nii.gz,lung/lung/lung lower lobe,mild sequelae changes
train_71_a_1.nii.gz,lung/lung/lung upper lobe,"nodule, 2 mm diameter nodule"
train_71_a_1.nii.gz,lung/lung/lung upper lobe/left lung upper lobe,"nodule, 2 mm diameter nodule"
train_71_a_1.nii.gz,bone,mild degenerative changes
train_71_a_1.nii.gz,bone/bone,mild degenerative changes
train_2_a_1.nii.gz,lung,"passive atelectatic changes, emphysematous changes, segmentary-subsegmental peribrochial minimal thickening"
train_2_a_1.nii.gz,lung/lung,"passive atelectatic changes, emphysematous changes, segmentary-subsegmental peribrochial minimal thickening"
train_2_a_1.nii.gz,lung/lung/left lung,passive atelectatic changes
train_2_a_1.nii.gz,lung/lung/left lung/left lung upper lobe,passive atelectatic changes
train_2_a_1.nii.gz,lung/lung/right lung,passive atelectatic changes
train_2_a_1.nii.gz,lung/lung/lung upper lobe,passive atelectatic changes
train_2_a_1.nii.gz,lung/lung/lung upper lobe/left lung upper lobe,passive atelectatic changes
train_2_a_1.nii.gz,mediastinum,calcific atheroma plaque
train_2_a_1.nii.gz,mediastinum/aorta,calcific atheroma plaque
train_2_a_1.nii.gz,heart,pericardial effusion
train_2_a_1.nii.gz,heart/heart,pericardial effusion
train_2_a_1.nii.gz,heart/heart/heart tissue,pericardial effusion
train_2_a_1.nii.gz,pleura,millimetric nonspecific subpleural nodule
train_2_a_1.nii.gz,pleura/pleura,millimetric nonspecific subpleural nodule
train_2_a_1.nii.gz,bone,minimal degenerative changes
train_2_a_1.nii.gz,bone/bone,minimal degenerative changes
train_2_a_1.nii.gz,abdomen,"calcific atheroma plaque, millimetric stone"
train_2_a_1.nii.gz,abdomen/abdomen,"calcific atheroma plaque, millimetric stone"
train_2_a_1.nii.gz,abdomen/abdomen/aorta,calcific atheroma plaque
train_2_a_1.nii.gz,abdomen/abdomen/gallbladder,millimetric stone
train_98_a_1.nii.gz,lung,"ground-glass-like density increases, lymph node, outlook"
train_98_a_1.nii.gz,lung/lung,"ground-glass-like density increases, lymph node, outlook"
train_98_a_1.nii.gz,lung/lung/left lung,ground-glass-like density increases
train_98_a_1.nii.gz,lung/lung/left lung/left lung lower lobe,ground-glass-like density increases
train_98_a_1.nii.gz,lung/lung/lung lower lobe,ground-glass-like density increases
train_98_a_1.nii.gz,lung/lung/lung lower lobe/left lung lower lobe,ground-glass-like density increases
train_98_a_1.nii.gz,esophagus,hiatal hernia
train_98_a_1.nii.gz,esophagus/esophagus,hiatal hernia
train_98_a_1.nii.gz,bone,degenerative changes
train_98_a_1.nii.gz,bone/bone,degenerative changes
train_98_a_1.nii.gz,breast,"rupture, lobulation, effusion"
train_98_a_1.nii.gz,breast/breast,"rupture, lobulation, effusion"
train_98_a_1.nii.gz,breast/breast/right breast,"lobulation, effusion"
train_98_a_1.nii.gz,abdomen,"slight prominence, nodular density"
train_98_a_1.nii.gz,abdomen/abdomen,"slight prominence, nodular density"
train_98_a_1.nii.gz,abdomen/abdomen/abdominal tissue,slight prominence
train_98_a_1.nii.gz,abdomen/abdomen/spleen,nodular density
train_60_d_1.nii.gz,lung,"infiltrations, ground glass densities, consolidations with irregular borders"
train_60_d_1.nii.gz,lung/lung,"infiltrations, ground glass densities, consolidations with irregular borders"
train_60_d_1.nii.gz,lung/lung/lung lower lobe,ground glass densities
train_60_d_1.nii.gz,mediastinum,Mediastinal lymph nodes are stable
train_60_d_1.nii.gz,mediastinum/mediastinal tissue,Mediastinal lymph nodes are stable
train_60_d_1.nii.gz,pleura,"consolidations, ground glass"
train_60_d_1.nii.gz,pleura/pleura,"consolidations, ground glass"
train_84_c_1.nii.gz,lung,"atelectasis, effusion"
train_84_c_1.nii.gz,lung/lung,"atelectasis, effusion"
train_84_c_1.nii.gz,pleura,pleural effusion
train_84_c_1.nii.gz,pleura/pleura,pleural effusion
train_84_c_1.nii.gz,abdomen,"cirrhotic appearance, ascites"
train_84_c_1.nii.gz,abdomen/abdomen,"cirrhotic appearance, ascites"
train_84_c_1.nii.gz,abdomen/abdomen/abdominal tissue,"cirrhotic appearance, ascites"
train_84_c_1.nii.gz,abdomen/abdomen/liver,"cirrhotic appearance, ascites"
train_137_a_1.nii.gz,lung,"viral pneumonia, ground glass areas, lymph node, linear atelectasis areas, nodular consolidation"
train_137_a_1.nii.gz,lung/lung,"viral pneumonia, ground glass areas, lymph node, linear atelectasis areas, nodular consolidation"
train_137_a_1.nii.gz,lung/lung/lung lower lobe,"nodular consolidation, ground glass areas, linear atelectasis areas"
train_137_a_1.nii.gz,mediastinum,lymph node
train_137_a_1.nii.gz,mediastinum/mediastinal tissue,lymph node
train_137_a_1.nii.gz,heart,effusion
train_137_a_1.nii.gz,heart/heart,effusion
train_137_a_1.nii.gz,heart/heart/heart tissue,effusion
train_137_a_1.nii.gz,esophagus,sliding type hiatal hernia
train_137_a_1.nii.gz,esophagus/esophagus,sliding type hiatal hernia
train_137_a_1.nii.gz,pleura,pleural effusion
train_137_a_1.nii.gz,pleura/pleura,pleural effusion
train_137_a_1.nii.gz,bone,left-facing scoliosis
train_137_a_1.nii.gz,bone/bone,left-facing scoliosis
train_137_a_1.nii.gz,bone/bone/vertebrae,left-facing scoliosis
train_137_a_1.nii.gz,bone/bone/vertebrae/thoracic vertebrae,left-facing scoliosis
train_137_a_1.nii.gz,breast,coarse calcification
train_137_a_1.nii.gz,breast/breast,coarse calcification
train_137_a_1.nii.gz,breast/breast/left breast,coarse calcification
train_137_a_1.nii.gz,abdomen,sliding type hiatal hernia
train_137_a_1.nii.gz,abdomen/abdomen,sliding type hiatal hernia
train_137_a_1.nii.gz,abdomen/abdomen/stomach,sliding type hiatal hernia
train_36_b_1.nii.gz,lung,"nodules, cavitary nodule, pneumonic infiltration, cavitary lesion, solid mass, ground glass density, areas of increased density, cavitary mass, mass"
train_36_b_1.nii.gz,lung/lung,"nodules, cavitary nodule, pneumonic infiltration, cavitary lesion, solid mass, ground glass density, areas of increased density, cavitary mass, mass"
train_36_b_1.nii.gz,lung/lung/left lung,"mass, cavitary nodule, cavitary lesion"
train_36_b_1.nii.gz,lung/lung/left lung/left lung lower lobe,"cavitary nodule, cavitary lesion"
train_36_b_1.nii.gz,lung/lung/left lung/left lung upper lobe,mass
train_36_b_1.nii.gz,lung/lung/right lung,"solid mass, ground glass density, areas of increased density, cavitary mass, mass"
train_36_b_1.nii.gz,lung/lung/right lung/right lung lower lobe,"solid mass, ground glass density, areas of increased density, cavitary mass, mass"
train_36_b_1.nii.gz,lung/lung/lung lower lobe,"cavitary nodule, cavitary lesion, solid mass, ground glass density, areas of increased density, cavitary mass, mass"
train_36_b_1.nii.gz,lung/lung/lung lower lobe/left lung lower lobe,"cavitary nodule, cavitary lesion"
train_36_b_1.nii.gz,lung/lung/lung lower lobe/right lung lower lobe,"solid mass, ground glass density, areas of increased density, cavitary mass, mass"
train_36_b_1.nii.gz,lung/lung/lung upper lobe,mass
train_36_b_1.nii.gz,lung/lung/lung upper lobe/left lung upper lobe,mass
train_36_b_1.nii.gz,mediastinum,"lymph node with a short diameter of 18 mm at the paratracheal level, lymphadenopathies"
train_36_b_1.nii.gz,mediastinum/mediastinal tissue,"lymph node with a short diameter of 18 mm at the paratracheal level, lymphadenopathies"
train_36_b_1.nii.gz,abdomen,mildly hypodense lesion
train_36_b_1.nii.gz,abdomen/abdomen,mildly hypodense lesion
train_36_b_1.nii.gz,abdomen/abdomen/liver,mildly hypodense lesion
train_55_a_1.nii.gz,abdomen,"stones, stones and sludge"
train_55_a_1.nii.gz,abdomen/abdomen,"stones, stones and sludge"
train_55_a_1.nii.gz,abdomen/abdomen/abdominal tissue,"stones, stones and sludge"
train_55_a_1.nii.gz,abdomen/abdomen/gallbladder,"stones, stones and sludge"
train_65_a_1.nii.gz,lung,"bronchopneumonic infiltrates, centriacinar ground glass nodules"
train_65_a_1.nii.gz,lung/lung,"bronchopneumonic infiltrates, centriacinar ground glass nodules"
train_65_a_1.nii.gz,lung/lung/right lung,"bronchopneumonic infiltrates, centriacinar ground glass nodules"
train_65_a_1.nii.gz,lung/lung/right lung/right lung upper lobe,"bronchopneumonic infiltrates, centriacinar ground glass nodules"
train_65_a_1.nii.gz,lung/lung/lung lower lobe,"bronchopneumonic infiltrates, centriacinar ground glass nodules"
train_65_a_1.nii.gz,lung/lung/lung upper lobe,"bronchopneumonic infiltrates, centriacinar ground glass nodules"
train_65_a_1.nii.gz,lung/lung/lung upper lobe/right lung upper lobe,"bronchopneumonic infiltrates, centriacinar ground glass nodules"
train_65_a_1.nii.gz,bone,aerial images
train_65_a_1.nii.gz,bone/bone,aerial images
train_65_a_1.nii.gz,bone/bone/clavicle,aerial images
train_65_a_1.nii.gz,bone/bone/clavicle/left clavicle,aerial images
train_65_a_1.nii.gz,thyroid,epiglottitis
train_65_a_1.nii.gz,thyroid/thyroid,epiglottitis
train_65_a_1.nii.gz,abdomen,cystic density lesion
train_65_a_1.nii.gz,abdomen/abdomen,cystic density lesion
train_65_a_1.nii.gz,abdomen/abdomen/liver,cystic density lesion
train_65_a_1.nii.gz,others,epiglottitis
train_65_a_1.nii.gz,others/larynx,epiglottitis
train_53_b_1.nii.gz,lung,"sequelae changes, heterogeneous internally structured nodule, pleuroparenchymal sequelae, irregular borders, density increases"
train_53_b_1.nii.gz,lung/lung,"sequelae changes, heterogeneous internally structured nodule, pleuroparenchymal sequelae, irregular borders, density increases"
train_53_b_1.nii.gz,lung/lung/left lung,sequelae changes
train_53_b_1.nii.gz,lung/lung/right lung,"heterogeneous internally structured nodule, irregular borders"
train_53_b_1.nii.gz,lung/lung/right lung/right lung upper lobe,"heterogeneous internally structured nodule, irregular borders"
train_53_b_1.nii.gz,lung/lung/lung upper lobe,"heterogeneous internally structured nodule, pleuroparenchymal sequelae, irregular borders, density increases"
train_53_b_1.nii.gz,lung/lung/lung upper lobe/right lung upper lobe,"heterogeneous internally structured nodule, irregular borders"
train_53_b_1.nii.gz,esophagus,hiatal hernia
train_53_b_1.nii.gz,esophagus/esophagus,hiatal hernia
train_53_b_1.nii.gz,abdomen,hiatal hernia
train_53_b_1.nii.gz,abdomen/abdomen,hiatal hernia
train_53_b_1.nii.gz,abdomen/abdomen/stomach,hiatal hernia
train_21_a_1.nii.gz,lung,millimetric nonspecific nodule
train_21_a_1.nii.gz,lung/lung,millimetric nonspecific nodule
train_21_a_1.nii.gz,lung/lung/right lung,millimetric nonspecific nodule
train_21_a_1.nii.gz,lung/lung/right lung/right lung upper lobe,millimetric nonspecific nodule
train_21_a_1.nii.gz,lung/lung/lung upper lobe,millimetric nonspecific nodule
train_21_a_1.nii.gz,lung/lung/lung upper lobe/right lung upper lobe,millimetric nonspecific nodule
train_21_a_1.nii.gz,trachea and bronchie,"diffuse peribronchial thickness increases, ectasia"
train_21_a_1.nii.gz,trachea and bronchie/bronchie,"diffuse peribronchial thickness increases, ectasia"
train_21_a_1.nii.gz,mediastinum,calcified atheroma plaques
train_21_a_1.nii.gz,mediastinum/aorta,calcified atheroma plaques
train_21_a_1.nii.gz,heart,pericardial effusion
train_21_a_1.nii.gz,heart/heart,pericardial effusion
train_21_a_1.nii.gz,heart/heart/heart tissue,pericardial effusion
train_21_a_1.nii.gz,bone,osteophytic degenerative changes
train_21_a_1.nii.gz,bone/bone,osteophytic degenerative changes
train_21_a_1.nii.gz,bone/bone/vertebrae,osteophytic degenerative changes
train_21_a_1.nii.gz,abdomen,"lesion, low-density adenoma, calcified atheroma plaques"
train_21_a_1.nii.gz,abdomen/abdomen,"lesion, low-density adenoma, calcified atheroma plaques"
train_21_a_1.nii.gz,abdomen/abdomen/adrenal gland,"lesion, low-density adenoma"
train_21_a_1.nii.gz,abdomen/abdomen/adrenal gland/left adrenal gland,"lesion, low-density adenoma"
train_21_a_1.nii.gz,abdomen/abdomen/aorta,calcified atheroma plaques
train_19_a_1.nii.gz,lung,"linear atelectasis area, parenchymal distortion"
train_19_a_1.nii.gz,lung/lung,"linear atelectasis area, parenchymal distortion"
train_19_a_1.nii.gz,lung/lung/left lung,"linear atelectasis area, parenchymal distortion"
train_19_a_1.nii.gz,lung/lung/left lung/left lung lower lobe,"linear atelectasis area, parenchymal distortion"
train_19_a_1.nii.gz,lung/lung/right lung,"linear atelectasis area, parenchymal distortion"
train_19_a_1.nii.gz,lung/lung/right lung/right lung upper lobe,"linear atelectasis area, parenchymal distortion"
train_19_a_1.nii.gz,lung/lung/lung lower lobe,"linear atelectasis area, parenchymal distortion"
train_19_a_1.nii.gz,lung/lung/lung lower lobe/left lung lower lobe,"linear atelectasis area, parenchymal distortion"
train_19_a_1.nii.gz,lung/lung/lung upper lobe,"linear atelectasis area, parenchymal distortion"
train_19_a_1.nii.gz,lung/lung/lung upper lobe/right lung upper lobe,"linear atelectasis area, parenchymal distortion"
train_19_a_1.nii.gz,trachea and bronchie,wall thickness
train_19_a_1.nii.gz,trachea and bronchie/bronchie,wall thickness
train_19_a_1.nii.gz,heart,pericardial effusion
train_19_a_1.nii.gz,heart/heart,pericardial effusion
train_19_a_1.nii.gz,heart/heart/heart tissue,pericardial effusion
train_19_a_1.nii.gz,abdomen,"thinning of the parenchyma thickness, partially sectioned, kidneys, dilatation in the collecting system"
train_19_a_1.nii.gz,abdomen/abdomen,"thinning of the parenchyma thickness, partially sectioned, kidneys, dilatation in the collecting system"
train_19_a_1.nii.gz,abdomen/abdomen/kidney,"thinning of the parenchyma thickness, partially sectioned, kidneys, dilatation in the collecting system"
train_44_b_1.nii.gz,lung,parenchymal damage
train_44_b_1.nii.gz,lung/lung,parenchymal damage
train_44_b_1.nii.gz,lung/lung/left lung,parenchymal damage
train_44_b_1.nii.gz,pleura,pleural effusion
train_44_b_1.nii.gz,pleura/pleura,pleural effusion
train_93_a_1.nii.gz,lung,"band atelectasis, peribronchovascular structures, millimetric nonspecific nodules"
train_93_a_1.nii.gz,lung/lung,"band atelectasis, peribronchovascular structures, millimetric nonspecific nodules"
train_93_a_1.nii.gz,lung/lung/right lung,band atelectasis
train_93_a_1.nii.gz,heart,pericardial effusion
train_93_a_1.nii.gz,heart/heart,pericardial effusion
train_93_a_1.nii.gz,heart/heart/heart tissue,pericardial effusion
train_93_a_1.nii.gz,bone,degenerative changes
train_93_a_1.nii.gz,bone/bone,degenerative changes
train_93_a_1.nii.gz,bone/bone/vertebrae,degenerative changes
train_28_a_1.nii.gz,lung,"consolidation areas, covid pneumonia, pneumonic infiltration, ground glass density"
train_28_a_1.nii.gz,lung/lung,"consolidation areas, covid pneumonia, pneumonic infiltration, ground glass density"
train_28_a_1.nii.gz,lung/lung/lung lower lobe,"consolidation areas, ground glass density"
train_28_a_1.nii.gz,lung/lung/lung upper lobe,"consolidation areas, ground glass density"
train_28_a_1.nii.gz,mediastinum,Mediastinal millimetric lymph nodes thought to be reactive
train_28_a_1.nii.gz,mediastinum/mediastinal tissue,Mediastinal millimetric lymph nodes thought to be reactive
train_28_a_1.nii.gz,heart,"aortic valve calcification, focal calcific plaque, left ventricular diameter, pericardial effusion"
train_28_a_1.nii.gz,heart/heart,"aortic valve calcification, focal calcific plaque, left ventricular diameter, pericardial effusion"
train_28_a_1.nii.gz,heart/heart/heart ventricle,left ventricular diameter
train_28_a_1.nii.gz,heart/heart/heart tissue,"focal calcific plaque, aortic valve calcification, pericardial effusion"
train_142_a_1.nii.gz,heart,pericardial effusion
train_142_a_1.nii.gz,heart/heart,pericardial effusion
train_142_a_1.nii.gz,heart/heart/heart tissue,pericardial effusion
train_142_a_1.nii.gz,abdomen,mild steatosis
train_142_a_1.nii.gz,abdomen/abdomen,mild steatosis
train_142_a_1.nii.gz,abdomen/abdomen/liver,mild steatosis
train_90_b_1.nii.gz,lung,"pleuroparenchymal sequelae density increases, mild emphysematous changes, infectious process, acinar opacities"
train_90_b_1.nii.gz,lung/lung,"pleuroparenchymal sequelae density increases, mild emphysematous changes, infectious process, acinar opacities"
train_90_b_1.nii.gz,lung/lung/left lung,"pleuroparenchymal sequelae density increases, acinar opacities"
train_90_b_1.nii.gz,lung/lung/left lung/left lung lower lobe,pleuroparenchymal sequelae density increases
train_90_b_1.nii.gz,lung/lung/left lung/left lung upper lobe,acinar opacities
train_90_b_1.nii.gz,lung/lung/right lung,infectious process
train_90_b_1.nii.gz,lung/lung/right lung/right lung upper lobe,infectious process
train_90_b_1.nii.gz,lung/lung/lung lower lobe,"acinar opacities, pleuroparenchymal sequelae density increases"
train_90_b_1.nii.gz,lung/lung/lung lower lobe/left lung lower lobe,pleuroparenchymal sequelae density increases
train_90_b_1.nii.gz,lung/lung/lung upper lobe,"acinar opacities, infectious process"
train_90_b_1.nii.gz,lung/lung/lung upper lobe/left lung upper lobe,acinar opacities
train_90_b_1.nii.gz,lung/lung/lung upper lobe/right lung upper lobe,infectious process
train_90_b_1.nii.gz,esophagus,siliding type hiatal hernia
train_90_b_1.nii.gz,esophagus/esophagus,siliding type hiatal hernia
train_90_b_1.nii.gz,pleura,free pleural effusion
train_90_b_1.nii.gz,pleura/pleura,free pleural effusion
train_90_b_1.nii.gz,bone,lytic lesions
train_90_b_1.nii.gz,bone/bone,lytic lesions
train_86_a_1.nii.gz,lung,vascular prominence
train_86_a_1.nii.gz,lung/lung,vascular prominence
train_86_a_1.nii.gz,heart,replacement
train_86_a_1.nii.gz,heart/heart,replacement
train_86_a_1.nii.gz,pleura,"pleural effusion, bilateral minimal pleural effusion"
train_86_a_1.nii.gz,pleura/pleura,"pleural effusion, bilateral minimal pleural effusion"
train_86_a_1.nii.gz,bone,s scoliosis
train_86_a_1.nii.gz,bone/bone,s scoliosis
train_86_a_1.nii.gz,bone/bone/vertebrae,s scoliosis
train_80_a_1.nii.gz,lung,"nonspecific nodules, emphysematous changes"
train_80_a_1.nii.gz,lung/lung,"nonspecific nodules, emphysematous changes"
train_133_a_1.nii.gz,lung,"uniform interlobular septal thickenings, emphysematous appearance, sequelae thickening, diffuse pleuroparenchymal fibroateletatic sequelae, passive atelectatic changes, cardiac failure"
train_133_a_1.nii.gz,lung/lung,"uniform interlobular septal thickenings, emphysematous appearance, sequelae thickening, diffuse pleuroparenchymal fibroateletatic sequelae, passive atelectatic changes, cardiac failure"
train_133_a_1.nii.gz,lung/lung/left lung,"sequelae thickening, diffuse pleuroparenchymal fibroateletatic sequelae, cardiac failure, uniform interlobular septal thickenings"
train_133_a_1.nii.gz,lung/lung/right lung,"passive atelectatic changes, cardiac failure, uniform interlobular septal thickenings"
train_133_a_1.nii.gz,lung/lung/lung lower lobe,"diffuse pleuroparenchymal fibroateletatic sequelae, cardiac failure, uniform interlobular septal thickenings"
train_133_a_1.nii.gz,lung/lung/lung upper lobe,emphysematous appearance
train_133_a_1.nii.gz,trachea and bronchie,peribronchial thickening
train_133_a_1.nii.gz,trachea and bronchie/bronchie,peribronchial thickening
train_133_a_1.nii.gz,mediastinum,"calcified atherosclerotic changes, diffuse atherosclerotic wall calcifications"
train_133_a_1.nii.gz,mediastinum/aorta,"calcified atherosclerotic changes, diffuse atherosclerotic wall calcifications"
train_133_a_1.nii.gz,heart,pericardial effusion
train_133_a_1.nii.gz,heart/heart,pericardial effusion
train_133_a_1.nii.gz,heart/heart/heart tissue,pericardial effusion
train_133_a_1.nii.gz,pleura,"calcifications, pleural thickening, minimal sequela of pleural thickening"
train_133_a_1.nii.gz,pleura/pleura,"calcifications, pleural thickening, minimal sequela of pleural thickening"
train_133_a_1.nii.gz,bone,diffuse osteodegenerative changes
train_133_a_1.nii.gz,bone/bone,diffuse osteodegenerative changes
train_133_a_1.nii.gz,abdomen,"calcified atherosclerotic changes, cortical cysts, diffuse atherosclerotic wall calcifications"
train_133_a_1.nii.gz,abdomen/abdomen,"calcified atherosclerotic changes, cortical cysts, diffuse atherosclerotic wall calcifications"
train_133_a_1.nii.gz,abdomen/abdomen/aorta,"calcified atherosclerotic changes, diffuse atherosclerotic wall calcifications"
train_133_a_1.nii.gz,abdomen/abdomen/kidney,cortical cysts
train_25_a_1.nii.gz,lung,"nonspecific nodule, 5 . 9 mm diameter nonspecific nodule"
train_25_a_1.nii.gz,lung/lung,"nonspecific nodule, 5 . 9 mm diameter nonspecific nodule"
train_25_a_1.nii.gz,lung/lung/left lung,"nonspecific nodule, 5 . 9 mm diameter nonspecific nodule"
train_25_a_1.nii.gz,lung/lung/left lung/left lung lower lobe,"nonspecific nodule, 5 . 9 mm diameter nonspecific nodule"
train_25_a_1.nii.gz,lung/lung/lung lower lobe,"nonspecific nodule, 5 . 9 mm diameter nonspecific nodule"
train_25_a_1.nii.gz,lung/lung/lung lower lobe/left lung lower lobe,"nonspecific nodule, 5 . 9 mm diameter nonspecific nodule"
train_25_a_1.nii.gz,heart,pericardial effusion
train_25_a_1.nii.gz,heart/heart,pericardial effusion
train_25_a_1.nii.gz,heart/heart/heart tissue,pericardial effusion
train_100_a_1.nii.gz,lung,"millimetric nodules, consolidation, pneumonic infiltration, atelectasis, area of increased density, effusion, emphysematous changes, compressive atelectasis"
train_100_a_1.nii.gz,lung/lung,"millimetric nodules, consolidation, pneumonic infiltration, atelectasis, area of increased density, effusion, emphysematous changes, compressive atelectasis"
train_100_a_1.nii.gz,lung/lung/left lung,"millimetric nodules, consolidation"
train_100_a_1.nii.gz,lung/lung/left lung/left lung lower lobe,consolidation
train_100_a_1.nii.gz,lung/lung/right lung,effusion
train_100_a_1.nii.gz,lung/lung/lung lower lobe,consolidation
train_100_a_1.nii.gz,lung/lung/lung lower lobe/left lung lower lobe,consolidation
train_100_a_1.nii.gz,mediastinum,wider than normal
train_100_a_1.nii.gz,mediastinum/pulmonary artery,wider than normal
train_100_a_1.nii.gz,heart,pericardial effusion
train_100_a_1.nii.gz,heart/heart,pericardial effusion
train_100_a_1.nii.gz,heart/heart/heart tissue,pericardial effusion
train_100_a_1.nii.gz,abdomen,"peritoneal carcinomatosis, hypodense lesions"
train_100_a_1.nii.gz,abdomen/abdomen,"peritoneal carcinomatosis, hypodense lesions"
train_100_a_1.nii.gz,abdomen/abdomen/liver,"peritoneal carcinomatosis, hypodense lesions"
train_100_a_1.nii.gz,abdomen/abdomen/spleen,"peritoneal carcinomatosis, hypodense lesions"
train_90_a_1.nii.gz,lung,budding tree images
train_90_a_1.nii.gz,lung/lung,budding tree images
train_90_a_1.nii.gz,lung/lung/right lung,budding tree images
train_90_a_1.nii.gz,lung/lung/right lung/right lung upper lobe,budding tree images
train_90_a_1.nii.gz,lung/lung/lung upper lobe,budding tree images
train_90_a_1.nii.gz,lung/lung/lung upper lobe/right lung upper lobe,budding tree images
train_90_a_1.nii.gz,trachea and bronchie,bronchiolitis
train_90_a_1.nii.gz,trachea and bronchie/bronchie,bronchiolitis
train_90_a_1.nii.gz,mediastinum,"hypodense findings, oval-shaped hypodense findings, Oval-shaped hypodense findings measuring up to 24x15 mm in the paratracheal and aorticopulmonary window"
train_90_a_1.nii.gz,mediastinum/mediastinal tissue,"hypodense findings, oval-shaped hypodense findings, Oval-shaped hypodense findings measuring up to 24x15 mm in the paratracheal and aorticopulmonary window"
train_90_a_1.nii.gz,heart,pericardial effusion
train_90_a_1.nii.gz,heart/heart,pericardial effusion
train_90_a_1.nii.gz,heart/heart/heart tissue,pericardial effusion
train_90_a_1.nii.gz,bone,"multiple myeloma, lytic lesions"
train_90_a_1.nii.gz,bone/bone,"multiple myeloma, lytic lesions"
train_37_c_1.nii.gz,lung,"centriacinar nodular infiltrates, budding tree appearance, infective pathologies, manifestations"
train_37_c_1.nii.gz,lung/lung,"centriacinar nodular infiltrates, budding tree appearance, infective pathologies, manifestations"
train_37_c_1.nii.gz,lung/lung/lung lower lobe,"centriacinar nodular infiltrates, budding tree appearance"
train_37_c_1.nii.gz,lung/lung/lung upper lobe,"centriacinar nodular infiltrates, budding tree appearance"
train_37_c_1.nii.gz,heart,pericardial effusion
train_37_c_1.nii.gz,heart/heart,pericardial effusion
train_37_c_1.nii.gz,heart/heart/heart tissue,pericardial effusion
train_37_c_1.nii.gz,breast,bilateral gynecomastia
train_37_c_1.nii.gz,breast/breast,bilateral gynecomastia
train_37_c_1.nii.gz,abdomen,"heterogeneous, millimetric calculi"
train_37_c_1.nii.gz,abdomen/abdomen,"heterogeneous, millimetric calculi"
train_37_c_1.nii.gz,abdomen/abdomen/abdominal tissue,heterogeneous
train_37_c_1.nii.gz,abdomen/abdomen/gallbladder,millimetric calculi
train_84_a_1.nii.gz,heart,pericardial effusion
train_84_a_1.nii.gz,heart/heart,pericardial effusion
train_84_a_1.nii.gz,heart/heart/heart tissue,pericardial effusion
train_84_a_1.nii.gz,pleura,pleural effusion
train_84_a_1.nii.gz,pleura/pleura,pleural effusion
train_122_a_1.nii.gz,lung,"consolidative changes, necrotic changes, mass lesion, ground glass density increases, subsegmental atelectasis, emphysematous changes"
train_122_a_1.nii.gz,lung/lung,"consolidative changes, necrotic changes, mass lesion, ground glass density increases, subsegmental atelectasis, emphysematous changes"
train_122_a_1.nii.gz,lung/lung/right lung,"consolidative changes, subsegmental atelectasis, mass lesion, ground glass density increases"
train_122_a_1.nii.gz,lung/lung/right lung/right lung lower lobe,"consolidative changes, subsegmental atelectasis, ground glass density increases"
train_122_a_1.nii.gz,lung/lung/right lung/right lung upper lobe,mass lesion
train_122_a_1.nii.gz,lung/lung/lung lower lobe,"consolidative changes, mass lesion, subsegmental atelectasis, ground glass density increases"
train_122_a_1.nii.gz,lung/lung/lung lower lobe/right lung lower lobe,"consolidative changes, subsegmental atelectasis, ground glass density increases"
train_122_a_1.nii.gz,lung/lung/lung upper lobe,mass lesion
train_122_a_1.nii.gz,lung/lung/lung upper lobe/right lung upper lobe,mass lesion
train_122_a_1.nii.gz,others,mass
train_122_a_1.nii.gz,others/thoracic cavity,mass
train_95_a_1.nii.gz,heart,pericardial effusion
train_95_a_1.nii.gz,heart/heart,pericardial effusion
train_95_a_1.nii.gz,heart/heart/heart tissue,pericardial effusion
train_95_a_1.nii.gz,bone,shallow schmorl nodules
train_95_a_1.nii.gz,bone/bone,shallow schmorl nodules
train_95_a_1.nii.gz,bone/bone/vertebrae,shallow schmorl nodules
train_95_a_1.nii.gz,bone/bone/vertebrae/thoracic vertebrae,shallow schmorl nodules
train_95_a_1.nii.gz,abdomen,liver cc
train_95_a_1.nii.gz,abdomen/abdomen,liver cc
train_95_a_1.nii.gz,abdomen/abdomen/liver,liver cc
train_69_a_1.nii.gz,lung,millimetric nonspecific parenchymal nodules
train_69_a_1.nii.gz,lung/lung,millimetric nonspecific parenchymal nodules
train_69_a_1.nii.gz,heart,"calcified atherosclerotic changes, mild calcified atherosclerotic changes, cardiomegaly"
train_69_a_1.nii.gz,heart/heart,"calcified atherosclerotic changes, mild calcified atherosclerotic changes, cardiomegaly"
train_69_a_1.nii.gz,heart/heart/heart tissue,"calcified atherosclerotic changes, mild calcified atherosclerotic changes"
train_69_a_1.nii.gz,esophagus,sliding type hiatal hernia
train_69_a_1.nii.gz,esophagus/esophagus,sliding type hiatal hernia
train_69_a_1.nii.gz,bone,"diffuse degenerative changes, vacuum phenomenon"
train_69_a_1.nii.gz,bone/bone,"diffuse degenerative changes, vacuum phenomenon"
train_69_a_1.nii.gz,bone/bone/vertebrae,"diffuse degenerative changes, vacuum phenomenon"
train_69_a_1.nii.gz,bone/bone/vertebrae/lumbar vertebrae,"diffuse degenerative changes, vacuum phenomenon"
train_69_a_1.nii.gz,bone/bone/vertebrae/lumbar vertebrae/lumbar vertebrae 3 (l3),"diffuse degenerative changes, vacuum phenomenon"
train_22_a_1.nii.gz,mediastinum,postoperative changes
train_22_a_1.nii.gz,mediastinum/mediastinal tissue,postoperative changes
train_22_a_1.nii.gz,heart,"calcific atheromatous plaques, pericardial effusion"
train_22_a_1.nii.gz,heart/heart,"calcific atheromatous plaques, pericardial effusion"
train_22_a_1.nii.gz,heart/heart/heart tissue,"calcific atheromatous plaques, pericardial effusion"
train_22_a_1.nii.gz,pleura,"consolidated lesion, parenchymal recessions"
train_22_a_1.nii.gz,pleura/pleura,"consolidated lesion, parenchymal recessions"
train_22_a_1.nii.gz,bone,degenerative changes
train_22_a_1.nii.gz,bone/bone,degenerative changes
train_22_a_1.nii.gz,bone/bone/vertebrae,degenerative changes
train_15_a_1.nii.gz,lung,"pleuroparenchymal sequelae density increases, appearance, early viral pneumonia, sequelae"
train_15_a_1.nii.gz,lung/lung,"pleuroparenchymal sequelae density increases, appearance, early viral pneumonia, sequelae"
train_15_a_1.nii.gz,heart,pericardial effusion
train_15_a_1.nii.gz,heart/heart,pericardial effusion
train_15_a_1.nii.gz,heart/heart/heart tissue,pericardial effusion
train_15_a_1.nii.gz,pleura,"focal thickening of the pleura, ground-glass opacities"
train_15_a_1.nii.gz,pleura/pleura,"focal thickening of the pleura, ground-glass opacities"
train_15_a_1.nii.gz,abdomen,accessory spleen
train_15_a_1.nii.gz,abdomen/abdomen,accessory spleen
train_15_a_1.nii.gz,abdomen/abdomen/spleen,accessory spleen
train_29_b_1.nii.gz,heart,pericardial minimal effusion
train_29_b_1.nii.gz,heart/heart,pericardial minimal effusion
train_29_b_1.nii.gz,heart/heart/heart tissue,pericardial minimal effusion
train_138_b_1.nii.gz,lung,"subacute form, interlobular septal thickenings, paramediastinal band atelectasis, peribronchial ground glass densities, tubular bronchiectasis, covid-19 pneumonia"
train_138_b_1.nii.gz,lung/lung,"subacute form, interlobular septal thickenings, paramediastinal band atelectasis, peribronchial ground glass densities, tubular bronchiectasis, covid-19 pneumonia"
train_138_b_1.nii.gz,lung/lung/right lung,"tubular bronchiectasis, paramediastinal band atelectasis"
train_138_b_1.nii.gz,mediastinum,"plonjan goiter, lymph node"
train_138_b_1.nii.gz,mediastinum/mediastinal tissue,"plonjan goiter, lymph node"
train_138_b_1.nii.gz,heart,pericardial effusion
train_138_b_1.nii.gz,heart/heart,pericardial effusion
train_138_b_1.nii.gz,heart/heart/heart tissue,pericardial effusion
train_138_b_1.nii.gz,pleura,subpleural striations
train_138_b_1.nii.gz,pleura/pleura,subpleural striations
train_138_b_1.nii.gz,abdomen,hepatosteatosis
train_138_b_1.nii.gz,abdomen/abdomen,hepatosteatosis
train_138_b_1.nii.gz,abdomen/abdomen/liver,hepatosteatosis
train_99_a_1.nii.gz,trachea and bronchie,no findings
train_99_a_1.nii.gz,trachea and bronchie/trachea,no findings
train_99_a_1.nii.gz,trachea and bronchie/bronchie,no findings
train_99_a_1.nii.gz,mediastinum/mediastinal tissue,no findings
train_116_a_1.nii.gz,lung,no findings
train_116_a_1.nii.gz,lung/lung,no findings
train_116_a_1.nii.gz,trachea and bronchie,no findings
train_116_a_1.nii.gz,trachea and bronchie/trachea,no findings
train_116_a_1.nii.gz,trachea and bronchie/bronchie,no findings
train_116_a_1.nii.gz,mediastinum,no findings
train_116_a_1.nii.gz,mediastinum/mediastinal tissue,no findings
train_116_a_1.nii.gz,esophagus,no findings
train_116_a_1.nii.gz,esophagus/esophagus,no findings
train_116_a_1.nii.gz,pleura,no findings
train_116_a_1.nii.gz,pleura/pleura,no findings
train_116_a_1.nii.gz,bone,no findings
train_116_a_1.nii.gz,bone/bone,no findings
train_116_a_1.nii.gz,abdomen,no findings
train_116_a_1.nii.gz,abdomen/abdomen,no findings
train_116_a_1.nii.gz,abdomen/abdomen/abdominal tissue,no findings
train_128_a_1.nii.gz,trachea and bronchie,no findings
train_128_a_1.nii.gz,trachea and bronchie/trachea,no findings
train_128_a_1.nii.gz,trachea and bronchie/bronchie,no findings
train_128_a_1.nii.gz,pleura,no findings
train_128_a_1.nii.gz,pleura/pleura,no findings
train_128_a_1.nii.gz,abdomen/abdomen/abdominal tissue,no findings
train_6_a_1.nii.gz,pleura,no findings
train_6_a_1.nii.gz,pleura/pleura,no findings
train_61_b_1.nii.gz,mediastinum,no findings
train_61_b_1.nii.gz,mediastinum/mediastinal tissue,no findings
train_14_a_1.nii.gz,trachea and bronchie,no findings
train_14_a_1.nii.gz,trachea and bronchie/trachea,no findings
train_14_a_1.nii.gz,trachea and bronchie/bronchie,no findings
train_14_a_1.nii.gz,pleura,no findings
train_14_a_1.nii.gz,pleura/pleura,no findings
train_14_a_1.nii.gz,abdomen,no findings
train_14_a_1.nii.gz,abdomen/abdomen,no findings
train_14_a_1.nii.gz,abdomen/abdomen/adrenal gland,no findings
train_14_a_1.nii.gz,abdomen/abdomen/liver,no findings
train_60_e_1.nii.gz,lung,no findings
train_60_e_1.nii.gz,lung/lung,no findings
train_146_a_1.nii.gz,lung,no findings
train_146_a_1.nii.gz,lung/lung,no findings
train_146_a_1.nii.gz,mediastinum,no findings
train_146_a_1.nii.gz,mediastinum/thymus,no findings
train_146_a_1.nii.gz,mediastinum/mediastinal tissue,no findings
train_146_a_1.nii.gz,esophagus,no findings
train_146_a_1.nii.gz,esophagus/esophagus,no findings
train_146_a_1.nii.gz,pleura,no findings
train_146_a_1.nii.gz,pleura/pleura,no findings
train_146_a_1.nii.gz,abdomen,no findings
train_146_a_1.nii.gz,abdomen/abdomen,no findings
train_146_a_1.nii.gz,abdomen/abdomen/abdominal tissue,no findings
train_146_a_1.nii.gz,abdomen/abdomen/adrenal gland,no findings
train_146_a_1.nii.gz,abdomen/abdomen/liver,no findings
train_139_b_1.nii.gz,esophagus,no findings
train_139_b_1.nii.gz,esophagus/esophagus,no findings
train_139_b_1.nii.gz,esophagus/esophagus/cervical esophagus,no findings
train_139_b_1.nii.gz,abdomen,no findings
train_139_b_1.nii.gz,abdomen/abdomen,no findings
train_139_b_1.nii.gz,abdomen/abdomen/adrenal gland,no findings
train_139_b_1.nii.gz,abdomen/abdomen/liver,no findings
train_105_b_1.nii.gz,trachea and bronchie,no findings
train_105_b_1.nii.gz,trachea and bronchie/bronchie,no findings
train_105_b_1.nii.gz,mediastinum,no findings
train_105_b_1.nii.gz,mediastinum/mediastinal tissue,no findings
train_105_b_1.nii.gz,esophagus,no findings
train_105_b_1.nii.gz,esophagus/esophagus,no findings
train_105_b_1.nii.gz,bone/bone/vertebrae,no findings
train_105_b_1.nii.gz,abdomen/abdomen/abdominal tissue,no findings
train_122_b_1.nii.gz,mediastinum,no findings
train_122_b_1.nii.gz,mediastinum/mediastinal tissue,no findings
train_122_b_1.nii.gz,esophagus,no findings
train_122_b_1.nii.gz,esophagus/esophagus,no findings
train_122_b_1.nii.gz,abdomen,no findings
train_122_b_1.nii.gz,abdomen/abdomen,no findings
train_122_b_1.nii.gz,abdomen/abdomen/adrenal gland,no findings
train_122_b_1.nii.gz,abdomen/abdomen/liver,no findings
train_74_a_1.nii.gz,lung,no findings
train_74_a_1.nii.gz,lung/lung,no findings
train_74_a_1.nii.gz,mediastinum,no findings
train_74_a_1.nii.gz,mediastinum/mediastinal tissue,no findings
train_74_a_1.nii.gz,bone,no findings
train_74_a_1.nii.gz,bone/bone,no findings
train_51_c_1.nii.gz,trachea and bronchie,no findings
train_51_c_1.nii.gz,trachea and bronchie/trachea,no findings
train_51_c_1.nii.gz,trachea and bronchie/bronchie,no findings
train_51_c_1.nii.gz,mediastinum,no findings
train_51_c_1.nii.gz,mediastinum/mediastinal tissue,no findings
train_51_c_1.nii.gz,esophagus,no findings
train_51_c_1.nii.gz,esophagus/esophagus,no findings
train_51_c_1.nii.gz,pleura,no findings
train_51_c_1.nii.gz,pleura/pleura,no findings
train_51_c_1.nii.gz,bone,no findings
train_51_c_1.nii.gz,bone/bone,no findings
train_51_c_1.nii.gz,bone/bone/vertebrae,no findings
train_51_c_1.nii.gz,abdomen/abdomen/abdominal tissue,no findings
train_143_a_1.nii.gz,esophagus,no findings
train_143_a_1.nii.gz,esophagus/esophagus,no findings
train_143_a_1.nii.gz,esophagus/esophagus/cervical esophagus,no findings
train_86_c_1.nii.gz,mediastinum,no findings
train_86_c_1.nii.gz,mediastinum/mediastinal tissue,no findings
train_86_c_1.nii.gz,abdomen,no findings
train_86_c_1.nii.gz,abdomen/abdomen,no findings
train_86_c_1.nii.gz,abdomen/abdomen/abdominal tissue,no findings
train_55_b_1.nii.gz,mediastinum,no findings
train_55_b_1.nii.gz,mediastinum/mediastinal tissue,no findings
train_55_b_1.nii.gz,esophagus,no findings
train_55_b_1.nii.gz,esophagus/esophagus,no findings
train_55_b_1.nii.gz,pleura,no findings
train_55_b_1.nii.gz,pleura/pleura,no findings
train_55_b_1.nii.gz,abdomen,no findings
train_55_b_1.nii.gz,abdomen/abdomen,no findings
train_55_b_1.nii.gz,abdomen/abdomen/adrenal gland,no findings
train_55_b_1.nii.gz,abdomen/abdomen/liver,no findings
train_3_b_1.nii.gz,trachea and bronchie,no findings
train_3_b_1.nii.gz,trachea and bronchie/trachea,no findings
train_3_b_1.nii.gz,trachea and bronchie/bronchie,no findings
train_3_b_1.nii.gz,bone,no findings
train_3_b_1.nii.gz,bone/bone,no findings
train_3_b_1.nii.gz,abdomen/abdomen/abdominal tissue,no findings
train_147_a_1.nii.gz,trachea and bronchie,no findings
train_147_a_1.nii.gz,trachea and bronchie/trachea,no findings
train_147_a_1.nii.gz,trachea and bronchie/bronchie,no findings
train_147_a_1.nii.gz,mediastinum,no findings
train_147_a_1.nii.gz,mediastinum/mediastinal tissue,no findings
train_147_a_1.nii.gz,esophagus,no findings
train_147_a_1.nii.gz,esophagus/esophagus,no findings
train_147_a_1.nii.gz,pleura,no findings
train_147_a_1.nii.gz,pleura/pleura,no findings
train_147_a_1.nii.gz,abdomen/abdomen/abdominal tissue,no findings
train_41_a_1.nii.gz,abdomen,no findings
train_41_a_1.nii.gz,abdomen/abdomen,no findings
train_41_a_1.nii.gz,abdomen/abdomen/abdominal tissue,no findings
train_48_a_1.nii.gz,bone,no findings
train_48_a_1.nii.gz,bone/bone,no findings
train_64_a_1.nii.gz,trachea and bronchie,no findings
train_64_a_1.nii.gz,trachea and bronchie/trachea,no findings
train_64_a_1.nii.gz,trachea and bronchie/bronchie,no findings
train_64_a_1.nii.gz,mediastinum,no findings
train_64_a_1.nii.gz,mediastinum/mediastinal tissue,no findings
train_64_a_1.nii.gz,esophagus,no findings
train_64_a_1.nii.gz,esophagus/esophagus,no findings
train_64_a_1.nii.gz,pleura,no findings
train_64_a_1.nii.gz,pleura/pleura,no findings
train_64_a_1.nii.gz,bone,no findings
train_64_a_1.nii.gz,bone/bone,no findings
train_64_a_1.nii.gz,bone/bone/vertebrae,no findings
train_104_a_1.nii.gz,esophagus,no findings
train_104_a_1.nii.gz,esophagus/esophagus,no findings
train_89_a_1.nii.gz,mediastinum,no findings
train_89_a_1.nii.gz,mediastinum/mediastinal tissue,no findings
train_89_a_1.nii.gz,esophagus,no findings
train_89_a_1.nii.gz,esophagus/esophagus,no findings
train_89_a_1.nii.gz,abdomen,no findings
train_89_a_1.nii.gz,abdomen/abdomen,no findings
train_89_a_1.nii.gz,abdomen/abdomen/adrenal gland,no findings
train_89_a_1.nii.gz,abdomen/abdomen/liver,no findings
train_86_b_1.nii.gz,pleura,no findings
train_86_b_1.nii.gz,pleura/pleura,no findings
train_86_b_1.nii.gz,bone,no findings
train_86_b_1.nii.gz,bone/bone,no findings
train_86_b_1.nii.gz,bone/bone/clavicle,no findings
train_109_a_1.nii.gz,trachea and bronchie,no findings
train_109_a_1.nii.gz,trachea and bronchie/trachea,no findings
train_109_a_1.nii.gz,trachea and bronchie/bronchie,no findings
train_109_a_1.nii.gz,mediastinum,no findings
train_109_a_1.nii.gz,mediastinum/mediastinal tissue,no findings
train_109_a_1.nii.gz,esophagus,no findings
train_109_a_1.nii.gz,esophagus/esophagus,no findings
train_109_a_1.nii.gz,pleura,no findings
train_109_a_1.nii.gz,pleura/pleura,no findings
train_13_a_1.nii.gz,trachea and bronchie,no findings
train_13_a_1.nii.gz,trachea and bronchie/bronchie,no findings
train_13_a_1.nii.gz,mediastinum,no findings
train_13_a_1.nii.gz,mediastinum/mediastinal tissue,no findings
train_13_a_1.nii.gz,esophagus,no findings
train_13_a_1.nii.gz,esophagus/esophagus,no findings
train_13_a_1.nii.gz,esophagus/esophagus/cervical esophagus,no findings
train_13_a_1.nii.gz,pleura,no findings
train_13_a_1.nii.gz,pleura/pleura,no findings
train_13_a_1.nii.gz,abdomen/abdomen/adrenal gland,no findings
train_26_a_1.nii.gz,mediastinum,no findings
train_26_a_1.nii.gz,mediastinum/mediastinal tissue,no findings
train_26_a_1.nii.gz,bone,no findings
train_26_a_1.nii.gz,bone/bone,no findings
train_34_a_1.nii.gz,trachea and bronchie,no findings
train_34_a_1.nii.gz,trachea and bronchie/trachea,no findings
train_34_a_1.nii.gz,trachea and bronchie/bronchie,no findings
train_34_a_1.nii.gz,esophagus,no findings
train_34_a_1.nii.gz,esophagus/esophagus,no findings
train_34_a_1.nii.gz,pleura,no findings
train_34_a_1.nii.gz,pleura/pleura,no findings
train_34_a_1.nii.gz,bone,no findings
train_34_a_1.nii.gz,bone/bone,no findings
train_34_a_1.nii.gz,abdomen/abdomen/abdominal tissue,no findings
train_52_a_1.nii.gz,esophagus,no findings
train_52_a_1.nii.gz,esophagus/esophagus,no findings
train_11_a_1.nii.gz,mediastinum,no findings
train_11_a_1.nii.gz,mediastinum/mediastinal tissue,no findings
train_11_a_1.nii.gz,esophagus,no findings
train_11_a_1.nii.gz,esophagus/esophagus,no findings
train_11_a_1.nii.gz,abdomen,no findings
train_11_a_1.nii.gz,abdomen/abdomen,no findings
train_11_a_1.nii.gz,abdomen/abdomen/adrenal gland,no findings
train_11_a_1.nii.gz,abdomen/abdomen/liver,no findings
train_29_a_1.nii.gz,bone,no findings
train_29_a_1.nii.gz,bone/bone,no findings
train_51_a_1.nii.gz,trachea and bronchie,no findings
train_51_a_1.nii.gz,trachea and bronchie/trachea,no findings
train_51_a_1.nii.gz,trachea and bronchie/bronchie,no findings
train_51_a_1.nii.gz,mediastinum,no findings
train_51_a_1.nii.gz,mediastinum/mediastinal tissue,no findings
train_51_a_1.nii.gz,esophagus,no findings
train_51_a_1.nii.gz,esophagus/esophagus,no findings
train_51_a_1.nii.gz,bone,no findings
train_51_a_1.nii.gz,bone/bone,no findings
train_51_a_1.nii.gz,abdomen/abdomen/abdominal tissue,no findings
train_123_a_1.nii.gz,mediastinum,no findings
train_123_a_1.nii.gz,mediastinum/mediastinal tissue,no findings
train_123_a_1.nii.gz,esophagus,no findings
train_123_a_1.nii.gz,esophagus/esophagus,no findings
train_123_a_1.nii.gz,pleura,no findings
train_123_a_1.nii.gz,pleura/pleura,no findings
train_123_a_1.nii.gz,abdomen,no findings
train_123_a_1.nii.gz,abdomen/abdomen,no findings
train_123_a_1.nii.gz,abdomen/abdomen/adrenal gland,no findings
train_123_a_1.nii.gz,abdomen/abdomen/liver,no findings
train_39_c_1.nii.gz,mediastinum,no findings
train_39_c_1.nii.gz,mediastinum/mediastinal tissue,no findings
train_39_c_1.nii.gz,esophagus,no findings
train_39_c_1.nii.gz,esophagus/esophagus,no findings
train_39_c_1.nii.gz,esophagus/esophagus/cervical esophagus,no findings
train_39_c_1.nii.gz,abdomen,no findings
train_39_c_1.nii.gz,abdomen/abdomen,no findings
train_39_c_1.nii.gz,abdomen/abdomen/adrenal gland,no findings
train_39_c_1.nii.gz,abdomen/abdomen/liver,no findings
train_27_a_1.nii.gz,trachea and bronchie,no findings
train_27_a_1.nii.gz,trachea and bronchie/trachea,no findings
train_27_a_1.nii.gz,trachea and bronchie/bronchie,no findings
train_27_a_1.nii.gz,mediastinum,no findings
train_27_a_1.nii.gz,mediastinum/mediastinal tissue,no findings
train_27_a_1.nii.gz,esophagus,no findings
train_27_a_1.nii.gz,esophagus/esophagus,no findings
train_27_a_1.nii.gz,abdomen,no findings
train_27_a_1.nii.gz,abdomen/abdomen,no findings
train_27_a_1.nii.gz,abdomen/abdomen/adrenal gland,no findings
train_27_a_1.nii.gz,abdomen/abdomen/kidney,no findings
train_27_a_1.nii.gz,abdomen/abdomen/liver,no findings
train_27_a_1.nii.gz,abdomen/abdomen/pancreas,no findings
train_27_a_1.nii.gz,abdomen/abdomen/spleen,no findings
train_113_a_1.nii.gz,trachea and bronchie,no findings
train_113_a_1.nii.gz,trachea and bronchie/trachea,no findings
train_113_a_1.nii.gz,trachea and bronchie/bronchie,no findings
train_113_a_1.nii.gz,bone,no findings
train_113_a_1.nii.gz,bone/bone,no findings
train_113_a_1.nii.gz,abdomen/abdomen/abdominal tissue,no findings
train_136_a_1.nii.gz,mediastinum,no findings
train_136_a_1.nii.gz,mediastinum/mediastinal tissue,no findings
train_136_a_1.nii.gz,esophagus,no findings
train_136_a_1.nii.gz,esophagus/esophagus,no findings
train_136_a_1.nii.gz,pleura,no findings
train_136_a_1.nii.gz,pleura/pleura,no findings
train_136_a_1.nii.gz,abdomen,no findings
train_136_a_1.nii.gz,abdomen/abdomen,no findings
train_136_a_1.nii.gz,abdomen/abdomen/adrenal gland,no findings
train_136_a_1.nii.gz,abdomen/abdomen/liver,no findings
train_93_b_1.nii.gz,mediastinum,no findings
train_93_b_1.nii.gz,mediastinum/mediastinal tissue,no findings
train_93_b_1.nii.gz,esophagus,no findings
train_93_b_1.nii.gz,esophagus/esophagus,no findings
train_93_b_1.nii.gz,esophagus/esophagus/cervical esophagus,no findings
train_93_b_1.nii.gz,pleura,no findings
train_93_b_1.nii.gz,pleura/pleura,no findings
train_141_a_1.nii.gz,esophagus,no findings
train_141_a_1.nii.gz,esophagus/esophagus,no findings
train_141_a_1.nii.gz,abdomen/abdomen/adrenal gland,no findings
train_141_a_1.nii.gz,abdomen/abdomen/liver,no findings
train_96_a_1.nii.gz,esophagus,no findings
train_96_a_1.nii.gz,esophagus/esophagus,no findings
train_96_a_1.nii.gz,abdomen/abdomen/adrenal gland,no findings
train_97_a_1.nii.gz,mediastinum,no findings
train_97_a_1.nii.gz,mediastinum/mediastinal tissue,no findings
train_97_a_1.nii.gz,pleura,no findings
train_97_a_1.nii.gz,pleura/pleura,no findings
train_97_a_1.nii.gz,abdomen,no findings
train_97_a_1.nii.gz,abdomen/abdomen,no findings
train_97_a_1.nii.gz,abdomen/abdomen/adrenal gland,no findings
train_97_a_1.nii.gz,abdomen/abdomen/liver,no findings
train_135_a_1.nii.gz,mediastinum/mediastinal tissue,no findings
train_135_a_1.nii.gz,esophagus,no findings
train_135_a_1.nii.gz,esophagus/esophagus,no findings
train_135_a_1.nii.gz,esophagus/esophagus/cervical esophagus,no findings
train_135_a_1.nii.gz,abdomen/abdomen/abdominal tissue,no findings
train_135_a_1.nii.gz,others,no findings
train_135_a_1.nii.gz,others/thoracic cavity,no findings
train_83_a_1.nii.gz,mediastinum,no findings
train_83_a_1.nii.gz,mediastinum/mediastinal tissue,no findings
train_83_a_1.nii.gz,pleura,no findings
train_83_a_1.nii.gz,pleura/pleura,no findings
train_83_a_1.nii.gz,abdomen/abdomen/adrenal gland,no findings
train_108_a_1.nii.gz,mediastinum,no findings
train_108_a_1.nii.gz,mediastinum/mediastinal tissue,no findings
train_108_a_1.nii.gz,esophagus,no findings
train_108_a_1.nii.gz,esophagus/esophagus,no findings
train_108_a_1.nii.gz,esophagus/esophagus/cervical esophagus,no findings
train_108_a_1.nii.gz,pleura,no findings
train_108_a_1.nii.gz,pleura/pleura,no findings
train_108_a_1.nii.gz,abdomen,no findings
train_108_a_1.nii.gz,abdomen/abdomen,no findings
train_108_a_1.nii.gz,abdomen/abdomen/adrenal gland,no findings
train_108_a_1.nii.gz,abdomen/abdomen/liver,no findings
train_8_b_1.nii.gz,trachea and bronchie,no findings
train_8_b_1.nii.gz,trachea and bronchie/trachea,no findings
train_8_b_1.nii.gz,trachea and bronchie/bronchie,no findings
train_8_b_1.nii.gz,mediastinum/mediastinal tissue,no findings
train_130_a_1.nii.gz,trachea and bronchie,no findings
train_130_a_1.nii.gz,trachea and bronchie/trachea,no findings
train_130_a_1.nii.gz,trachea and bronchie/bronchie,no findings
train_130_a_1.nii.gz,mediastinum,no findings
train_130_a_1.nii.gz,mediastinum/aorta,no findings
train_130_a_1.nii.gz,mediastinum/mediastinal tissue,no findings
train_130_a_1.nii.gz,heart,no findings
train_130_a_1.nii.gz,heart/heart,no findings
train_130_a_1.nii.gz,heart/heart/heart tissue,no findings
train_130_a_1.nii.gz,esophagus,no findings
train_130_a_1.nii.gz,esophagus/esophagus,no findings
train_130_a_1.nii.gz,pleura,no findings
train_130_a_1.nii.gz,pleura/pleura,no findings
train_130_a_1.nii.gz,bone,no findings
train_130_a_1.nii.gz,bone/bone,no findings
train_130_a_1.nii.gz,abdomen,no findings
train_130_a_1.nii.gz,abdomen/abdomen,no findings
train_130_a_1.nii.gz,abdomen/abdomen/adrenal gland,no findings
train_130_a_1.nii.gz,abdomen/abdomen/aorta,no findings
train_6_b_1.nii.gz,trachea and bronchie,no findings
train_6_b_1.nii.gz,trachea and bronchie/trachea,no findings
train_6_b_1.nii.gz,trachea and bronchie/bronchie,no findings
train_6_b_1.nii.gz,mediastinum/mediastinal tissue,no findings
train_6_b_1.nii.gz,esophagus,no findings
train_6_b_1.nii.gz,esophagus/esophagus,no findings
train_6_b_1.nii.gz,bone,no findings
train_6_b_1.nii.gz,bone/bone,no findings
train_78_a_1.nii.gz,trachea and bronchie,no findings
train_78_a_1.nii.gz,trachea and bronchie/trachea,no findings
train_78_a_1.nii.gz,trachea and bronchie/bronchie,no findings
train_78_a_1.nii.gz,mediastinum,no findings
train_78_a_1.nii.gz,mediastinum/mediastinal tissue,no findings
train_78_a_1.nii.gz,esophagus,no findings
train_78_a_1.nii.gz,esophagus/esophagus,no findings
train_78_a_1.nii.gz,pleura,no findings
train_78_a_1.nii.gz,pleura/pleura,no findings
train_78_a_1.nii.gz,bone,no findings
train_78_a_1.nii.gz,bone/bone,no findings
train_78_a_1.nii.gz,bone/bone/vertebrae,no findings
train_78_a_1.nii.gz,bone/bone/clavicle,no findings
train_78_a_1.nii.gz,abdomen,no findings
train_78_a_1.nii.gz,abdomen/abdomen,no findings
train_78_a_1.nii.gz,abdomen/abdomen/abdominal tissue,no findings
train_84_b_1.nii.gz,lung,no findings
train_84_b_1.nii.gz,lung/lung,no findings
train_63_a_1.nii.gz,trachea and bronchie,no findings
train_63_a_1.nii.gz,trachea and bronchie/trachea,no findings
train_63_a_1.nii.gz,trachea and bronchie/bronchie,no findings
train_63_a_1.nii.gz,heart/heart/heart tissue,no findings
train_63_a_1.nii.gz,pleura,no findings
train_63_a_1.nii.gz,pleura/pleura,no findings
train_107_c_1.nii.gz,esophagus,no findings
train_107_c_1.nii.gz,esophagus/esophagus,no findings
train_93_e_1.nii.gz,pleura,no findings
train_93_e_1.nii.gz,pleura/pleura,no findings
train_121_b_1.nii.gz,mediastinum,no findings
train_121_b_1.nii.gz,mediastinum/mediastinal tissue,no findings
train_121_b_1.nii.gz,esophagus,no findings
train_121_b_1.nii.gz,esophagus/esophagus,no findings
train_121_b_1.nii.gz,esophagus/esophagus/cervical esophagus,no findings
train_121_b_1.nii.gz,abdomen,no findings
train_121_b_1.nii.gz,abdomen/abdomen,no findings
train_121_b_1.nii.gz,abdomen/abdomen/adrenal gland,no findings
train_121_b_1.nii.gz,abdomen/abdomen/liver,no findings
train_17_a_1.nii.gz,mediastinum,no findings
train_17_a_1.nii.gz,mediastinum/mediastinal tissue,no findings
train_17_a_1.nii.gz,esophagus,no findings
train_17_a_1.nii.gz,esophagus/esophagus,no findings
train_17_a_1.nii.gz,esophagus/esophagus/cervical esophagus,no findings
train_17_a_1.nii.gz,abdomen/abdomen/adrenal gland,no findings
train_110_a_1.nii.gz,mediastinum,no findings
train_110_a_1.nii.gz,mediastinum/mediastinal tissue,no findings
train_110_a_1.nii.gz,esophagus,no findings
train_110_a_1.nii.gz,esophagus/esophagus,no findings
train_110_a_1.nii.gz,esophagus/esophagus/cervical esophagus,no findings
train_110_a_1.nii.gz,pleura,no findings
train_110_a_1.nii.gz,pleura/pleura,no findings
train_110_a_1.nii.gz,abdomen,no findings
train_110_a_1.nii.gz,abdomen/abdomen,no findings
train_110_a_1.nii.gz,abdomen/abdomen/adrenal gland,no findings
train_110_a_1.nii.gz,abdomen/abdomen/liver,no findings
train_118_a_1.nii.gz,trachea and bronchie,no findings
train_118_a_1.nii.gz,trachea and bronchie/trachea,no findings
train_118_a_1.nii.gz,trachea and bronchie/bronchie,no findings
train_118_a_1.nii.gz,mediastinum,no findings
train_118_a_1.nii.gz,mediastinum/mediastinal tissue,no findings
train_118_a_1.nii.gz,abdomen,no findings
train_118_a_1.nii.gz,abdomen/abdomen,no findings
train_118_a_1.nii.gz,abdomen/abdomen/adrenal gland,no findings
train_118_a_1.nii.gz,abdomen/abdomen/liver,no findings
train_93_d_1.nii.gz,lung,no findings
train_93_d_1.nii.gz,lung/lung,no findings
train_93_d_1.nii.gz,pleura,no findings
train_93_d_1.nii.gz,pleura/pleura,no findings
train_39_a_1.nii.gz,trachea and bronchie,no findings
train_39_a_1.nii.gz,trachea and bronchie/trachea,no findings
train_39_a_1.nii.gz,trachea and bronchie/bronchie,no findings
train_39_a_1.nii.gz,mediastinum,no findings
train_39_a_1.nii.gz,mediastinum/aorta,no findings
train_39_a_1.nii.gz,mediastinum/mediastinal tissue,no findings
train_39_a_1.nii.gz,heart,no findings
train_39_a_1.nii.gz,heart/heart,no findings
train_39_a_1.nii.gz,heart/heart/heart tissue,no findings
train_39_a_1.nii.gz,esophagus,no findings
train_39_a_1.nii.gz,esophagus/esophagus,no findings
train_39_a_1.nii.gz,esophagus/esophagus/cervical esophagus,no findings
train_39_a_1.nii.gz,pleura,no findings
train_39_a_1.nii.gz,pleura/pleura,no findings
train_39_a_1.nii.gz,abdomen,no findings
train_39_a_1.nii.gz,abdomen/abdomen,no findings
train_39_a_1.nii.gz,abdomen/abdomen/adrenal gland,no findings
train_39_a_1.nii.gz,abdomen/abdomen/aorta,no findings
train_43_a_1.nii.gz,trachea and bronchie,no findings
train_43_a_1.nii.gz,trachea and bronchie/trachea,no findings
train_43_a_1.nii.gz,trachea and bronchie/bronchie,no findings
train_43_a_1.nii.gz,mediastinum,no findings
train_43_a_1.nii.gz,mediastinum/mediastinal tissue,no findings
train_43_a_1.nii.gz,heart,no findings
train_43_a_1.nii.gz,heart/heart,no findings
train_43_a_1.nii.gz,heart/heart/heart tissue,no findings
train_43_a_1.nii.gz,esophagus,no findings
train_43_a_1.nii.gz,esophagus/esophagus,no findings
train_43_a_1.nii.gz,bone,no findings
train_43_a_1.nii.gz,bone/bone,no findings
train_43_a_1.nii.gz,abdomen,no findings
train_43_a_1.nii.gz,abdomen/abdomen,no findings
train_43_a_1.nii.gz,abdomen/abdomen/adrenal gland,no findings
train_56_a_1.nii.gz,mediastinum,no findings
train_56_a_1.nii.gz,mediastinum/mediastinal tissue,no findings
train_56_a_1.nii.gz,esophagus,no findings
train_56_a_1.nii.gz,esophagus/esophagus,no findings
train_56_a_1.nii.gz,esophagus/esophagus/cervical esophagus,no findings
train_56_a_1.nii.gz,pleura,no findings
train_56_a_1.nii.gz,pleura/pleura,no findings
train_56_a_1.nii.gz,abdomen,no findings
train_56_a_1.nii.gz,abdomen/abdomen,no findings
train_56_a_1.nii.gz,abdomen/abdomen/adrenal gland,no findings
train_56_a_1.nii.gz,abdomen/abdomen/liver,no findings
train_134_a_1.nii.gz,trachea and bronchie,no findings
train_134_a_1.nii.gz,trachea and bronchie/trachea,no findings
train_134_a_1.nii.gz,trachea and bronchie/bronchie,no findings
train_134_a_1.nii.gz,mediastinum,no findings
train_134_a_1.nii.gz,mediastinum/mediastinal tissue,no findings
train_134_a_1.nii.gz,esophagus,no findings
train_134_a_1.nii.gz,esophagus/esophagus,no findings
train_134_a_1.nii.gz,abdomen,no findings
train_134_a_1.nii.gz,abdomen/abdomen,no findings
train_134_a_1.nii.gz,abdomen/abdomen/adrenal gland,no findings
train_134_a_1.nii.gz,abdomen/abdomen/liver,no findings
train_4_a_1.nii.gz,trachea and bronchie,no findings
train_4_a_1.nii.gz,trachea and bronchie/trachea,no findings
train_4_a_1.nii.gz,trachea and bronchie/bronchie,no findings
train_4_a_1.nii.gz,mediastinum,no findings
train_4_a_1.nii.gz,mediastinum/mediastinal tissue,no findings
train_4_a_1.nii.gz,esophagus,no findings
train_4_a_1.nii.gz,esophagus/esophagus,no findings
train_4_a_1.nii.gz,abdomen,no findings
train_4_a_1.nii.gz,abdomen/abdomen,no findings
train_4_a_1.nii.gz,abdomen/abdomen/adrenal gland,no findings
train_4_a_1.nii.gz,abdomen/abdomen/liver,no findings
train_87_a_1.nii.gz,mediastinum/mediastinal tissue,no findings
train_87_a_1.nii.gz,esophagus,no findings
train_87_a_1.nii.gz,esophagus/esophagus,no findings
train_87_a_1.nii.gz,esophagus/esophagus/cervical esophagus,no findings
train_87_a_1.nii.gz,pleura,no findings
train_87_a_1.nii.gz,pleura/pleura,no findings
train_87_a_1.nii.gz,abdomen/abdomen/abdominal tissue,no findings
train_87_a_1.nii.gz,abdomen/abdomen/adrenal gland,no findings
train_87_a_1.nii.gz,abdomen/abdomen/liver,no findings
train_31_a_1.nii.gz,trachea and bronchie,no findings
train_31_a_1.nii.gz,trachea and bronchie/trachea,no findings
train_31_a_1.nii.gz,trachea and bronchie/bronchie,no findings
train_31_a_1.nii.gz,mediastinum,no findings
train_31_a_1.nii.gz,mediastinum/aorta,no findings
train_31_a_1.nii.gz,mediastinum/mediastinal tissue,no findings
train_31_a_1.nii.gz,heart,no findings
train_31_a_1.nii.gz,heart/heart,no findings
train_31_a_1.nii.gz,heart/heart/heart tissue,no findings
train_31_a_1.nii.gz,esophagus,no findings
train_31_a_1.nii.gz,esophagus/esophagus,no findings
train_31_a_1.nii.gz,bone,no findings
train_31_a_1.nii.gz,bone/bone,no findings
train_31_a_1.nii.gz,abdomen,no findings
train_31_a_1.nii.gz,abdomen/abdomen,no findings
train_31_a_1.nii.gz,abdomen/abdomen/adrenal gland,no findings
train_31_a_1.nii.gz,abdomen/abdomen/aorta,no findings
train_70_a_1.nii.gz,trachea and bronchie,no findings
train_70_a_1.nii.gz,trachea and bronchie/trachea,no findings
train_70_a_1.nii.gz,trachea and bronchie/bronchie,no findings
train_70_a_1.nii.gz,mediastinum,no findings
train_70_a_1.nii.gz,mediastinum/mediastinal tissue,no findings
train_70_a_1.nii.gz,esophagus,no findings
train_70_a_1.nii.gz,esophagus/esophagus,no findings
train_70_a_1.nii.gz,pleura,no findings
train_70_a_1.nii.gz,pleura/pleura,no findings
train_70_a_1.nii.gz,abdomen,no findings
train_70_a_1.nii.gz,abdomen/abdomen,no findings
train_70_a_1.nii.gz,abdomen/abdomen/abdominal tissue,no findings
train_68_a_1.nii.gz,mediastinum,no findings
train_68_a_1.nii.gz,mediastinum/mediastinal tissue,no findings
train_68_a_1.nii.gz,pleura,no findings
train_68_a_1.nii.gz,pleura/pleura,no findings
train_68_a_1.nii.gz,bone,no findings
train_68_a_1.nii.gz,bone/bone,no findings
train_117_a_1.nii.gz,trachea and bronchie,no findings
train_117_a_1.nii.gz,trachea and bronchie/trachea,no findings
train_117_a_1.nii.gz,trachea and bronchie/bronchie,no findings
train_117_a_1.nii.gz,mediastinum,no findings
train_117_a_1.nii.gz,mediastinum/mediastinal tissue,no findings
train_54_a_1.nii.gz,mediastinum,no findings
train_54_a_1.nii.gz,mediastinum/thymus,no findings
train_54_a_1.nii.gz,mediastinum/mediastinal tissue,no findings
train_54_a_1.nii.gz,esophagus,no findings
train_54_a_1.nii.gz,esophagus/esophagus,no findings
train_54_a_1.nii.gz,abdomen,no findings
train_54_a_1.nii.gz,abdomen/abdomen,no findings
train_54_a_1.nii.gz,abdomen/abdomen/abdominal tissue,no findings
train_54_a_1.nii.gz,abdomen/abdomen/adrenal gland,no findings
train_54_a_1.nii.gz,abdomen/abdomen/liver,no findings
train_92_a_1.nii.gz,trachea and bronchie,no findings
train_92_a_1.nii.gz,trachea and bronchie/trachea,no findings
train_92_a_1.nii.gz,trachea and bronchie/bronchie,no findings
train_92_a_1.nii.gz,esophagus,no findings
train_92_a_1.nii.gz,esophagus/esophagus,no findings
train_51_b_1.nii.gz,trachea and bronchie,no findings
train_51_b_1.nii.gz,trachea and bronchie/trachea,no findings
train_51_b_1.nii.gz,trachea and bronchie/bronchie,no findings
train_51_b_1.nii.gz,mediastinum/mediastinal tissue,no findings
train_51_b_1.nii.gz,heart,no findings
train_51_b_1.nii.gz,heart/heart,no findings
train_51_b_1.nii.gz,heart/heart/heart tissue,no findings
train_51_b_1.nii.gz,esophagus,no findings
train_51_b_1.nii.gz,esophagus/esophagus,no findings
train_51_b_1.nii.gz,abdomen/abdomen/abdominal tissue,no findings
train_73_a_1.nii.gz,mediastinum,no findings
train_73_a_1.nii.gz,mediastinum/mediastinal tissue,no findings
train_73_a_1.nii.gz,esophagus,no findings
train_73_a_1.nii.gz,esophagus/esophagus,no findings
train_73_a_1.nii.gz,esophagus/esophagus/cervical esophagus,no findings
train_73_a_1.nii.gz,pleura,no findings
train_73_a_1.nii.gz,pleura/pleura,no findings
train_73_a_1.nii.gz,abdomen,no findings
train_73_a_1.nii.gz,abdomen/abdomen,no findings
train_73_a_1.nii.gz,abdomen/abdomen/adrenal gland,no findings
train_73_a_1.nii.gz,abdomen/abdomen/liver,no findings
train_24_a_1.nii.gz,mediastinum/mediastinal tissue,no findings
train_24_a_1.nii.gz,bone,no findings
train_24_a_1.nii.gz,bone/bone,no findings
train_9_a_1.nii.gz,mediastinum,no findings
train_9_a_1.nii.gz,mediastinum/mediastinal tissue,no findings
train_9_a_1.nii.gz,esophagus,no findings
train_9_a_1.nii.gz,esophagus/esophagus,no findings
train_9_a_1.nii.gz,abdomen,no findings
train_9_a_1.nii.gz,abdomen/abdomen,no findings
train_9_a_1.nii.gz,abdomen/abdomen/adrenal gland,no findings
train_9_a_1.nii.gz,abdomen/abdomen/liver,no findings
train_125_a_1.nii.gz,heart,no findings
train_125_a_1.nii.gz,heart/heart,no findings
train_125_a_1.nii.gz,heart/heart/heart tissue,no findings
train_125_a_1.nii.gz,bone,no findings
train_125_a_1.nii.gz,bone/bone,no findings
train_125_a_1.nii.gz,abdomen/abdomen/abdominal tissue,no findings
train_88_a_1.nii.gz,trachea and bronchie,no findings
train_88_a_1.nii.gz,trachea and bronchie/trachea,no findings
train_88_a_1.nii.gz,trachea and bronchie/bronchie,no findings
train_88_a_1.nii.gz,mediastinum/mediastinal tissue,no findings
train_88_a_1.nii.gz,esophagus,no findings
train_88_a_1.nii.gz,esophagus/esophagus,no findings
train_88_a_1.nii.gz,pleura,no findings
train_88_a_1.nii.gz,pleura/pleura,no findings
train_88_a_1.nii.gz,abdomen/abdomen/abdominal tissue,no findings
train_93_c_1.nii.gz,trachea and bronchie,no findings
train_93_c_1.nii.gz,trachea and bronchie/trachea,no findings
train_93_c_1.nii.gz,trachea and bronchie/bronchie,no findings
train_93_c_1.nii.gz,mediastinum,no findings
train_93_c_1.nii.gz,mediastinum/mediastinal tissue,no findings
train_93_c_1.nii.gz,pleura,no findings
train_93_c_1.nii.gz,pleura/pleura,no findings
train_93_c_1.nii.gz,abdomen,no findings
train_93_c_1.nii.gz,abdomen/abdomen,no findings
train_93_c_1.nii.gz,abdomen/abdomen/abdominal tissue,no findings
train_76_a_1.nii.gz,trachea and bronchie,no findings
train_76_a_1.nii.gz,trachea and bronchie/bronchie,no findings
train_76_a_1.nii.gz,esophagus,no findings
train_76_a_1.nii.gz,esophagus/esophagus,no findings
train_76_a_1.nii.gz,esophagus/esophagus/cervical esophagus,no findings
train_76_a_1.nii.gz,breast,no findings
train_76_a_1.nii.gz,breast/breast,no findings
train_76_a_1.nii.gz,breast/breast/right breast,no findings
train_76_a_1.nii.gz,abdomen,no findings
train_76_a_1.nii.gz,abdomen/abdomen,no findings
train_76_a_1.nii.gz,abdomen/abdomen/kidney,no findings
train_46_a_1.nii.gz,trachea and bronchie,no findings
train_46_a_1.nii.gz,trachea and bronchie/trachea,no findings
train_46_a_1.nii.gz,trachea and bronchie/bronchie,no findings
train_46_a_1.nii.gz,mediastinum/mediastinal tissue,no findings
train_46_a_1.nii.gz,esophagus,no findings
train_46_a_1.nii.gz,esophagus/esophagus,no findings
train_46_a_1.nii.gz,esophagus/esophagus/cervical esophagus,no findings
train_46_a_1.nii.gz,abdomen/abdomen/adrenal gland,no findings
train_140_a_1.nii.gz,mediastinum,no findings
train_140_a_1.nii.gz,mediastinum/mediastinal tissue,no findings
train_140_a_1.nii.gz,heart,no findings
train_140_a_1.nii.gz,heart/heart,no findings
train_140_a_1.nii.gz,heart/heart/heart tissue,no findings
train_140_a_1.nii.gz,pleura,no findings
train_140_a_1.nii.gz,pleura/pleura,no findings
train_140_a_1.nii.gz,abdomen,no findings
train_140_a_1.nii.gz,abdomen/abdomen,no findings
train_140_a_1.nii.gz,abdomen/abdomen/adrenal gland,no findings
train_140_a_1.nii.gz,abdomen/abdomen/liver,no findings
train_140_a_1.nii.gz,others,no findings
train_140_a_1.nii.gz,others/thoracic cavity,no findings
train_5_a_1.nii.gz,trachea and bronchie/trachea,no findings
train_5_a_1.nii.gz,mediastinum/mediastinal tissue,no findings
train_5_a_1.nii.gz,pleura,no findings
train_5_a_1.nii.gz,pleura/pleura,no findings
train_5_a_1.nii.gz,bone,no findings
train_5_a_1.nii.gz,bone/bone,no findings
train_5_a_1.nii.gz,bone/bone/vertebrae,no findings
train_5_a_1.nii.gz,abdomen/abdomen/abdominal tissue,no findings
train_72_a_1.nii.gz,bone,no findings
train_72_a_1.nii.gz,bone/bone,no findings
train_72_a_1.nii.gz,bone/bone/clavicle,no findings
train_102_a_1.nii.gz,esophagus,no findings
train_102_a_1.nii.gz,esophagus/esophagus,no findings
train_39_d_1.nii.gz,esophagus,no findings
train_39_d_1.nii.gz,esophagus/esophagus,no findings
train_39_d_1.nii.gz,pleura,no findings
train_39_d_1.nii.gz,pleura/pleura,no findings
train_39_d_1.nii.gz,abdomen/abdomen/adrenal gland,no findings
train_39_d_1.nii.gz,abdomen/abdomen/liver,no findings
train_101_b_1.nii.gz,esophagus,no findings
train_101_b_1.nii.gz,esophagus/esophagus,no findings
train_101_b_1.nii.gz,abdomen/abdomen/adrenal gland/right adrenal gland,no findings
train_3_a_1.nii.gz,heart,no findings
train_3_a_1.nii.gz,heart/heart,no findings
train_3_a_1.nii.gz,heart/heart/heart tissue,no findings
train_91_a_1.nii.gz,trachea and bronchie,no findings
train_91_a_1.nii.gz,trachea and bronchie/trachea,no findings
train_91_a_1.nii.gz,trachea and bronchie/bronchie,no findings
train_91_a_1.nii.gz,mediastinum,no findings
train_91_a_1.nii.gz,mediastinum/mediastinal tissue,no findings
train_91_a_1.nii.gz,esophagus,no findings
train_91_a_1.nii.gz,esophagus/esophagus,no findings
train_91_a_1.nii.gz,pleura,no findings
train_91_a_1.nii.gz,pleura/pleura,no findings
train_91_a_1.nii.gz,abdomen,no findings
train_91_a_1.nii.gz,abdomen/abdomen,no findings
train_91_a_1.nii.gz,abdomen/abdomen/abdominal tissue,no findings
train_145_a_1.nii.gz,trachea and bronchie,no findings
train_145_a_1.nii.gz,trachea and bronchie/trachea,no findings
train_145_a_1.nii.gz,trachea and bronchie/bronchie,no findings
train_145_a_1.nii.gz,esophagus,no findings
train_145_a_1.nii.gz,esophagus/esophagus,no findings
train_145_a_1.nii.gz,esophagus/esophagus/cervical esophagus,no findings
train_85_a_1.nii.gz,trachea and bronchie,no findings
train_85_a_1.nii.gz,trachea and bronchie/trachea,no findings
train_85_a_1.nii.gz,trachea and bronchie/bronchie,no findings
train_85_a_1.nii.gz,breast/breast/right breast,no findings
train_85_a_1.nii.gz,abdomen,no findings
train_85_a_1.nii.gz,abdomen/abdomen,no findings
train_85_a_1.nii.gz,abdomen/abdomen/abdominal tissue,no findings
train_111_a_1.nii.gz,lung,no findings
train_111_a_1.nii.gz,lung/lung,no findings
train_111_a_1.nii.gz,trachea and bronchie,no findings
train_111_a_1.nii.gz,trachea and bronchie/trachea,no findings
train_111_a_1.nii.gz,trachea and bronchie/bronchie,no findings
train_111_a_1.nii.gz,mediastinum,no findings
train_111_a_1.nii.gz,mediastinum/mediastinal tissue,no findings
train_111_a_1.nii.gz,esophagus,no findings
train_111_a_1.nii.gz,esophagus/esophagus,no findings
train_111_a_1.nii.gz,pleura,no findings
train_111_a_1.nii.gz,pleura/pleura,no findings
train_111_a_1.nii.gz,bone,no findings
train_111_a_1.nii.gz,bone/bone,no findings
train_53_a_1.nii.gz,mediastinum/mediastinal tissue,no findings
train_53_a_1.nii.gz,abdomen,no findings
train_53_a_1.nii.gz,abdomen/abdomen,no findings
train_53_a_1.nii.gz,abdomen/abdomen/abdominal tissue,no findings
train_42_a_1.nii.gz,trachea and bronchie,no findings
train_42_a_1.nii.gz,trachea and bronchie/trachea,no findings
train_42_a_1.nii.gz,trachea and bronchie/bronchie,no findings
train_42_a_1.nii.gz,mediastinum/aorta,no findings
train_42_a_1.nii.gz,heart,no findings
train_42_a_1.nii.gz,heart/heart,no findings
train_42_a_1.nii.gz,heart/heart/heart tissue,no findings
train_42_a_1.nii.gz,esophagus,no findings
train_42_a_1.nii.gz,esophagus/esophagus,no findings
train_42_a_1.nii.gz,bone,no findings
train_42_a_1.nii.gz,bone/bone,no findings
train_42_a_1.nii.gz,abdomen,no findings
train_42_a_1.nii.gz,abdomen/abdomen,no findings
train_42_a_1.nii.gz,abdomen/abdomen/adrenal gland,no findings
train_42_a_1.nii.gz,abdomen/abdomen/aorta,no findings
train_127_a_1.nii.gz,trachea and bronchie,no findings
train_127_a_1.nii.gz,trachea and bronchie/trachea,no findings
train_127_a_1.nii.gz,trachea and bronchie/bronchie,no findings
train_127_a_1.nii.gz,mediastinum,no findings
train_127_a_1.nii.gz,mediastinum/mediastinal tissue,no findings
train_127_a_1.nii.gz,esophagus,no findings
train_127_a_1.nii.gz,esophagus/esophagus,no findings
train_127_a_1.nii.gz,pleura,no findings
train_127_a_1.nii.gz,pleura/pleura,no findings
train_127_a_1.nii.gz,bone,no findings
train_127_a_1.nii.gz,bone/bone,no findings
train_127_a_1.nii.gz,abdomen,no findings
train_127_a_1.nii.gz,abdomen/abdomen,no findings
train_127_a_1.nii.gz,abdomen/abdomen/abdominal tissue,no findings
train_40_a_1.nii.gz,esophagus,no findings
train_40_a_1.nii.gz,esophagus/esophagus,no findings
train_40_a_1.nii.gz,abdomen/abdomen/abdominal tissue,no findings
train_50_a_1.nii.gz,lung,no findings
train_50_a_1.nii.gz,lung/lung,no findings
train_50_a_1.nii.gz,trachea and bronchie,no findings
train_50_a_1.nii.gz,trachea and bronchie/trachea,no findings
train_50_a_1.nii.gz,trachea and bronchie/bronchie,no findings
train_50_a_1.nii.gz,mediastinum,no findings
train_50_a_1.nii.gz,mediastinum/aorta,no findings
train_50_a_1.nii.gz,mediastinum/mediastinal tissue,no findings
train_50_a_1.nii.gz,heart,no findings
train_50_a_1.nii.gz,heart/heart,no findings
train_50_a_1.nii.gz,heart/heart/heart tissue,no findings
train_50_a_1.nii.gz,esophagus,no findings
train_50_a_1.nii.gz,esophagus/esophagus,no findings
train_50_a_1.nii.gz,pleura,no findings
train_50_a_1.nii.gz,pleura/pleura,no findings
train_50_a_1.nii.gz,bone,no findings
train_50_a_1.nii.gz,bone/bone,no findings
train_50_a_1.nii.gz,abdomen,no findings
train_50_a_1.nii.gz,abdomen/abdomen,no findings
train_50_a_1.nii.gz,abdomen/abdomen/adrenal gland,no findings
train_50_a_1.nii.gz,abdomen/abdomen/aorta,no findings
train_102_c_1.nii.gz,trachea and bronchie,no findings
train_102_c_1.nii.gz,trachea and bronchie/trachea,no findings
train_102_c_1.nii.gz,trachea and bronchie/bronchie,no findings
train_102_c_1.nii.gz,mediastinum,no findings
train_102_c_1.nii.gz,mediastinum/mediastinal tissue,no findings
train_102_c_1.nii.gz,esophagus,no findings
train_102_c_1.nii.gz,esophagus/esophagus,no findings
train_102_c_1.nii.gz,pleura,no findings
train_102_c_1.nii.gz,pleura/pleura,no findings
train_102_c_1.nii.gz,bone,no findings
train_102_c_1.nii.gz,bone/bone,no findings
train_102_c_1.nii.gz,bone/bone/vertebrae,no findings
train_102_c_1.nii.gz,abdomen,no findings
train_102_c_1.nii.gz,abdomen/abdomen,no findings
train_102_c_1.nii.gz,abdomen/abdomen/abdominal tissue,no findings
train_61_d_1.nii.gz,mediastinum,no findings
train_61_d_1.nii.gz,mediastinum/mediastinal tissue,no findings
train_61_d_1.nii.gz,esophagus,no findings
train_61_d_1.nii.gz,esophagus/esophagus,no findings
train_7_a_1.nii.gz,trachea and bronchie,no findings
train_7_a_1.nii.gz,trachea and bronchie/trachea,no findings
train_7_a_1.nii.gz,trachea and bronchie/bronchie,no findings
train_7_a_1.nii.gz,mediastinum,no findings
train_7_a_1.nii.gz,mediastinum/aorta,no findings
train_7_a_1.nii.gz,mediastinum/mediastinal tissue,no findings
train_7_a_1.nii.gz,heart,no findings
train_7_a_1.nii.gz,heart/heart,no findings
train_7_a_1.nii.gz,heart/heart/heart tissue,no findings
train_7_a_1.nii.gz,esophagus,no findings
train_7_a_1.nii.gz,esophagus/esophagus,no findings
train_7_a_1.nii.gz,pleura,no findings
train_7_a_1.nii.gz,pleura/pleura,no findings
train_7_a_1.nii.gz,bone,no findings
train_7_a_1.nii.gz,bone/bone,no findings
train_7_a_1.nii.gz,abdomen,no findings
train_7_a_1.nii.gz,abdomen/abdomen,no findings
train_7_a_1.nii.gz,abdomen/abdomen/adrenal gland,no findings
train_7_a_1.nii.gz,abdomen/abdomen/aorta,no findings
train_107_a_1.nii.gz,trachea and bronchie/trachea,no findings
train_107_a_1.nii.gz,mediastinum,no findings
train_107_a_1.nii.gz,mediastinum/mediastinal tissue,no findings
train_107_a_1.nii.gz,esophagus,no findings
train_107_a_1.nii.gz,esophagus/esophagus,no findings
train_107_a_1.nii.gz,pleura,no findings
train_107_a_1.nii.gz,pleura/pleura,no findings
train_107_a_1.nii.gz,abdomen,no findings
train_107_a_1.nii.gz,abdomen/abdomen,no findings
train_107_a_1.nii.gz,abdomen/abdomen/abdominal tissue,no findings
train_47_a_1.nii.gz,trachea and bronchie,no findings
train_47_a_1.nii.gz,trachea and bronchie/trachea,no findings
train_47_a_1.nii.gz,trachea and bronchie/bronchie,no findings
train_47_a_1.nii.gz,esophagus,no findings
train_47_a_1.nii.gz,esophagus/esophagus,no findings
train_47_a_1.nii.gz,esophagus/esophagus/cervical esophagus,no findings
train_47_a_1.nii.gz,abdomen/abdomen/adrenal gland,no findings
train_47_a_1.nii.gz,abdomen/abdomen/liver,no findings
train_149_a_1.nii.gz,trachea and bronchie,no findings
train_149_a_1.nii.gz,trachea and bronchie/trachea,no findings
train_149_a_1.nii.gz,trachea and bronchie/bronchie,no findings
train_149_a_1.nii.gz,heart,no findings
train_149_a_1.nii.gz,heart/heart,no findings
train_149_a_1.nii.gz,heart/heart/heart tissue,no findings
train_149_a_1.nii.gz,bone,no findings
train_149_a_1.nii.gz,bone/bone,no findings
train_114_a_1.nii.gz,lung,no findings
train_114_a_1.nii.gz,lung/lung,no findings
train_114_a_1.nii.gz,trachea and bronchie,no findings
train_114_a_1.nii.gz,trachea and bronchie/trachea,no findings
train_114_a_1.nii.gz,trachea and bronchie/bronchie,no findings
train_114_a_1.nii.gz,mediastinum,no findings
train_114_a_1.nii.gz,mediastinum/mediastinal tissue,no findings
train_114_a_1.nii.gz,esophagus,no findings
train_114_a_1.nii.gz,esophagus/esophagus,no findings
train_114_a_1.nii.gz,pleura,no findings
train_114_a_1.nii.gz,pleura/pleura,no findings
train_126_a_1.nii.gz,heart/heart/heart tissue,no findings
train_103_a_1.nii.gz,esophagus,no findings
train_103_a_1.nii.gz,esophagus/esophagus,no findings
train_103_a_1.nii.gz,esophagus/esophagus/cervical esophagus,no findings
train_103_a_1.nii.gz,pleura,no findings
train_103_a_1.nii.gz,pleura/pleura,no findings
train_103_a_1.nii.gz,abdomen/abdomen/adrenal gland,no findings
train_103_a_1.nii.gz,abdomen/abdomen/liver,no findings
train_81_a_1.nii.gz,mediastinum,no findings
train_81_a_1.nii.gz,mediastinum/mediastinal tissue,no findings
train_81_a_1.nii.gz,esophagus,no findings
train_81_a_1.nii.gz,esophagus/esophagus,no findings
train_81_a_1.nii.gz,bone,no findings
train_81_a_1.nii.gz,bone/bone,no findings
train_81_a_1.nii.gz,bone/bone/vertebrae,no findings
train_81_a_1.nii.gz,bone/bone/vertebrae/thoracic vertebrae,no findings
train_81_a_1.nii.gz,abdomen,no findings
train_81_a_1.nii.gz,abdomen/abdomen,no findings
train_81_a_1.nii.gz,abdomen/abdomen/adrenal gland,no findings
train_81_a_1.nii.gz,abdomen/abdomen/liver,no findings
train_81_a_1.nii.gz,others,no findings
train_81_a_1.nii.gz,others/thoracic cavity,no findings
train_61_c_1.nii.gz,trachea and bronchie,no findings
train_61_c_1.nii.gz,trachea and bronchie/trachea,no findings
train_61_c_1.nii.gz,trachea and bronchie/bronchie,no findings
train_61_c_1.nii.gz,mediastinum,no findings
train_61_c_1.nii.gz,mediastinum/mediastinal tissue,no findings
train_129_a_1.nii.gz,bone/bone/clavicle,no findings
train_48_b_1.nii.gz,trachea and bronchie,no findings
train_48_b_1.nii.gz,trachea and bronchie/trachea,no findings
train_48_b_1.nii.gz,trachea and bronchie/bronchie,no findings
train_48_b_1.nii.gz,mediastinum/mediastinal tissue,no findings
train_48_b_1.nii.gz,pleura,no findings
train_48_b_1.nii.gz,pleura/pleura,no findings
train_48_b_1.nii.gz,bone,no findings
train_48_b_1.nii.gz,bone/bone,no findings
train_48_b_1.nii.gz,abdomen/abdomen/abdominal tissue,no findings
train_132_a_1.nii.gz,mediastinum,no findings
train_132_a_1.nii.gz,mediastinum/mediastinal tissue,no findings
train_132_a_1.nii.gz,esophagus,no findings
train_132_a_1.nii.gz,esophagus/esophagus,no findings
train_132_a_1.nii.gz,esophagus/esophagus/cervical esophagus,no findings
train_132_a_1.nii.gz,pleura,no findings
train_132_a_1.nii.gz,pleura/pleura,no findings
train_132_a_1.nii.gz,abdomen,no findings
train_132_a_1.nii.gz,abdomen/abdomen,no findings
train_132_a_1.nii.gz,abdomen/abdomen/adrenal gland,no findings
train_132_a_1.nii.gz,abdomen/abdomen/liver,no findings
train_77_a_1.nii.gz,trachea and bronchie,no findings
train_77_a_1.nii.gz,trachea and bronchie/trachea,no findings
train_77_a_1.nii.gz,trachea and bronchie/bronchie,no findings
train_77_a_1.nii.gz,mediastinum,no findings
train_77_a_1.nii.gz,mediastinum/aorta,no findings
train_77_a_1.nii.gz,mediastinum/mediastinal tissue,no findings
train_77_a_1.nii.gz,heart,no findings
train_77_a_1.nii.gz,heart/heart,no findings
train_77_a_1.nii.gz,heart/heart/heart tissue,no findings
train_77_a_1.nii.gz,esophagus,no findings
train_77_a_1.nii.gz,esophagus/esophagus,no findings
train_77_a_1.nii.gz,pleura,no findings
train_77_a_1.nii.gz,pleura/pleura,no findings
train_77_a_1.nii.gz,abdomen/abdomen/aorta,no findings
train_121_a_1.nii.gz,trachea and bronchie,no findings
train_121_a_1.nii.gz,trachea and bronchie/trachea,no findings
train_121_a_1.nii.gz,trachea and bronchie/bronchie,no findings
train_121_a_1.nii.gz,mediastinum,no findings
train_121_a_1.nii.gz,mediastinum/mediastinal tissue,no findings
train_121_a_1.nii.gz,esophagus,no findings
train_121_a_1.nii.gz,esophagus/esophagus,no findings
train_121_a_1.nii.gz,bone,no findings
train_121_a_1.nii.gz,bone/bone,no findings
train_121_a_1.nii.gz,abdomen/abdomen/gallbladder,no findings
train_140_b_1.nii.gz,mediastinum,no findings
train_140_b_1.nii.gz,mediastinum/mediastinal tissue,no findings
train_140_b_1.nii.gz,esophagus,no findings
train_140_b_1.nii.gz,esophagus/esophagus,no findings
train_140_b_1.nii.gz,abdomen,no findings
train_140_b_1.nii.gz,abdomen/abdomen,no findings
train_140_b_1.nii.gz,abdomen/abdomen/adrenal gland,no findings
train_140_b_1.nii.gz,abdomen/abdomen/liver,no findings
train_38_a_1.nii.gz,mediastinum,no findings
train_38_a_1.nii.gz,mediastinum/mediastinal tissue,no findings
train_38_a_1.nii.gz,esophagus,no findings
train_38_a_1.nii.gz,esophagus/esophagus,no findings
train_38_a_1.nii.gz,esophagus/esophagus/cervical esophagus,no findings
train_38_a_1.nii.gz,pleura,no findings
train_38_a_1.nii.gz,pleura/pleura,no findings
train_38_a_1.nii.gz,abdomen,no findings
train_38_a_1.nii.gz,abdomen/abdomen,no findings
train_38_a_1.nii.gz,abdomen/abdomen/adrenal gland,no findings
train_38_a_1.nii.gz,abdomen/abdomen/liver,no findings
train_37_b_1.nii.gz,trachea and bronchie,no findings
train_37_b_1.nii.gz,trachea and bronchie/trachea,no findings
train_37_b_1.nii.gz,trachea and bronchie/bronchie,no findings
train_37_b_1.nii.gz,mediastinum/mediastinal tissue,no findings
train_37_b_1.nii.gz,esophagus,no findings
train_37_b_1.nii.gz,esophagus/esophagus,no findings
train_37_b_1.nii.gz,pleura,no findings
train_37_b_1.nii.gz,pleura/pleura,no findings
train_37_b_1.nii.gz,bone,no findings
train_37_b_1.nii.gz,bone/bone,no findings
train_37_b_1.nii.gz,abdomen/abdomen/abdominal tissue,no findings
train_1_a_1.nii.gz,mediastinum/mediastinal tissue,no findings
train_1_a_1.nii.gz,esophagus,no findings
train_1_a_1.nii.gz,esophagus/esophagus,no findings
train_1_a_1.nii.gz,esophagus/esophagus/cervical esophagus,no findings
train_1_a_1.nii.gz,abdomen/abdomen/adrenal gland,no findings
train_1_a_1.nii.gz,abdomen/abdomen/liver,no findings
train_20_a_1.nii.gz,trachea and bronchie,no findings
train_20_a_1.nii.gz,trachea and bronchie/trachea,no findings
train_20_a_1.nii.gz,trachea and bronchie/bronchie,no findings
train_20_a_1.nii.gz,mediastinum,no findings
train_20_a_1.nii.gz,mediastinum/mediastinal tissue,no findings
train_20_a_1.nii.gz,esophagus,no findings
train_20_a_1.nii.gz,esophagus/esophagus,no findings
train_20_a_1.nii.gz,pleura,no findings
train_20_a_1.nii.gz,pleura/pleura,no findings
train_20_a_1.nii.gz,bone,no findings
train_20_a_1.nii.gz,bone/bone,no findings
train_20_a_1.nii.gz,abdomen,no findings
train_20_a_1.nii.gz,abdomen/abdomen,no findings
train_20_a_1.nii.gz,abdomen/abdomen/abdominal tissue,no findings
train_79_b_1.nii.gz,trachea and bronchie,no findings
train_79_b_1.nii.gz,trachea and bronchie/trachea,no findings
train_79_b_1.nii.gz,trachea and bronchie/bronchie,no findings
train_79_b_1.nii.gz,mediastinum,no findings
train_79_b_1.nii.gz,mediastinum/mediastinal tissue,no findings
train_79_b_1.nii.gz,esophagus,no findings
train_79_b_1.nii.gz,esophagus/esophagus,no findings
train_79_b_1.nii.gz,abdomen,no findings
train_79_b_1.nii.gz,abdomen/abdomen,no findings
train_79_b_1.nii.gz,abdomen/abdomen/adrenal gland,no findings
train_79_b_1.nii.gz,abdomen/abdomen/liver,no findings
train_57_a_1.nii.gz,esophagus,no findings
train_57_a_1.nii.gz,esophagus/esophagus,no findings
train_112_a_1.nii.gz,lung,no findings
train_112_a_1.nii.gz,lung/lung,no findings
train_112_a_1.nii.gz,mediastinum,no findings
train_112_a_1.nii.gz,mediastinum/mediastinal tissue,no findings
train_112_a_1.nii.gz,esophagus,no findings
train_112_a_1.nii.gz,esophagus/esophagus,no findings
train_112_a_1.nii.gz,pleura,no findings
train_112_a_1.nii.gz,pleura/pleura,no findings
train_61_a_1.nii.gz,trachea and bronchie,no findings
train_61_a_1.nii.gz,trachea and bronchie/trachea,no findings
train_61_a_1.nii.gz,trachea and bronchie/bronchie,no findings
train_33_a_1.nii.gz,trachea and bronchie,no findings
train_33_a_1.nii.gz,trachea and bronchie/trachea,no findings
train_33_a_1.nii.gz,trachea and bronchie/bronchie,no findings
train_33_a_1.nii.gz,mediastinum/mediastinal tissue,no findings
train_33_a_1.nii.gz,esophagus,no findings
train_33_a_1.nii.gz,esophagus/esophagus,no findings
train_33_a_1.nii.gz,bone,no findings
train_33_a_1.nii.gz,bone/bone,no findings
train_33_a_1.nii.gz,abdomen/abdomen/abdominal tissue,no findings
train_53_c_1.nii.gz,trachea and bronchie,no findings
train_53_c_1.nii.gz,trachea and bronchie/trachea,no findings
train_53_c_1.nii.gz,trachea and bronchie/bronchie,no findings
train_53_c_1.nii.gz,mediastinum,no findings
train_53_c_1.nii.gz,mediastinum/mediastinal tissue,no findings
train_53_c_1.nii.gz,pleura,no findings
train_53_c_1.nii.gz,pleura/pleura,no findings
train_53_c_1.nii.gz,abdomen,no findings
train_53_c_1.nii.gz,abdomen/abdomen,no findings
train_53_c_1.nii.gz,abdomen/abdomen/abdominal tissue,no findings
train_82_a_1.nii.gz,trachea and bronchie/trachea,no findings
train_82_a_1.nii.gz,mediastinum/mediastinal tissue,no findings
train_82_a_1.nii.gz,esophagus,no findings
train_82_a_1.nii.gz,esophagus/esophagus,no findings
train_82_a_1.nii.gz,esophagus/esophagus/cervical esophagus,no findings
train_59_a_1.nii.gz,trachea and bronchie,no findings
train_59_a_1.nii.gz,trachea and bronchie/trachea,no findings
train_59_a_1.nii.gz,trachea and bronchie/bronchie,no findings
train_59_a_1.nii.gz,mediastinum,no findings
train_59_a_1.nii.gz,mediastinum/mediastinal tissue,no findings
train_59_a_1.nii.gz,esophagus,no findings
train_59_a_1.nii.gz,esophagus/esophagus,no findings
train_59_a_1.nii.gz,pleura,no findings
train_59_a_1.nii.gz,pleura/pleura,no findings
train_59_a_1.nii.gz,bone,no findings
train_59_a_1.nii.gz,bone/bone,no findings
train_59_a_1.nii.gz,abdomen,no findings
train_59_a_1.nii.gz,abdomen/abdomen,no findings
train_59_a_1.nii.gz,abdomen/abdomen/abdominal tissue,no findings
train_60_b_1.nii.gz,trachea and bronchie,no findings
train_60_b_1.nii.gz,trachea and bronchie/trachea,no findings
train_60_b_1.nii.gz,trachea and bronchie/bronchie,no findings
train_60_b_1.nii.gz,esophagus,no findings
train_60_b_1.nii.gz,esophagus/esophagus,no findings
train_60_b_1.nii.gz,abdomen/abdomen/adrenal gland,no findings
train_60_b_1.nii.gz,abdomen/abdomen/liver,no findings
train_30_a_1.nii.gz,mediastinum,no findings
train_30_a_1.nii.gz,mediastinum/mediastinal tissue,no findings
train_30_a_1.nii.gz,esophagus,no findings
train_30_a_1.nii.gz,esophagus/esophagus,no findings
train_30_a_1.nii.gz,pleura,no findings
train_30_a_1.nii.gz,pleura/pleura,no findings
train_30_a_1.nii.gz,abdomen/abdomen/abdominal tissue,no findings
train_30_a_1.nii.gz,abdomen/abdomen/adrenal gland,no findings
train_106_a_1.nii.gz,mediastinum,no findings
train_106_a_1.nii.gz,mediastinum/mediastinal tissue,no findings
train_106_a_1.nii.gz,esophagus,no findings
train_106_a_1.nii.gz,esophagus/esophagus,no findings
train_106_a_1.nii.gz,esophagus/esophagus/cervical esophagus,no findings
train_106_a_1.nii.gz,pleura,no findings
train_106_a_1.nii.gz,pleura/pleura,no findings
train_106_a_1.nii.gz,abdomen,no findings
train_106_a_1.nii.gz,abdomen/abdomen,no findings
train_106_a_1.nii.gz,abdomen/abdomen/adrenal gland,no findings
train_106_a_1.nii.gz,abdomen/abdomen/liver,no findings
train_46_b_1.nii.gz,trachea and bronchie,no findings
train_46_b_1.nii.gz,trachea and bronchie/trachea,no findings
train_46_b_1.nii.gz,trachea and bronchie/bronchie,no findings
train_46_b_1.nii.gz,mediastinum,no findings
train_46_b_1.nii.gz,mediastinum/mediastinal tissue,no findings
train_46_b_1.nii.gz,esophagus,no findings
train_46_b_1.nii.gz,esophagus/esophagus,no findings
train_46_b_1.nii.gz,bone,no findings
train_46_b_1.nii.gz,bone/bone,no findings
train_46_b_1.nii.gz,abdomen/abdomen/abdominal tissue,no findings
train_12_a_1.nii.gz,trachea and bronchie,no findings
train_12_a_1.nii.gz,trachea and bronchie/trachea,no findings
train_12_a_1.nii.gz,trachea and bronchie/bronchie,no findings
train_12_a_1.nii.gz,mediastinum/mediastinal tissue,no findings
train_12_a_1.nii.gz,esophagus,no findings
train_12_a_1.nii.gz,esophagus/esophagus,no findings
train_12_a_1.nii.gz,abdomen/abdomen/adrenal gland,no findings
train_12_a_1.nii.gz,abdomen/abdomen/liver,no findings
train_49_a_1.nii.gz,trachea and bronchie,no findings
train_49_a_1.nii.gz,trachea and bronchie/trachea,no findings
train_49_a_1.nii.gz,trachea and bronchie/bronchie,no findings
train_49_a_1.nii.gz,mediastinum,no findings
train_49_a_1.nii.gz,mediastinum/mediastinal tissue,no findings
train_49_a_1.nii.gz,esophagus,no findings
train_49_a_1.nii.gz,esophagus/esophagus,no findings
train_49_a_1.nii.gz,pleura,no findings
train_49_a_1.nii.gz,pleura/pleura,no findings
train_105_a_1.nii.gz,trachea and bronchie,no findings
train_105_a_1.nii.gz,trachea and bronchie/bronchie,no findings
train_105_a_1.nii.gz,mediastinum,no findings
train_105_a_1.nii.gz,mediastinum/mediastinal tissue,no findings
train_105_a_1.nii.gz,bone,no findings
train_105_a_1.nii.gz,bone/bone,no findings
train_105_a_1.nii.gz,bone/bone/vertebrae,no findings
train_105_a_1.nii.gz,bone/bone/clavicle,no findings
train_105_a_1.nii.gz,abdomen/abdomen/abdominal tissue,no findings
train_107_b_1.nii.gz,trachea and bronchie,no findings
train_107_b_1.nii.gz,trachea and bronchie/trachea,no findings
train_107_b_1.nii.gz,trachea and bronchie/bronchie,no findings
train_144_a_1.nii.gz,trachea and bronchie,no findings
train_144_a_1.nii.gz,trachea and bronchie/trachea,no findings
train_144_a_1.nii.gz,trachea and bronchie/bronchie,no findings
train_144_a_1.nii.gz,mediastinum,no findings
train_144_a_1.nii.gz,mediastinum/mediastinal tissue,no findings
train_144_a_1.nii.gz,heart,no findings
train_144_a_1.nii.gz,heart/heart,no findings
train_144_a_1.nii.gz,heart/heart/heart tissue,no findings
train_144_a_1.nii.gz,esophagus,no findings
train_144_a_1.nii.gz,esophagus/esophagus,no findings
train_144_a_1.nii.gz,pleura,no findings
train_144_a_1.nii.gz,pleura/pleura,no findings
train_144_a_1.nii.gz,bone,no findings
train_144_a_1.nii.gz,bone/bone,no findings
train_144_a_1.nii.gz,abdomen,no findings
train_144_a_1.nii.gz,abdomen/abdomen,no findings
train_144_a_1.nii.gz,abdomen/abdomen/adrenal gland,no findings
train_66_a_1.nii.gz,esophagus,no findings
train_66_a_1.nii.gz,esophagus/esophagus,no findings
train_66_a_1.nii.gz,bone,no findings
train_66_a_1.nii.gz,bone/bone,no findings
train_66_a_1.nii.gz,abdomen/abdomen/adrenal gland,no findings
train_66_a_1.nii.gz,abdomen/abdomen/liver,no findings
train_62_a_1.nii.gz,mediastinum,no findings
train_62_a_1.nii.gz,mediastinum/mediastinal tissue,no findings
train_62_a_1.nii.gz,esophagus,no findings
train_62_a_1.nii.gz,esophagus/esophagus,no findings
train_62_a_1.nii.gz,esophagus/esophagus/cervical esophagus,no findings
train_62_a_1.nii.gz,pleura,no findings
train_62_a_1.nii.gz,pleura/pleura,no findings
train_62_a_1.nii.gz,abdomen,no findings
train_62_a_1.nii.gz,abdomen/abdomen,no findings
train_62_a_1.nii.gz,abdomen/abdomen/adrenal gland,no findings
train_62_a_1.nii.gz,abdomen/abdomen/liver,no findings
train_60_c_1.nii.gz,trachea and bronchie,no findings
train_60_c_1.nii.gz,trachea and bronchie/trachea,no findings
train_60_c_1.nii.gz,trachea and bronchie/bronchie,no findings
train_60_c_1.nii.gz,mediastinum/aorta,no findings
train_60_c_1.nii.gz,heart,no findings
train_60_c_1.nii.gz,heart/heart,no findings
train_60_c_1.nii.gz,heart/heart/heart tissue,no findings
train_60_c_1.nii.gz,esophagus,no findings
train_60_c_1.nii.gz,esophagus/esophagus,no findings
train_60_c_1.nii.gz,pleura,no findings
train_60_c_1.nii.gz,pleura/pleura,no findings
train_60_c_1.nii.gz,abdomen,no findings
train_60_c_1.nii.gz,abdomen/abdomen,no findings
train_60_c_1.nii.gz,abdomen/abdomen/adrenal gland,no findings
train_60_c_1.nii.gz,abdomen/abdomen/aorta,no findings
train_45_a_1.nii.gz,trachea and bronchie,no findings
train_45_a_1.nii.gz,trachea and bronchie/trachea,no findings
train_45_a_1.nii.gz,trachea and bronchie/bronchie,no findings
train_45_a_1.nii.gz,mediastinum/mediastinal tissue,no findings
train_8_a_1.nii.gz,esophagus,no findings
train_8_a_1.nii.gz,esophagus/esophagus,no findings
train_8_a_1.nii.gz,bone,no findings
train_8_a_1.nii.gz,bone/bone,no findings
train_60_a_1.nii.gz,esophagus,no findings
train_60_a_1.nii.gz,esophagus/esophagus,no findings
train_60_a_1.nii.gz,esophagus/esophagus/cervical esophagus,no findings
train_60_a_1.nii.gz,pleura,no findings
train_60_a_1.nii.gz,pleura/pleura,no findings
train_60_a_1.nii.gz,abdomen/abdomen/adrenal gland,no findings
train_60_a_1.nii.gz,abdomen/abdomen/liver,no findings
train_119_a_1.nii.gz,abdomen/abdomen/abdominal tissue,no findings
train_67_a_1.nii.gz,mediastinum,no findings
train_67_a_1.nii.gz,mediastinum/mediastinal tissue,no findings
train_67_a_1.nii.gz,esophagus,no findings
train_67_a_1.nii.gz,esophagus/esophagus,no findings
train_67_a_1.nii.gz,pleura,no findings
train_67_a_1.nii.gz,pleura/pleura,no findings
train_67_a_1.nii.gz,abdomen,no findings
train_67_a_1.nii.gz,abdomen/abdomen,no findings
train_67_a_1.nii.gz,abdomen/abdomen/adrenal gland,no findings
train_67_a_1.nii.gz,abdomen/abdomen/liver,no findings
train_37_a_1.nii.gz,trachea and bronchie,no findings
train_37_a_1.nii.gz,trachea and bronchie/bronchie,no findings
train_37_a_1.nii.gz,mediastinum,no findings
train_37_a_1.nii.gz,mediastinum/mediastinal tissue,no findings
train_37_a_1.nii.gz,esophagus,no findings
train_37_a_1.nii.gz,esophagus/esophagus,no findings
train_37_a_1.nii.gz,bone,no findings
train_37_a_1.nii.gz,bone/bone,no findings
train_37_a_1.nii.gz,bone/bone/clavicle,no findings
train_37_a_1.nii.gz,abdomen,no findings
train_37_a_1.nii.gz,abdomen/abdomen,no findings
train_37_a_1.nii.gz,abdomen/abdomen/adrenal gland,no findings
train_37_a_1.nii.gz,abdomen/abdomen/liver,no findings
train_39_b_1.nii.gz,mediastinum,no findings
train_39_b_1.nii.gz,mediastinum/mediastinal tissue,no findings
train_39_b_1.nii.gz,pleura,no findings
train_39_b_1.nii.gz,pleura/pleura,no findings
train_39_b_1.nii.gz,abdomen,no findings
train_39_b_1.nii.gz,abdomen/abdomen,no findings
train_39_b_1.nii.gz,abdomen/abdomen/abdominal tissue,no findings
train_52_b_1.nii.gz,esophagus,no findings
train_52_b_1.nii.gz,esophagus/esophagus,no findings
train_35_a_1.nii.gz,trachea and bronchie,no findings
train_35_a_1.nii.gz,trachea and bronchie/trachea,no findings
train_35_a_1.nii.gz,trachea and bronchie/bronchie,no findings
train_35_a_1.nii.gz,mediastinum,no findings
train_35_a_1.nii.gz,mediastinum/aorta,no findings
train_35_a_1.nii.gz,mediastinum/mediastinal tissue,no findings
train_35_a_1.nii.gz,heart,no findings
train_35_a_1.nii.gz,heart/heart,no findings
train_35_a_1.nii.gz,heart/heart/heart tissue,no findings
train_35_a_1.nii.gz,esophagus,no findings
train_35_a_1.nii.gz,esophagus/esophagus,no findings
train_35_a_1.nii.gz,abdomen/abdomen/adrenal gland,no findings
train_35_a_1.nii.gz,abdomen/abdomen/aorta,no findings
train_35_a_1.nii.gz,abdomen/abdomen/intestine,no findings
train_35_a_1.nii.gz,abdomen/abdomen/kidney,no findings
train_35_a_1.nii.gz,abdomen/abdomen/pancreas,no findings
train_148_a_1.nii.gz,trachea and bronchie,no findings
train_148_a_1.nii.gz,trachea and bronchie/trachea,no findings
train_148_a_1.nii.gz,trachea and bronchie/bronchie,no findings
train_148_a_1.nii.gz,esophagus,no findings
train_148_a_1.nii.gz,esophagus/esophagus,no findings
train_148_a_1.nii.gz,pleura,no findings
train_148_a_1.nii.gz,pleura/pleura,no findings
train_148_a_1.nii.gz,bone,no findings
train_148_a_1.nii.gz,bone/bone,no findings
train_148_a_1.nii.gz,abdomen,no findings
train_148_a_1.nii.gz,abdomen/abdomen,no findings
train_148_a_1.nii.gz,abdomen/abdomen/abdominal tissue,no findings
train_138_a_1.nii.gz,pleura,no findings
train_138_a_1.nii.gz,pleura/pleura,no findings
train_138_a_1.nii.gz,bone,no findings
train_138_a_1.nii.gz,bone/bone,no findings
train_82_b_1.nii.gz,trachea and bronchie,no findings
train_82_b_1.nii.gz,trachea and bronchie/trachea,no findings
train_82_b_1.nii.gz,heart,no findings
train_82_b_1.nii.gz,heart/heart,no findings
train_82_b_1.nii.gz,heart/heart/heart tissue,no findings
train_82_b_1.nii.gz,abdomen,no findings
train_82_b_1.nii.gz,abdomen/abdomen,no findings
train_82_b_1.nii.gz,abdomen/abdomen/abdominal tissue,no findings
train_23_a_1.nii.gz,esophagus,no findings
train_23_a_1.nii.gz,esophagus/esophagus,no findings
train_16_a_1.nii.gz,trachea and bronchie,no findings
train_16_a_1.nii.gz,trachea and bronchie/trachea,no findings
train_16_a_1.nii.gz,trachea and bronchie/bronchie,no findings
train_16_a_1.nii.gz,esophagus,no findings
train_16_a_1.nii.gz,esophagus/esophagus,no findings
train_18_a_1.nii.gz,esophagus,no findings
train_18_a_1.nii.gz,esophagus/esophagus,no findings
train_18_a_1.nii.gz,esophagus/esophagus/cervical esophagus,no findings
train_18_a_1.nii.gz,pleura,no findings
train_18_a_1.nii.gz,pleura/pleura,no findings
train_18_a_1.nii.gz,abdomen/abdomen/adrenal gland,no findings
train_18_a_1.nii.gz,abdomen/abdomen/liver,no findings
train_36_a_1.nii.gz,esophagus,no findings
train_36_a_1.nii.gz,esophagus/esophagus,no findings
train_36_a_1.nii.gz,abdomen,no findings
train_36_a_1.nii.gz,abdomen/abdomen,no findings
train_36_a_1.nii.gz,abdomen/abdomen/abdominal tissue,no findings
train_10_a_1.nii.gz,esophagus,no findings
train_10_a_1.nii.gz,esophagus/esophagus,no findings
train_131_a_1.nii.gz,esophagus,no findings
train_131_a_1.nii.gz,esophagus/esophagus,no findings
train_131_a_1.nii.gz,abdomen/abdomen/adrenal gland,no findings
train_79_a_1.nii.gz,trachea and bronchie,no findings
train_79_a_1.nii.gz,trachea and bronchie/trachea,no findings
train_79_a_1.nii.gz,trachea and bronchie/bronchie,no findings
train_79_a_1.nii.gz,mediastinum,no findings
train_79_a_1.nii.gz,mediastinum/mediastinal tissue,no findings
train_79_a_1.nii.gz,esophagus,no findings
train_79_a_1.nii.gz,esophagus/esophagus,no findings
train_79_a_1.nii.gz,pleura,no findings
train_79_a_1.nii.gz,pleura/pleura,no findings
train_79_a_1.nii.gz,bone,no findings
train_79_a_1.nii.gz,bone/bone,no findings
train_79_a_1.nii.gz,abdomen,no findings
train_79_a_1.nii.gz,abdomen/abdomen,no findings
train_79_a_1.nii.gz,abdomen/abdomen/abdominal tissue,no findings
train_94_a_1.nii.gz,abdomen,no findings
train_94_a_1.nii.gz,abdomen/abdomen,no findings
train_94_a_1.nii.gz,abdomen/abdomen/adrenal gland,no findings
train_94_a_1.nii.gz,abdomen/abdomen/liver,no findings
train_101_a_1.nii.gz,trachea and bronchie,no findings
train_101_a_1.nii.gz,trachea and bronchie/trachea,no findings
train_101_a_1.nii.gz,trachea and bronchie/bronchie,no findings
train_101_a_1.nii.gz,mediastinum/mediastinal tissue,no findings
train_101_a_1.nii.gz,esophagus/esophagus/cervical esophagus,no findings
train_101_a_1.nii.gz,bone/bone/clavicle,no findings
train_124_a_1.nii.gz,esophagus,no findings
train_124_a_1.nii.gz,esophagus/esophagus,no findings
train_139_a_1.nii.gz,abdomen/abdomen/adrenal gland,no findings
train_115_a_1.nii.gz,trachea and bronchie,no findings
train_115_a_1.nii.gz,trachea and bronchie/trachea,no findings
train_115_a_1.nii.gz,trachea and bronchie/bronchie,no findings
train_115_a_1.nii.gz,mediastinum,no findings
train_115_a_1.nii.gz,mediastinum/mediastinal tissue,no findings
train_115_a_1.nii.gz,esophagus,no findings
train_115_a_1.nii.gz,esophagus/esophagus,no findings
train_115_a_1.nii.gz,pleura,no findings
train_115_a_1.nii.gz,pleura/pleura,no findings
train_115_a_1.nii.gz,bone,no findings
train_115_a_1.nii.gz,bone/bone,no findings
train_115_a_1.nii.gz,abdomen,no findings
train_115_a_1.nii.gz,abdomen/abdomen,no findings
train_115_a_1.nii.gz,abdomen/abdomen/abdominal tissue,no findings
train_32_a_1.nii.gz,trachea and bronchie,no findings
train_32_a_1.nii.gz,trachea and bronchie/trachea,no findings
train_32_a_1.nii.gz,trachea and bronchie/bronchie,no findings
train_32_a_1.nii.gz,mediastinum,no findings
train_32_a_1.nii.gz,mediastinum/mediastinal tissue,no findings
train_32_a_1.nii.gz,esophagus,no findings
train_32_a_1.nii.gz,esophagus/esophagus,no findings
train_32_a_1.nii.gz,abdomen,no findings
train_32_a_1.nii.gz,abdomen/abdomen,no findings
train_32_a_1.nii.gz,abdomen/abdomen/abdominal tissue,no findings
train_75_a_1.nii.gz,trachea and bronchie,no findings
train_75_a_1.nii.gz,trachea and bronchie/bronchie,no findings
train_75_a_1.nii.gz,mediastinum,no findings
train_75_a_1.nii.gz,mediastinum/mediastinal tissue,no findings
train_75_a_1.nii.gz,esophagus,no findings
train_75_a_1.nii.gz,esophagus/esophagus,no findings
train_75_a_1.nii.gz,abdomen,no findings
train_75_a_1.nii.gz,abdomen/abdomen,no findings
train_75_a_1.nii.gz,abdomen/abdomen/adrenal gland,no findings
train_75_a_1.nii.gz,abdomen/abdomen/adrenal gland/right adrenal gland,no findings
train_75_a_1.nii.gz,abdomen/abdomen/liver,no findings
train_120_a_1.nii.gz,trachea and bronchie,no findings
train_120_a_1.nii.gz,trachea and bronchie/trachea,no findings
train_120_a_1.nii.gz,trachea and bronchie/bronchie,no findings
train_120_a_1.nii.gz,mediastinum,no findings
train_120_a_1.nii.gz,mediastinum/aorta,no findings
train_120_a_1.nii.gz,mediastinum/mediastinal tissue,no findings
train_120_a_1.nii.gz,heart,no findings
train_120_a_1.nii.gz,heart/heart,no findings
train_120_a_1.nii.gz,heart/heart/heart tissue,no findings
train_120_a_1.nii.gz,esophagus,no findings
train_120_a_1.nii.gz,esophagus/esophagus,no findings
train_120_a_1.nii.gz,pleura,no findings
train_120_a_1.nii.gz,pleura/pleura,no findings
train_120_a_1.nii.gz,bone,no findings
train_120_a_1.nii.gz,bone/bone,no findings
train_120_a_1.nii.gz,abdomen/abdomen/adrenal gland,no findings
train_120_a_1.nii.gz,abdomen/abdomen/aorta,no findings
train_120_a_1.nii.gz,abdomen/abdomen/gallbladder,no findings
train_71_a_1.nii.gz,mediastinum,no findings
train_71_a_1.nii.gz,mediastinum/thymus,no findings
train_71_a_1.nii.gz,mediastinum/mediastinal tissue,no findings
train_71_a_1.nii.gz,esophagus,no findings
train_71_a_1.nii.gz,esophagus/esophagus,no findings
train_71_a_1.nii.gz,pleura,no findings
train_71_a_1.nii.gz,pleura/pleura,no findings
train_71_a_1.nii.gz,abdomen,no findings
train_71_a_1.nii.gz,abdomen/abdomen,no findings
train_71_a_1.nii.gz,abdomen/abdomen/adrenal gland,no findings
train_71_a_1.nii.gz,abdomen/abdomen/liver,no findings
train_2_a_1.nii.gz,trachea and bronchie,no findings
train_2_a_1.nii.gz,trachea and bronchie/trachea,no findings
train_2_a_1.nii.gz,trachea and bronchie/bronchie,no findings
train_2_a_1.nii.gz,mediastinum/mediastinal tissue,no findings
train_2_a_1.nii.gz,esophagus,no findings
train_2_a_1.nii.gz,esophagus/esophagus,no findings
train_2_a_1.nii.gz,esophagus/esophagus/cervical esophagus,no findings
train_98_a_1.nii.gz,mediastinum,no findings
train_98_a_1.nii.gz,mediastinum/mediastinal tissue,no findings
train_98_a_1.nii.gz,pleura,no findings
train_98_a_1.nii.gz,pleura/pleura,no findings
train_98_a_1.nii.gz,abdomen/abdomen/adrenal gland,no findings
train_98_a_1.nii.gz,abdomen/abdomen/liver,no findings
train_60_d_1.nii.gz,bone,no findings
train_60_d_1.nii.gz,bone/bone,no findings
train_137_a_1.nii.gz,trachea and bronchie,no findings
train_137_a_1.nii.gz,trachea and bronchie/trachea,no findings
train_137_a_1.nii.gz,trachea and bronchie/bronchie,no findings
train_137_a_1.nii.gz,abdomen/abdomen/abdominal tissue,no findings
train_55_a_1.nii.gz,lung,no findings
train_55_a_1.nii.gz,lung/lung,no findings
train_55_a_1.nii.gz,mediastinum,no findings
train_55_a_1.nii.gz,mediastinum/mediastinal tissue,no findings
train_55_a_1.nii.gz,esophagus,no findings
train_55_a_1.nii.gz,esophagus/esophagus,no findings
train_55_a_1.nii.gz,pleura,no findings
train_55_a_1.nii.gz,pleura/pleura,no findings
train_65_a_1.nii.gz,trachea and bronchie,no findings
train_65_a_1.nii.gz,trachea and bronchie/trachea,no findings
train_65_a_1.nii.gz,mediastinum,no findings
train_65_a_1.nii.gz,mediastinum/mediastinal tissue,no findings
train_65_a_1.nii.gz,bone/bone/vertebrae,no findings
train_65_a_1.nii.gz,bone/bone/vertebrae/cervical vertebrae,no findings
train_65_a_1.nii.gz,abdomen/abdomen/abdominal tissue,no findings
train_53_b_1.nii.gz,mediastinum,no findings
train_53_b_1.nii.gz,mediastinum/mediastinal tissue,no findings
train_53_b_1.nii.gz,pleura,no findings
train_53_b_1.nii.gz,pleura/pleura,no findings
train_53_b_1.nii.gz,abdomen/abdomen/abdominal tissue,no findings
train_53_b_1.nii.gz,abdomen/abdomen/gallbladder,no findings
train_21_a_1.nii.gz,trachea and bronchie/trachea,no findings
train_21_a_1.nii.gz,mediastinum/mediastinal tissue,no findings
train_21_a_1.nii.gz,esophagus,no findings
train_21_a_1.nii.gz,esophagus/esophagus,no findings
train_21_a_1.nii.gz,pleura,no findings
train_21_a_1.nii.gz,pleura/pleura,no findings
train_21_a_1.nii.gz,abdomen/abdomen/abdominal tissue,no findings
train_19_a_1.nii.gz,mediastinum,no findings
train_19_a_1.nii.gz,mediastinum/mediastinal tissue,no findings
train_19_a_1.nii.gz,bone,no findings
train_19_a_1.nii.gz,bone/bone,no findings
train_19_a_1.nii.gz,abdomen/abdomen/abdominal tissue,no findings
train_93_a_1.nii.gz,mediastinum,no findings
train_93_a_1.nii.gz,mediastinum/mediastinal tissue,no findings
train_93_a_1.nii.gz,esophagus,no findings
train_93_a_1.nii.gz,esophagus/esophagus,no findings
train_93_a_1.nii.gz,abdomen,no findings
train_93_a_1.nii.gz,abdomen/abdomen,no findings
train_93_a_1.nii.gz,abdomen/abdomen/adrenal gland,no findings
train_93_a_1.nii.gz,abdomen/abdomen/liver,no findings
train_28_a_1.nii.gz,pleura,no findings
train_28_a_1.nii.gz,pleura/pleura,no findings
train_28_a_1.nii.gz,bone,no findings
train_28_a_1.nii.gz,bone/bone,no findings
train_142_a_1.nii.gz,mediastinum,no findings
train_142_a_1.nii.gz,mediastinum/mediastinal tissue,no findings
train_142_a_1.nii.gz,esophagus,no findings
train_142_a_1.nii.gz,esophagus/esophagus,no findings
train_142_a_1.nii.gz,esophagus/esophagus/cervical esophagus,no findings
train_142_a_1.nii.gz,pleura,no findings
train_142_a_1.nii.gz,pleura/pleura,no findings
train_142_a_1.nii.gz,abdomen/abdomen/adrenal gland,no findings
train_90_b_1.nii.gz,trachea and bronchie,no findings
train_90_b_1.nii.gz,trachea and bronchie/trachea,no findings
train_90_b_1.nii.gz,trachea and bronchie/bronchie,no findings
train_90_b_1.nii.gz,mediastinum,no findings
train_90_b_1.nii.gz,mediastinum/mediastinal tissue,no findings
train_90_b_1.nii.gz,heart,no findings
train_90_b_1.nii.gz,heart/heart,no findings
train_90_b_1.nii.gz,heart/heart/heart tissue,no findings
train_86_a_1.nii.gz,mediastinum,no findings
train_86_a_1.nii.gz,mediastinum/mediastinal tissue,no findings
train_80_a_1.nii.gz,trachea and bronchie,no findings
train_80_a_1.nii.gz,trachea and bronchie/trachea,no findings
train_80_a_1.nii.gz,trachea and bronchie/bronchie,no findings
train_80_a_1.nii.gz,mediastinum,no findings
train_80_a_1.nii.gz,mediastinum/mediastinal tissue,no findings
train_80_a_1.nii.gz,esophagus,no findings
train_80_a_1.nii.gz,esophagus/esophagus,no findings
train_80_a_1.nii.gz,pleura,no findings
train_80_a_1.nii.gz,pleura/pleura,no findings
train_80_a_1.nii.gz,bone,no findings
train_80_a_1.nii.gz,bone/bone,no findings
train_80_a_1.nii.gz,abdomen,no findings
train_80_a_1.nii.gz,abdomen/abdomen,no findings
train_80_a_1.nii.gz,abdomen/abdomen/abdominal tissue,no findings
train_133_a_1.nii.gz,mediastinum/mediastinal tissue,no findings
train_133_a_1.nii.gz,esophagus,no findings
train_133_a_1.nii.gz,esophagus/esophagus,no findings
train_133_a_1.nii.gz,esophagus/esophagus/cervical esophagus,no findings
train_25_a_1.nii.gz,trachea and bronchie,no findings
train_25_a_1.nii.gz,trachea and bronchie/trachea,no findings
train_25_a_1.nii.gz,trachea and bronchie/bronchie,no findings
train_25_a_1.nii.gz,mediastinum,no findings
train_25_a_1.nii.gz,mediastinum/mediastinal tissue,no findings
train_25_a_1.nii.gz,esophagus,no findings
train_25_a_1.nii.gz,esophagus/esophagus,no findings
train_25_a_1.nii.gz,esophagus/esophagus/cervical esophagus,no findings
train_25_a_1.nii.gz,abdomen,no findings
train_25_a_1.nii.gz,abdomen/abdomen,no findings
train_25_a_1.nii.gz,abdomen/abdomen/adrenal gland,no findings
train_25_a_1.nii.gz,abdomen/abdomen/liver,no findings
train_100_a_1.nii.gz,trachea and bronchie,no findings
train_100_a_1.nii.gz,trachea and bronchie/trachea,no findings
train_100_a_1.nii.gz,trachea and bronchie/bronchie,no findings
train_100_a_1.nii.gz,mediastinum/mediastinal tissue,no findings
train_100_a_1.nii.gz,esophagus,no findings
train_100_a_1.nii.gz,esophagus/esophagus,no findings
train_90_a_1.nii.gz,esophagus,no findings
train_90_a_1.nii.gz,esophagus/esophagus,no findings
train_90_a_1.nii.gz,abdomen,no findings
train_90_a_1.nii.gz,abdomen/abdomen,no findings
train_90_a_1.nii.gz,abdomen/abdomen/adrenal gland,no findings
train_90_a_1.nii.gz,abdomen/abdomen/liver,no findings
train_37_c_1.nii.gz,trachea and bronchie,no findings
train_37_c_1.nii.gz,trachea and bronchie/trachea,no findings
train_37_c_1.nii.gz,trachea and bronchie/bronchie,no findings
train_37_c_1.nii.gz,mediastinum,no findings
train_37_c_1.nii.gz,mediastinum/mediastinal tissue,no findings
train_37_c_1.nii.gz,esophagus,no findings
train_37_c_1.nii.gz,esophagus/esophagus,no findings
train_84_a_1.nii.gz,lung,no findings
train_84_a_1.nii.gz,lung/lung,no findings
train_84_a_1.nii.gz,lung/lung/left lung,no findings
train_84_a_1.nii.gz,trachea and bronchie,no findings
train_84_a_1.nii.gz,trachea and bronchie/trachea,no findings
train_84_a_1.nii.gz,trachea and bronchie/bronchie,no findings
train_84_a_1.nii.gz,mediastinum,no findings
train_84_a_1.nii.gz,mediastinum/mediastinal tissue,no findings
train_84_a_1.nii.gz,esophagus,no findings
train_84_a_1.nii.gz,esophagus/esophagus,no findings
train_122_a_1.nii.gz,trachea and bronchie,no findings
train_122_a_1.nii.gz,trachea and bronchie/trachea,no findings
train_122_a_1.nii.gz,trachea and bronchie/bronchie,no findings
train_122_a_1.nii.gz,mediastinum,no findings
train_122_a_1.nii.gz,mediastinum/aorta,no findings
train_122_a_1.nii.gz,heart,no findings
train_122_a_1.nii.gz,heart/heart,no findings
train_122_a_1.nii.gz,heart/heart/heart tissue,no findings
train_122_a_1.nii.gz,esophagus,no findings
train_122_a_1.nii.gz,esophagus/esophagus,no findings
train_122_a_1.nii.gz,bone,no findings
train_122_a_1.nii.gz,bone/bone,no findings
train_122_a_1.nii.gz,abdomen,no findings
train_122_a_1.nii.gz,abdomen/abdomen,no findings
train_122_a_1.nii.gz,abdomen/abdomen/adrenal gland,no findings
train_122_a_1.nii.gz,abdomen/abdomen/aorta,no findings
train_95_a_1.nii.gz,mediastinum,no findings
train_95_a_1.nii.gz,mediastinum/mediastinal tissue,no findings
train_95_a_1.nii.gz,esophagus,no findings
train_95_a_1.nii.gz,esophagus/esophagus,no findings
train_95_a_1.nii.gz,pleura,no findings
train_95_a_1.nii.gz,pleura/pleura,no findings
train_95_a_1.nii.gz,abdomen/abdomen/adrenal gland,no findings
train_69_a_1.nii.gz,trachea and bronchie,no findings
train_69_a_1.nii.gz,trachea and bronchie/trachea,no findings
train_69_a_1.nii.gz,trachea and bronchie/bronchie,no findings
train_69_a_1.nii.gz,mediastinum,no findings
train_69_a_1.nii.gz,mediastinum/mediastinal tissue,no findings
train_69_a_1.nii.gz,pleura,no findings
train_69_a_1.nii.gz,pleura/pleura,no findings
train_69_a_1.nii.gz,abdomen,no findings
train_69_a_1.nii.gz,abdomen/abdomen,no findings
train_69_a_1.nii.gz,abdomen/abdomen/adrenal gland,no findings
train_22_a_1.nii.gz,esophagus,no findings
train_22_a_1.nii.gz,esophagus/esophagus,no findings
train_22_a_1.nii.gz,abdomen,no findings
train_22_a_1.nii.gz,abdomen/abdomen,no findings
train_22_a_1.nii.gz,abdomen/abdomen/adrenal gland,no findings
train_22_a_1.nii.gz,abdomen/abdomen/liver,no findings
train_15_a_1.nii.gz,trachea and bronchie,no findings
train_15_a_1.nii.gz,trachea and bronchie/bronchie,no findings
train_15_a_1.nii.gz,mediastinum,no findings
train_15_a_1.nii.gz,mediastinum/mediastinal tissue,no findings
train_15_a_1.nii.gz,esophagus,no findings
train_15_a_1.nii.gz,esophagus/esophagus,no findings
train_15_a_1.nii.gz,esophagus/esophagus/cervical esophagus,no findings
train_15_a_1.nii.gz,abdomen/abdomen/adrenal gland,no findings
train_15_a_1.nii.gz,abdomen/abdomen/liver,no findings
train_29_b_1.nii.gz,trachea and bronchie,no findings
train_29_b_1.nii.gz,trachea and bronchie/trachea,no findings
train_29_b_1.nii.gz,trachea and bronchie/bronchie,no findings
train_29_b_1.nii.gz,mediastinum,no findings
train_29_b_1.nii.gz,mediastinum/mediastinal tissue,no findings
train_29_b_1.nii.gz,esophagus,no findings
train_29_b_1.nii.gz,esophagus/esophagus,no findings
train_29_b_1.nii.gz,pleura,no findings
train_29_b_1.nii.gz,pleura/pleura,no findings
train_29_b_1.nii.gz,bone,no findings
train_29_b_1.nii.gz,bone/bone,no findings
train_29_b_1.nii.gz,bone/bone/vertebrae,no findings
train_29_b_1.nii.gz,abdomen,no findings
train_29_b_1.nii.gz,abdomen/abdomen,no findings
train_29_b_1.nii.gz,abdomen/abdomen/abdominal tissue,no findings
train_138_b_1.nii.gz,bone,no findings
train_138_b_1.nii.gz,bone/bone,no findings
