Volumename,Anatomy,Finding,Presence
train_99_a_1.nii.gz,lung,"ground glass areas, atelectasis",Yes.
train_99_a_1.nii.gz,lung/lung,"ground glass areas, atelectasis",Yes.
train_99_a_1.nii.gz,lung/lung/left lung,"ground glass areas, atelectasis",Yes.
train_99_a_1.nii.gz,lung/lung/left lung/left lung lower lobe,"ground glass areas, atelectasis",Yes.
train_99_a_1.nii.gz,lung/lung/lung lower lobe,"ground glass areas, atelectasis",Yes.
train_99_a_1.nii.gz,lung/lung/lung lower lobe/left lung lower lobe,"ground glass areas, atelectasis",Yes.
train_99_a_1.nii.gz,mediastinum,calcific atheroma plaques,Yes.
train_99_a_1.nii.gz,mediastinum/aorta,calcific atheroma plaques,Yes.
train_99_a_1.nii.gz,heart,"pericardial effusion, cardiothoracic ratio",Yes.
train_99_a_1.nii.gz,heart/heart,"pericardial effusion, cardiothoracic ratio",Yes.
train_99_a_1.nii.gz,heart/heart/heart tissue,pericardial effusion,Yes.
train_99_a_1.nii.gz,esophagus,sliding type hiatal hernia,Yes.
train_99_a_1.nii.gz,esophagus/esophagus,sliding type hiatal hernia,Yes.
train_99_a_1.nii.gz,bone,"sclerotic changes, hypodense lytic lesions, vacuum phenomenon, degeneration",Yes.
train_99_a_1.nii.gz,bone/bone,"sclerotic changes, hypodense lytic lesions, vacuum phenomenon, degeneration",Yes.
train_99_a_1.nii.gz,bone/bone/vertebrae,"sclerotic changes, hypodense lytic lesions",Yes.
train_99_a_1.nii.gz,bone/bone/vertebrae/thoracic vertebrae,"sclerotic changes, hypodense lytic lesions",Yes.
train_99_a_1.nii.gz,bone/bone/vertebrae/thoracic vertebrae/thoracic vertebrae 10 (t10),"sclerotic changes, hypodense lytic lesions",Yes.
train_99_a_1.nii.gz,abdomen,"calcific atheroma plaques, sliding type hiatal hernia, calcified foci, polycystic kidney disease, hyperdense lesions, intraabdominal free fluid, hypodense cystic lesions, macrolobulation",Yes.
train_99_a_1.nii.gz,abdomen/abdomen,"calcific atheroma plaques, sliding type hiatal hernia, calcified foci, polycystic kidney disease, hyperdense lesions, intraabdominal free fluid, hypodense cystic lesions, macrolobulation",Yes.
train_99_a_1.nii.gz,abdomen/abdomen/abdominal tissue,intraabdominal free fluid,Yes.
train_99_a_1.nii.gz,abdomen/abdomen/aorta,calcific atheroma plaques,Yes.
train_99_a_1.nii.gz,abdomen/abdomen/kidney,"calcified foci, polycystic kidney disease, hyperdense lesions, hypodense cystic lesions",Yes.
train_99_a_1.nii.gz,abdomen/abdomen/kidney/left kidney,"polycystic kidney disease, hypodense cystic lesions, hyperdense lesions",Yes.
train_99_a_1.nii.gz,abdomen/abdomen/liver,macrolobulation,Yes.
train_99_a_1.nii.gz,abdomen/abdomen/stomach,sliding type hiatal hernia,Yes.
train_99_a_1.nii.gz,others,respiratory artifacts,Yes.
train_99_a_1.nii.gz,others/thoracic cavity,respiratory artifacts,Yes.
train_128_a_1.nii.gz,lung,"air bronchogram, soft tissue density-consolidation, linear atelectasis",Yes.
train_128_a_1.nii.gz,lung/lung,"air bronchogram, soft tissue density-consolidation, linear atelectasis",Yes.
train_128_a_1.nii.gz,lung/lung/left lung,"air bronchogram, soft tissue density-consolidation, linear atelectasis",Yes.
train_128_a_1.nii.gz,lung/lung/left lung/left lung lower lobe,linear atelectasis,Yes.
train_128_a_1.nii.gz,lung/lung/left lung/left lung upper lobe,"air bronchogram, soft tissue density-consolidation, linear atelectasis",Yes.
train_128_a_1.nii.gz,lung/lung/right lung,linear atelectasis,Yes.
train_128_a_1.nii.gz,lung/lung/right lung/right lung middle lobe,linear atelectasis,Yes.
train_128_a_1.nii.gz,lung/lung/lung lower lobe,linear atelectasis,Yes.
train_128_a_1.nii.gz,lung/lung/lung lower lobe/left lung lower lobe,linear atelectasis,Yes.
train_128_a_1.nii.gz,lung/lung/lung upper lobe,"air bronchogram, soft tissue density-consolidation, linear atelectasis",Yes.
train_128_a_1.nii.gz,lung/lung/lung upper lobe/left lung upper lobe,"air bronchogram, soft tissue density-consolidation, linear atelectasis",Yes.
train_128_a_1.nii.gz,mediastinum,"calcific atheromatous plaques, lymph node",Yes.
train_128_a_1.nii.gz,mediastinum/aorta,calcific atheromatous plaques,Yes.
train_128_a_1.nii.gz,mediastinum/mediastinal tissue,lymph node,Yes.
train_128_a_1.nii.gz,esophagus,sliding type hiatal hernia,Yes.
train_128_a_1.nii.gz,esophagus/esophagus,sliding type hiatal hernia,Yes.
train_128_a_1.nii.gz,bone,"minimal height loss, osteopenia, hypertrophic osteophytes",Yes.
train_128_a_1.nii.gz,bone/bone,"minimal height loss, osteopenia, hypertrophic osteophytes",Yes.
train_128_a_1.nii.gz,bone/bone/vertebrae,"minimal height loss, osteopenia, hypertrophic osteophytes",Yes.
train_128_a_1.nii.gz,bone/bone/vertebrae/thoracic vertebrae,"minimal height loss, osteopenia",Yes.
train_128_a_1.nii.gz,abdomen,"calcific atheromatous plaques, stone",Yes.
train_128_a_1.nii.gz,abdomen/abdomen,"calcific atheromatous plaques, stone",Yes.
train_128_a_1.nii.gz,abdomen/abdomen/aorta,calcific atheromatous plaques,Yes.
train_128_a_1.nii.gz,abdomen/abdomen/gallbladder,stone,Yes.
train_6_a_1.nii.gz,lung,"viral pneumonia, consolidation areas, diffuse septal thickness increase, parenchymal ground glass densities, radiological involvement pattern, covid pneumonia",Yes.
train_6_a_1.nii.gz,lung/lung,"viral pneumonia, consolidation areas, diffuse septal thickness increase, parenchymal ground glass densities, radiological involvement pattern, covid pneumonia",Yes.
train_6_a_1.nii.gz,mediastinum,lymph node,Yes.
train_6_a_1.nii.gz,mediastinum/mediastinal tissue,lymph node,Yes.
train_6_a_1.nii.gz,heart,pericardial effusion,Yes.
train_6_a_1.nii.gz,heart/heart,pericardial effusion,Yes.
train_6_a_1.nii.gz,heart/heart/heart tissue,pericardial effusion,Yes.
train_61_b_1.nii.gz,lung,"infiltrations, ground glass densities, infective process, interlobular septal thickenings, metastases, appearance, crazy paving appearance, patchy consolidations, lymphadenomegaly",Yes.
train_61_b_1.nii.gz,lung/lung,"infiltrations, ground glass densities, infective process, interlobular septal thickenings, metastases, appearance, crazy paving appearance, patchy consolidations, lymphadenomegaly",Yes.
train_61_b_1.nii.gz,lung/lung/left lung,metastases,Yes.
train_61_b_1.nii.gz,lung/lung/left lung/left lung lower lobe,metastases,Yes.
train_61_b_1.nii.gz,lung/lung/right lung,"infiltrations, ground glass densities, interlobular septal thickenings, crazy paving appearance, patchy consolidations",Yes.
train_61_b_1.nii.gz,lung/lung/right lung/right lung upper lobe,"infiltrations, ground glass densities, interlobular septal thickenings, crazy paving appearance, patchy consolidations",Yes.
train_61_b_1.nii.gz,lung/lung/lung lower lobe,metastases,Yes.
train_61_b_1.nii.gz,lung/lung/lung lower lobe/left lung lower lobe,metastases,Yes.
train_61_b_1.nii.gz,lung/lung/lung upper lobe,"infiltrations, ground glass densities, interlobular septal thickenings, crazy paving appearance, patchy consolidations",Yes.
train_61_b_1.nii.gz,lung/lung/lung upper lobe/right lung upper lobe,"infiltrations, ground glass densities, interlobular septal thickenings, crazy paving appearance, patchy consolidations",Yes.
train_61_b_1.nii.gz,pleura,bilateral stable pleural effusion,Yes.
train_61_b_1.nii.gz,pleura/pleura,bilateral stable pleural effusion,Yes.
train_61_b_1.nii.gz,bone,"bone metastases, diffuse bone metastases, malignant compression fracture",Yes.
train_61_b_1.nii.gz,bone/bone,"bone metastases, diffuse bone metastases, malignant compression fracture",Yes.
train_61_b_1.nii.gz,bone/bone/vertebrae,malignant compression fracture,Yes.
train_61_b_1.nii.gz,bone/bone/vertebrae/thoracic vertebrae,malignant compression fracture,Yes.
train_61_b_1.nii.gz,bone/bone/vertebrae/thoracic vertebrae/thoracic vertebrae 12 (t12),malignant compression fracture,Yes.
train_61_b_1.nii.gz,breast,left mastectomized,Yes.
train_61_b_1.nii.gz,breast/breast,left mastectomized,Yes.
train_61_b_1.nii.gz,abdomen,"multiple metastases, hypodensities",Yes.
train_61_b_1.nii.gz,abdomen/abdomen,"multiple metastases, hypodensities",Yes.
train_61_b_1.nii.gz,abdomen/abdomen/liver,"multiple metastases, hypodensities",Yes.
train_14_a_1.nii.gz,mediastinum,lymph node,Yes.
train_14_a_1.nii.gz,mediastinum/mediastinal tissue,lymph node,Yes.
train_14_a_1.nii.gz,heart,pericardial effusion,Yes.
train_14_a_1.nii.gz,heart/heart,pericardial effusion,Yes.
train_14_a_1.nii.gz,heart/heart/heart tissue,pericardial effusion,Yes.
train_14_a_1.nii.gz,esophagus,sliding type hiatal hernia,Yes.
train_14_a_1.nii.gz,esophagus/esophagus,sliding type hiatal hernia,Yes.
train_14_a_1.nii.gz,bone,mild scoliosis,Yes.
train_14_a_1.nii.gz,bone/bone,mild scoliosis,Yes.
train_14_a_1.nii.gz,bone/bone/vertebrae,mild scoliosis,Yes.
train_14_a_1.nii.gz,bone/bone/vertebrae/thoracic vertebrae,mild scoliosis,Yes.
train_60_e_1.nii.gz,pleura,"multilobar consolidation areas, ground glass densities",Yes.
train_60_e_1.nii.gz,pleura/pleura,"multilobar consolidation areas, ground glass densities",Yes.
train_60_e_1.nii.gz,bone,"stable lytic lesions, lytic lesions",Yes.
train_60_e_1.nii.gz,bone/bone,"stable lytic lesions, lytic lesions",Yes.
train_139_b_1.nii.gz,lung,sequelae fibrotic densities,Yes.
train_139_b_1.nii.gz,lung/lung,sequelae fibrotic densities,Yes.
train_139_b_1.nii.gz,lung/lung/right lung,sequelae fibrotic densities,Yes.
train_139_b_1.nii.gz,mediastinum,Multiple lymph nodes with short axes reaching up to 19 mm,Yes.
train_139_b_1.nii.gz,mediastinum/mediastinal tissue,Multiple lymph nodes with short axes reaching up to 19 mm,Yes.
train_139_b_1.nii.gz,heart,pericardial effusion,Yes.
train_139_b_1.nii.gz,heart/heart,pericardial effusion,Yes.
train_139_b_1.nii.gz,heart/heart/heart tissue,pericardial effusion,Yes.
train_139_b_1.nii.gz,pleura,nodules,Yes.
train_139_b_1.nii.gz,pleura/pleura,nodules,Yes.
train_105_b_1.nii.gz,lung,diffuse linear atelectasis,Yes.
train_105_b_1.nii.gz,lung/lung,diffuse linear atelectasis,Yes.
train_105_b_1.nii.gz,heart,pericardial effusion,Yes.
train_105_b_1.nii.gz,heart/heart,pericardial effusion,Yes.
train_105_b_1.nii.gz,heart/heart/heart tissue,pericardial effusion,Yes.
train_105_b_1.nii.gz,pleura,"pneumothorax, hemorrhage, subpleural plastering, diffuse free air, free air images, edema-inflammation",Yes.
train_105_b_1.nii.gz,pleura/pleura,"pneumothorax, hemorrhage, subpleural plastering, diffuse free air, free air images, edema-inflammation",Yes.
train_105_b_1.nii.gz,bone,displaced and destroyed old fracture line,Yes.
train_105_b_1.nii.gz,bone/bone,displaced and destroyed old fracture line,Yes.
train_105_b_1.nii.gz,bone/bone/rib,displaced and destroyed old fracture line,Yes.
train_105_b_1.nii.gz,bone/bone/rib/right rib,displaced and destroyed old fracture line,Yes.
train_105_b_1.nii.gz,bone/bone/rib/right rib/right rib 6,displaced and destroyed old fracture line,Yes.
train_105_b_1.nii.gz,bone/bone/rib/rib 6,displaced and destroyed old fracture line,Yes.
train_105_b_1.nii.gz,bone/bone/rib/rib 6/right rib 6,displaced and destroyed old fracture line,Yes.
train_105_b_1.nii.gz,abdomen,"hepatosteatosis, liver size",Yes.
train_105_b_1.nii.gz,abdomen/abdomen,"hepatosteatosis, liver size",Yes.
train_105_b_1.nii.gz,abdomen/abdomen/liver,"hepatosteatosis, liver size",Yes.
train_122_b_1.nii.gz,heart,pericardial effusion,Yes.
train_122_b_1.nii.gz,heart/heart,pericardial effusion,Yes.
train_122_b_1.nii.gz,heart/heart/heart tissue,pericardial effusion,Yes.
train_74_a_1.nii.gz,heart,"pericardial effusion, increased",Yes.
train_74_a_1.nii.gz,heart/heart,"pericardial effusion, increased",Yes.
train_74_a_1.nii.gz,heart/heart/heart tissue,pericardial effusion,Yes.
train_74_a_1.nii.gz,abdomen,"hypodense area, mild contour lobulation, cyst, moderate hepatosteatosis, elevated",Yes.
train_74_a_1.nii.gz,abdomen/abdomen,"hypodense area, mild contour lobulation, cyst, moderate hepatosteatosis, elevated",Yes.
train_74_a_1.nii.gz,abdomen/abdomen/abdominal tissue,elevated,Yes.
train_74_a_1.nii.gz,abdomen/abdomen/kidney,"hypodense area, mild contour lobulation, cyst",Yes.
train_74_a_1.nii.gz,abdomen/abdomen/kidney/right kidney,hypodense area,Yes.
train_74_a_1.nii.gz,abdomen/abdomen/liver,moderate hepatosteatosis,Yes.
train_51_c_1.nii.gz,lung,"nodules, viral pneumonias, atelectatic changes, pleuroparenchymal sequelae, covid-19 pneumonia",Yes.
train_51_c_1.nii.gz,lung/lung,"nodules, viral pneumonias, atelectatic changes, pleuroparenchymal sequelae, covid-19 pneumonia",Yes.
train_51_c_1.nii.gz,abdomen,hypodense lesions,Yes.
train_51_c_1.nii.gz,abdomen/abdomen,hypodense lesions,Yes.
train_51_c_1.nii.gz,abdomen/abdomen/liver,hypodense lesions,Yes.
train_143_a_1.nii.gz,lung,"mosaic attenuation patterns, thickening of the interlobular septa",Yes.
train_143_a_1.nii.gz,lung/lung,"mosaic attenuation patterns, thickening of the interlobular septa",Yes.
train_143_a_1.nii.gz,lung/lung/lung lower lobe,"mosaic attenuation patterns, thickening of the interlobular septa",Yes.
train_143_a_1.nii.gz,mediastinum,"calcific atheroma plaques, lymph node",Yes.
train_143_a_1.nii.gz,mediastinum/aorta,calcific atheroma plaques,Yes.
train_143_a_1.nii.gz,mediastinum/mediastinal tissue,lymph node,Yes.
train_143_a_1.nii.gz,heart,pericardial effusion,Yes.
train_143_a_1.nii.gz,heart/heart,pericardial effusion,Yes.
train_143_a_1.nii.gz,heart/heart/heart tissue,pericardial effusion,Yes.
train_143_a_1.nii.gz,bone,hypertrophic osteophytic tapering,Yes.
train_143_a_1.nii.gz,bone/bone,hypertrophic osteophytic tapering,Yes.
train_143_a_1.nii.gz,bone/bone/vertebrae,hypertrophic osteophytic tapering,Yes.
train_143_a_1.nii.gz,thyroid,"millimetric calcific foci, plunging extension",Yes.
train_143_a_1.nii.gz,thyroid/thyroid,"millimetric calcific foci, plunging extension",Yes.
train_143_a_1.nii.gz,thyroid/thyroid/thyroid gland,plunging extension,Yes.
train_143_a_1.nii.gz,thyroid/thyroid/thyroid gland/left thyroid,plunging extension,Yes.
train_143_a_1.nii.gz,abdomen,"calcific atheroma plaques, cyst, fluid attenuation, hyperdense findings, stones",Yes.
train_143_a_1.nii.gz,abdomen/abdomen,"calcific atheroma plaques, cyst, fluid attenuation, hyperdense findings, stones",Yes.
train_143_a_1.nii.gz,abdomen/abdomen/aorta,calcific atheroma plaques,Yes.
train_143_a_1.nii.gz,abdomen/abdomen/gallbladder,"hyperdense findings, stones",Yes.
train_143_a_1.nii.gz,abdomen/abdomen/liver,"fluid attenuation, cyst",Yes.
train_143_a_1.nii.gz,others,effusions,Yes.
train_143_a_1.nii.gz,others/thoracic cavity,effusions,Yes.
train_86_c_1.nii.gz,heart,"density, heart sizes",Yes.
train_86_c_1.nii.gz,heart/heart,"density, heart sizes",Yes.
train_86_c_1.nii.gz,pleura,subpleural bands,Yes.
train_86_c_1.nii.gz,pleura/pleura,subpleural bands,Yes.
train_86_c_1.nii.gz,bone,left-facing rotoscoliosis,Yes.
train_86_c_1.nii.gz,bone/bone,left-facing rotoscoliosis,Yes.
train_86_c_1.nii.gz,bone/bone/vertebrae,left-facing rotoscoliosis,Yes.
train_86_c_1.nii.gz,bone/bone/vertebrae/thoracic vertebrae,left-facing rotoscoliosis,Yes.
train_55_b_1.nii.gz,lung,"atelectatic changes, mild atelectatic changes, dependent atelectatic changes",Yes.
train_55_b_1.nii.gz,lung/lung,"atelectatic changes, mild atelectatic changes, dependent atelectatic changes",Yes.
train_55_b_1.nii.gz,lung/lung/left lung,"atelectatic changes, mild atelectatic changes",Yes.
train_55_b_1.nii.gz,lung/lung/left lung/left lung lower lobe,"atelectatic changes, mild atelectatic changes",Yes.
train_55_b_1.nii.gz,lung/lung/lung lower lobe,"dependent atelectatic changes, mild atelectatic changes, atelectatic changes",Yes.
train_55_b_1.nii.gz,lung/lung/lung lower lobe/left lung lower lobe,"atelectatic changes, mild atelectatic changes",Yes.
train_55_b_1.nii.gz,heart,pericardial effusion,Yes.
train_55_b_1.nii.gz,heart/heart,pericardial effusion,Yes.
train_55_b_1.nii.gz,heart/heart/heart tissue,pericardial effusion,Yes.
train_3_b_1.nii.gz,lung,"millimetric nodules, pulmonary edema, pneumonic infiltrates, millimetric centriacinar nodules, interlobular septal thickenings, consolidations",Yes.
train_3_b_1.nii.gz,lung/lung,"millimetric nodules, pulmonary edema, pneumonic infiltrates, millimetric centriacinar nodules, interlobular septal thickenings, consolidations",Yes.
train_3_b_1.nii.gz,lung/lung/right lung,consolidations,Yes.
train_3_b_1.nii.gz,lung/lung/right lung/right lung lower lobe,consolidations,Yes.
train_3_b_1.nii.gz,lung/lung/right lung/right lung upper lobe,consolidations,Yes.
train_3_b_1.nii.gz,lung/lung/lung lower lobe,consolidations,Yes.
train_3_b_1.nii.gz,lung/lung/lung lower lobe/right lung lower lobe,consolidations,Yes.
train_3_b_1.nii.gz,lung/lung/lung upper lobe,consolidations,Yes.
train_3_b_1.nii.gz,lung/lung/lung upper lobe/right lung upper lobe,consolidations,Yes.
train_3_b_1.nii.gz,mediastinum,"atheromatous plaques, lymph node, largest lymph node with short diameter of 15 mm",Yes.
train_3_b_1.nii.gz,mediastinum/aorta,atheromatous plaques,Yes.
train_3_b_1.nii.gz,mediastinum/mediastinal tissue,"lymph node, largest lymph node with short diameter of 15 mm",Yes.
train_3_b_1.nii.gz,heart,pericardial effusion,Yes.
train_3_b_1.nii.gz,heart/heart,pericardial effusion,Yes.
train_3_b_1.nii.gz,heart/heart/heart tissue,pericardial effusion,Yes.
train_3_b_1.nii.gz,esophagus,occlusive hiatal hernia,Yes.
train_3_b_1.nii.gz,esophagus/esophagus,occlusive hiatal hernia,Yes.
train_3_b_1.nii.gz,pleura,"pulmonary edema, pleural effusion, bilateral pleural effusion",Yes.
train_3_b_1.nii.gz,pleura/pleura,"pulmonary edema, pleural effusion, bilateral pleural effusion",Yes.
train_3_b_1.nii.gz,abdomen,atheromatous plaques,Yes.
train_3_b_1.nii.gz,abdomen/abdomen,atheromatous plaques,Yes.
train_3_b_1.nii.gz,abdomen/abdomen/aorta,atheromatous plaques,Yes.
train_147_a_1.nii.gz,lung,"millimetric nodules, pleuroparenchymal sequela fibrotic change, soft tissue density",Yes.
train_147_a_1.nii.gz,lung/lung,"millimetric nodules, pleuroparenchymal sequela fibrotic change, soft tissue density",Yes.
train_147_a_1.nii.gz,lung/lung/right lung,"soft tissue density, pleuroparenchymal sequela fibrotic change",Yes.
train_147_a_1.nii.gz,lung/lung/right lung/right lung upper lobe,"soft tissue density, pleuroparenchymal sequela fibrotic change",Yes.
train_147_a_1.nii.gz,lung/lung/lung upper lobe,"soft tissue density, pleuroparenchymal sequela fibrotic change",Yes.
train_147_a_1.nii.gz,lung/lung/lung upper lobe/right lung upper lobe,"soft tissue density, pleuroparenchymal sequela fibrotic change",Yes.
train_147_a_1.nii.gz,bone,"lytic bone lesions, metastases",Yes.
train_147_a_1.nii.gz,bone/bone,"lytic bone lesions, metastases",Yes.
train_147_a_1.nii.gz,bone/bone/vertebrae,lytic bone lesions,Yes.
train_147_a_1.nii.gz,bone/bone/vertebrae/thoracic vertebrae,lytic bone lesions,Yes.
train_147_a_1.nii.gz,bone/bone/vertebrae/lumbar vertebrae,lytic bone lesions,Yes.
train_147_a_1.nii.gz,breast,nodular thickenings,Yes.
train_147_a_1.nii.gz,breast/breast,nodular thickenings,Yes.
train_147_a_1.nii.gz,abdomen,"liver parchymal density, adiposity",Yes.
train_147_a_1.nii.gz,abdomen/abdomen,"liver parchymal density, adiposity",Yes.
train_147_a_1.nii.gz,abdomen/abdomen/liver,"liver parchymal density, adiposity",Yes.
train_41_a_1.nii.gz,lung,parenchymal nodule,Yes.
train_41_a_1.nii.gz,lung/lung,parenchymal nodule,Yes.
train_41_a_1.nii.gz,lung/lung/right lung,parenchymal nodule,Yes.
train_41_a_1.nii.gz,lung/lung/right lung/right lung lower lobe,parenchymal nodule,Yes.
train_41_a_1.nii.gz,lung/lung/lung lower lobe,parenchymal nodule,Yes.
train_41_a_1.nii.gz,lung/lung/lung lower lobe/right lung lower lobe,parenchymal nodule,Yes.
train_41_a_1.nii.gz,mediastinum,triangular density,Yes.
train_41_a_1.nii.gz,mediastinum/mediastinal tissue,triangular density,Yes.
train_41_a_1.nii.gz,pleura,"focal pleural thickening, pleuroparachymal sequelae densities, post-operative changes, parenchymal distortion",Yes.
train_41_a_1.nii.gz,pleura/pleura,"focal pleural thickening, pleuroparachymal sequelae densities, post-operative changes, parenchymal distortion",Yes.
train_41_a_1.nii.gz,bone,post-op fractures,Yes.
train_41_a_1.nii.gz,bone/bone,post-op fractures,Yes.
train_41_a_1.nii.gz,bone/bone/rib,post-op fractures,Yes.
train_41_a_1.nii.gz,bone/bone/rib/right rib,post-op fractures,Yes.
train_41_a_1.nii.gz,bone/bone/rib/right rib/right rib 8,post-op fractures,Yes.
train_41_a_1.nii.gz,bone/bone/rib/right rib/right rib 9,post-op fractures,Yes.
train_41_a_1.nii.gz,bone/bone/rib/rib 8,post-op fractures,Yes.
train_41_a_1.nii.gz,bone/bone/rib/rib 8/right rib 8,post-op fractures,Yes.
train_41_a_1.nii.gz,bone/bone/rib/rib 9,post-op fractures,Yes.
train_41_a_1.nii.gz,bone/bone/rib/rib 9/right rib 9,post-op fractures,Yes.
train_16_b_1.nii.gz,lung,"pneumonic infiltration, ground glass density, new metastatic lesions, asymmetric parenchymal infiltration areas, covid pneumonia",Yes.
train_16_b_1.nii.gz,lung/lung,"pneumonic infiltration, ground glass density, new metastatic lesions, asymmetric parenchymal infiltration areas, covid pneumonia",Yes.
train_16_b_1.nii.gz,trachea and bronchie,compression,Yes.
train_16_b_1.nii.gz,trachea and bronchie/bronchie,compression,Yes.
train_16_b_1.nii.gz,mediastinum,"metastatic lymph nodes in the mediastinum, metastatic lymph nodes lateral to the right axilla pectoralis minor muscle, metastatic lymph nodes in the supraclavicular fossa",Yes.
train_16_b_1.nii.gz,mediastinum/mediastinal tissue,"metastatic lymph nodes in the mediastinum, metastatic lymph nodes lateral to the right axilla pectoralis minor muscle, metastatic lymph nodes in the supraclavicular fossa",Yes.
train_16_b_1.nii.gz,pleura,pleural effusion,Yes.
train_16_b_1.nii.gz,pleura/pleura,pleural effusion,Yes.
train_16_b_1.nii.gz,bone,bone metastases,Yes.
train_16_b_1.nii.gz,bone/bone,bone metastases,Yes.
train_16_b_1.nii.gz,abdomen,"liver size, metastatic lesions",Yes.
train_16_b_1.nii.gz,abdomen/abdomen,"liver size, metastatic lesions",Yes.
train_16_b_1.nii.gz,abdomen/abdomen/liver,"liver size, metastatic lesions",Yes.
train_48_a_1.nii.gz,lung,"lung parenchyma involvement, covid infection",Yes.
train_48_a_1.nii.gz,lung/lung,"lung parenchyma involvement, covid infection",Yes.
train_48_a_1.nii.gz,mediastinum,"lymph node, mild effusion",Yes.
train_48_a_1.nii.gz,mediastinum/aorta,mild effusion,Yes.
train_48_a_1.nii.gz,mediastinum/mediastinal tissue,lymph node,Yes.
train_48_a_1.nii.gz,esophagus,sliding type hiatal hernia,Yes.
train_48_a_1.nii.gz,esophagus/esophagus,sliding type hiatal hernia,Yes.
train_48_a_1.nii.gz,pleura,"ground glass density, septal thickness",Yes.
train_48_a_1.nii.gz,pleura/pleura,"ground glass density, septal thickness",Yes.
train_48_a_1.nii.gz,abdomen,mild effusion,Yes.
train_48_a_1.nii.gz,abdomen/abdomen,mild effusion,Yes.
train_48_a_1.nii.gz,abdomen/abdomen/aorta,mild effusion,Yes.
train_64_a_1.nii.gz,lung,"infective pathologies, bud-like centracinar nodular ground glass densities, area of increase in density, linear atelectasis",Yes.
train_64_a_1.nii.gz,lung/lung,"infective pathologies, bud-like centracinar nodular ground glass densities, area of increase in density, linear atelectasis",Yes.
train_64_a_1.nii.gz,lung/lung/left lung,"area of increase in density, linear atelectasis",Yes.
train_64_a_1.nii.gz,lung/lung/left lung/left lung lower lobe,"area of increase in density, linear atelectasis",Yes.
train_64_a_1.nii.gz,lung/lung/right lung,"infective pathologies, bud-like centracinar nodular ground glass densities",Yes.
train_64_a_1.nii.gz,lung/lung/right lung/right lung upper lobe,"infective pathologies, bud-like centracinar nodular ground glass densities",Yes.
train_64_a_1.nii.gz,lung/lung/lung lower lobe,"area of increase in density, linear atelectasis",Yes.
train_64_a_1.nii.gz,lung/lung/lung lower lobe/left lung lower lobe,"area of increase in density, linear atelectasis",Yes.
train_64_a_1.nii.gz,lung/lung/lung upper lobe,"infective pathologies, bud-like centracinar nodular ground glass densities",Yes.
train_64_a_1.nii.gz,lung/lung/lung upper lobe/right lung upper lobe,"infective pathologies, bud-like centracinar nodular ground glass densities",Yes.
train_64_a_1.nii.gz,heart,effusion,Yes.
train_64_a_1.nii.gz,heart/heart,effusion,Yes.
train_64_a_1.nii.gz,heart/heart/heart tissue,effusion,Yes.
train_64_a_1.nii.gz,abdomen,crf,Yes.
train_64_a_1.nii.gz,abdomen/abdomen,crf,Yes.
train_64_a_1.nii.gz,abdomen/abdomen/kidney,crf,Yes.
train_104_a_1.nii.gz,lung,"nodules, consolidation area, partially calcific appearance, partially consolidated air bronchograms, diffuse metastases, new finding, ground-glass-like density increase, progression, lymph nodes with a partially calcific appearance",Yes.
train_104_a_1.nii.gz,lung/lung,"nodules, consolidation area, partially calcific appearance, partially consolidated air bronchograms, diffuse metastases, new finding, ground-glass-like density increase, progression, lymph nodes with a partially calcific appearance",Yes.
train_104_a_1.nii.gz,lung/lung/right lung,"consolidation area, ground-glass-like density increase, partially consolidated air bronchograms",Yes.
train_104_a_1.nii.gz,lung/lung/right lung/right lung lower lobe,"ground-glass-like density increase, partially consolidated air bronchograms",Yes.
train_104_a_1.nii.gz,lung/lung/right lung/right lung upper lobe,consolidation area,Yes.
train_104_a_1.nii.gz,lung/lung/lung lower lobe,"ground-glass-like density increase, partially consolidated air bronchograms",Yes.
train_104_a_1.nii.gz,lung/lung/lung lower lobe/right lung lower lobe,"ground-glass-like density increase, partially consolidated air bronchograms",Yes.
train_104_a_1.nii.gz,lung/lung/lung upper lobe,consolidation area,Yes.
train_104_a_1.nii.gz,lung/lung/lung upper lobe/right lung upper lobe,consolidation area,Yes.
train_104_a_1.nii.gz,trachea and bronchie,"compression in the bronchial structures, lymph nodes-masses at the hilar level, compression",Yes.
train_104_a_1.nii.gz,trachea and bronchie/bronchie,"compression in the bronchial structures, lymph nodes-masses at the hilar level, compression",Yes.
train_104_a_1.nii.gz,mediastinum,"largest lymph node at the level of the renal hilus with unclear size evaluation due to inability to distinguish from surrounding soft tissue planes in the non-contrast examination, Multiple lymph nodes with a partially calcified appearance, multiple lymph nodes in the mediastinum, progressed in size and number, largest ones in the subcarinal area",Yes.
train_104_a_1.nii.gz,mediastinum/aorta,"Multiple lymph nodes with a partially calcified appearance, largest lymph node at the level of the renal hilus with unclear size evaluation due to inability to distinguish from surrounding soft tissue planes in the non-contrast examination",Yes.
train_104_a_1.nii.gz,mediastinum/mediastinal tissue,"multiple lymph nodes in the mediastinum, progressed in size and number, largest ones in the subcarinal area",Yes.
train_104_a_1.nii.gz,heart,pericardial effusion,Yes.
train_104_a_1.nii.gz,heart/heart,pericardial effusion,Yes.
train_104_a_1.nii.gz,heart/heart/heart tissue,pericardial effusion,Yes.
train_104_a_1.nii.gz,pleura,pleural effusion,Yes.
train_104_a_1.nii.gz,pleura/pleura,pleural effusion,Yes.
train_104_a_1.nii.gz,bone,"lymph nodes of approximately 30x27 mm in size with millimetric-amorphous calcifications, lymph nodes with a tendency to merge on top of each other in the left paracervical area in a superposed appearance, old fracture sequelae, degenerative changes, millimetric-amorphous calcifications",Yes.
train_104_a_1.nii.gz,bone/bone,"lymph nodes of approximately 30x27 mm in size with millimetric-amorphous calcifications, lymph nodes with a tendency to merge on top of each other in the left paracervical area in a superposed appearance, old fracture sequelae, degenerative changes, millimetric-amorphous calcifications",Yes.
train_104_a_1.nii.gz,bone/bone/vertebrae,"lymph nodes with a tendency to merge on top of each other in the left paracervical area in a superposed appearance, millimetric-amorphous calcifications, lymph nodes of approximately 30x27 mm in size with millimetric-amorphous calcifications",Yes.
train_104_a_1.nii.gz,bone/bone/vertebrae/cervical vertebrae,"lymph nodes with a tendency to merge on top of each other in the left paracervical area in a superposed appearance, millimetric-amorphous calcifications, lymph nodes of approximately 30x27 mm in size with millimetric-amorphous calcifications",Yes.
train_104_a_1.nii.gz,bone/bone/rib,old fracture sequelae,Yes.
train_104_a_1.nii.gz,bone/bone/rib/right rib,old fracture sequelae,Yes.
train_104_a_1.nii.gz,bone/bone/rib/right rib/right rib 10,old fracture sequelae,Yes.
train_104_a_1.nii.gz,bone/bone/rib/rib 10,old fracture sequelae,Yes.
train_104_a_1.nii.gz,bone/bone/rib/rib 10/right rib 10,old fracture sequelae,Yes.
train_104_a_1.nii.gz,abdomen,"faceted stones, Multiple lymph nodes with a partially calcified appearance, largest lymph node at the level of the renal hilus with unclear size evaluation due to inability to distinguish from surrounding soft tissue planes in the non-contrast examination, nodular densities",Yes.
train_104_a_1.nii.gz,abdomen/abdomen,"faceted stones, Multiple lymph nodes with a partially calcified appearance, largest lymph node at the level of the renal hilus with unclear size evaluation due to inability to distinguish from surrounding soft tissue planes in the non-contrast examination, nodular densities",Yes.
train_104_a_1.nii.gz,abdomen/abdomen/abdominal tissue,faceted stones,Yes.
train_104_a_1.nii.gz,abdomen/abdomen/adrenal gland,nodular densities,Yes.
train_104_a_1.nii.gz,abdomen/abdomen/adrenal gland/left adrenal gland,nodular densities,Yes.
train_104_a_1.nii.gz,abdomen/abdomen/aorta,"Multiple lymph nodes with a partially calcified appearance, largest lymph node at the level of the renal hilus with unclear size evaluation due to inability to distinguish from surrounding soft tissue planes in the non-contrast examination",Yes.
train_104_a_1.nii.gz,abdomen/abdomen/gallbladder,faceted stones,Yes.
train_104_a_1.nii.gz,abdomen/abdomen/kidney,"Multiple lymph nodes with a partially calcified appearance, largest lymph node at the level of the renal hilus with unclear size evaluation due to inability to distinguish from surrounding soft tissue planes in the non-contrast examination",Yes.
train_89_a_1.nii.gz,lung,"2 mm calcific millimetric nodule, calcific millimetric nodule",Yes.
train_89_a_1.nii.gz,lung/lung,"2 mm calcific millimetric nodule, calcific millimetric nodule",Yes.
train_89_a_1.nii.gz,lung/lung/right lung,"2 mm calcific millimetric nodule, calcific millimetric nodule",Yes.
train_89_a_1.nii.gz,lung/lung/right lung/right lung lower lobe,"2 mm calcific millimetric nodule, calcific millimetric nodule",Yes.
train_89_a_1.nii.gz,lung/lung/lung lower lobe,"2 mm calcific millimetric nodule, calcific millimetric nodule",Yes.
train_89_a_1.nii.gz,lung/lung/lung lower lobe/right lung lower lobe,"2 mm calcific millimetric nodule, calcific millimetric nodule",Yes.
train_89_a_1.nii.gz,heart,pericardial effusion,Yes.
train_89_a_1.nii.gz,heart/heart,pericardial effusion,Yes.
train_89_a_1.nii.gz,heart/heart/heart tissue,pericardial effusion,Yes.
train_89_a_1.nii.gz,bone,left-facing scoliosis,Yes.
train_89_a_1.nii.gz,bone/bone,left-facing scoliosis,Yes.
train_89_a_1.nii.gz,bone/bone/vertebrae,left-facing scoliosis,Yes.
train_89_a_1.nii.gz,bone/bone/vertebrae/thoracic vertebrae,left-facing scoliosis,Yes.
train_86_b_1.nii.gz,lung,"involvement pattern, small vessel involvement, parenchymal ground-glass opacity, covid pandemic, nodular ground-glass opacity, cardiomegaly, density increases",Yes.
train_86_b_1.nii.gz,lung/lung,"involvement pattern, small vessel involvement, parenchymal ground-glass opacity, covid pandemic, nodular ground-glass opacity, cardiomegaly, density increases",Yes.
train_86_b_1.nii.gz,lung/lung/right lung,"parenchymal ground-glass opacity, nodular ground-glass opacity, density increases",Yes.
train_86_b_1.nii.gz,lung/lung/right lung/right lung lower lobe,"parenchymal ground-glass opacity, nodular ground-glass opacity, density increases",Yes.
train_86_b_1.nii.gz,lung/lung/lung lower lobe,"parenchymal ground-glass opacity, nodular ground-glass opacity, density increases",Yes.
train_86_b_1.nii.gz,lung/lung/lung lower lobe/right lung lower lobe,"parenchymal ground-glass opacity, nodular ground-glass opacity, density increases",Yes.
train_86_b_1.nii.gz,mediastinum,pulmonary hypertension,Yes.
train_86_b_1.nii.gz,mediastinum/pulmonary artery,pulmonary hypertension,Yes.
train_86_b_1.nii.gz,heart,"density of valved condulitis, valved condulitis, pericardial effusion, heart sizes",Yes.
train_86_b_1.nii.gz,heart/heart,"density of valved condulitis, valved condulitis, pericardial effusion, heart sizes",Yes.
train_86_b_1.nii.gz,heart/heart/heart tissue,pericardial effusion,Yes.
train_109_a_1.nii.gz,lung,"foreign body, sequela parenchymal changes",Yes.
train_109_a_1.nii.gz,lung/lung,"foreign body, sequela parenchymal changes",Yes.
train_109_a_1.nii.gz,lung/lung/right lung,"foreign body, sequela parenchymal changes",Yes.
train_109_a_1.nii.gz,lung/lung/right lung/right lung upper lobe,"foreign body, sequela parenchymal changes",Yes.
train_109_a_1.nii.gz,lung/lung/lung upper lobe,"foreign body, sequela parenchymal changes",Yes.
train_109_a_1.nii.gz,lung/lung/lung upper lobe/right lung upper lobe,"foreign body, sequela parenchymal changes",Yes.
train_109_a_1.nii.gz,heart,"calcified atheroma plaques, effusion",Yes.
train_109_a_1.nii.gz,heart/heart,"calcified atheroma plaques, effusion",Yes.
train_109_a_1.nii.gz,heart/heart/heart tissue,"calcified atheroma plaques, effusion",Yes.
train_109_a_1.nii.gz,abdomen,hepatosteatosis,Yes.
train_109_a_1.nii.gz,abdomen/abdomen,hepatosteatosis,Yes.
train_109_a_1.nii.gz,abdomen/abdomen/liver,hepatosteatosis,Yes.
train_13_a_1.nii.gz,heart,pericardial effusion,Yes.
train_13_a_1.nii.gz,heart/heart,pericardial effusion,Yes.
train_13_a_1.nii.gz,heart/heart/heart tissue,pericardial effusion,Yes.
train_13_a_1.nii.gz,abdomen,hepatosteatosis,Yes.
train_13_a_1.nii.gz,abdomen/abdomen,hepatosteatosis,Yes.
train_13_a_1.nii.gz,abdomen/abdomen/liver,hepatosteatosis,Yes.
train_26_a_1.nii.gz,lung,"subsegmental atelectasis, nonspecific nodule",Yes.
train_26_a_1.nii.gz,lung/lung,"subsegmental atelectasis, nonspecific nodule",Yes.
train_26_a_1.nii.gz,lung/lung/left lung,"subsegmental atelectasis, nonspecific nodule",Yes.
train_26_a_1.nii.gz,lung/lung/left lung/left lung upper lobe,"subsegmental atelectasis, nonspecific nodule",Yes.
train_26_a_1.nii.gz,lung/lung/right lung,"subsegmental atelectasis, nonspecific nodule",Yes.
train_26_a_1.nii.gz,lung/lung/lung lower lobe,"subsegmental atelectasis, nonspecific nodule",Yes.
train_26_a_1.nii.gz,lung/lung/lung upper lobe,"subsegmental atelectasis, nonspecific nodule",Yes.
train_26_a_1.nii.gz,lung/lung/lung upper lobe/left lung upper lobe,"subsegmental atelectasis, nonspecific nodule",Yes.
train_26_a_1.nii.gz,pleura,pleural effusion,Yes.
train_26_a_1.nii.gz,pleura/pleura,pleural effusion,Yes.
train_26_a_1.nii.gz,abdomen,"intra-abdominal effusion, hypodense lesions",Yes.
train_26_a_1.nii.gz,abdomen/abdomen,"intra-abdominal effusion, hypodense lesions",Yes.
train_26_a_1.nii.gz,abdomen/abdomen/abdominal tissue,intra-abdominal effusion,Yes.
train_26_a_1.nii.gz,abdomen/abdomen/liver,hypodense lesions,Yes.
train_34_a_1.nii.gz,lung,"pleuroparenchymal sequelae changes, millimetric nonspecific nodules, emphysematous changes, minimal bronchiectasis",Yes.
train_34_a_1.nii.gz,lung/lung,"pleuroparenchymal sequelae changes, millimetric nonspecific nodules, emphysematous changes, minimal bronchiectasis",Yes.
train_34_a_1.nii.gz,mediastinum,"atheroma plaques, lymphadenopathy",Yes.
train_34_a_1.nii.gz,mediastinum/aorta,atheroma plaques,Yes.
train_34_a_1.nii.gz,mediastinum/mediastinal tissue,lymphadenopathy,Yes.
train_34_a_1.nii.gz,heart,atheroma plaques,Yes.
train_34_a_1.nii.gz,heart/heart,atheroma plaques,Yes.
train_34_a_1.nii.gz,heart/heart/heart tissue,atheroma plaques,Yes.
train_34_a_1.nii.gz,abdomen,atheroma plaques,Yes.
train_34_a_1.nii.gz,abdomen/abdomen,atheroma plaques,Yes.
train_34_a_1.nii.gz,abdomen/abdomen/aorta,atheroma plaques,Yes.
train_52_a_1.nii.gz,lung,"space-occupying nodular lesions, parenchymal disease, fluid loculated, carcinomatous process",Yes.
train_52_a_1.nii.gz,lung/lung,"space-occupying nodular lesions, parenchymal disease, fluid loculated, carcinomatous process",Yes.
train_52_a_1.nii.gz,lung/lung/right lung,space-occupying nodular lesions,Yes.
train_52_a_1.nii.gz,trachea and bronchie,"plunging nodule, breathing artifacts",Yes.
train_52_a_1.nii.gz,trachea and bronchie/trachea,"plunging nodule, breathing artifacts",Yes.
train_52_a_1.nii.gz,trachea and bronchie/bronchie,breathing artifacts,Yes.
train_52_a_1.nii.gz,mediastinum,plunging nodule,Yes.
train_52_a_1.nii.gz,mediastinum/mediastinal tissue,plunging nodule,Yes.
train_52_a_1.nii.gz,heart,cardiothoracic index,Yes.
train_52_a_1.nii.gz,heart/heart,cardiothoracic index,Yes.
train_52_a_1.nii.gz,thyroid,hypertrophic,Yes.
train_52_a_1.nii.gz,thyroid/thyroid,hypertrophic,Yes.
train_52_a_1.nii.gz,abdomen,"fluid attenuation, cyst",Yes.
train_52_a_1.nii.gz,abdomen/abdomen,"fluid attenuation, cyst",Yes.
train_52_a_1.nii.gz,abdomen/abdomen/abdominal tissue,"fluid attenuation, cyst",Yes.
train_52_a_1.nii.gz,others,effusion,Yes.
train_52_a_1.nii.gz,others/thoracic cavity,effusion,Yes.
train_102_b_1.nii.gz,lung,"consolidation, pneumonic infiltration, multilobar indistinct ground glass, progression, covid-19 pneumonia",Yes.
train_102_b_1.nii.gz,lung/lung,"consolidation, pneumonic infiltration, multilobar indistinct ground glass, progression, covid-19 pneumonia",Yes.
train_11_a_1.nii.gz,lung,typical-probable covid,Yes.
train_11_a_1.nii.gz,lung/lung,typical-probable covid,Yes.
train_11_a_1.nii.gz,heart,pericardial effusion,Yes.
train_11_a_1.nii.gz,heart/heart,pericardial effusion,Yes.
train_11_a_1.nii.gz,heart/heart/heart tissue,pericardial effusion,Yes.
train_11_a_1.nii.gz,pleura,"consolidation, patchy ground glass areas",Yes.
train_11_a_1.nii.gz,pleura/pleura,"consolidation, patchy ground glass areas",Yes.
train_29_a_1.nii.gz,lung,covid-19 pneumonia,Yes.
train_29_a_1.nii.gz,lung/lung,covid-19 pneumonia,Yes.
train_29_a_1.nii.gz,mediastinum,"ap diameter, millimetric lymph node, ap diameter of the ascending aorta",Yes.
train_29_a_1.nii.gz,mediastinum/aorta,"ap diameter, ap diameter of the ascending aorta",Yes.
train_29_a_1.nii.gz,mediastinum/mediastinal tissue,millimetric lymph node,Yes.
train_29_a_1.nii.gz,pleura,consolidation areas,Yes.
train_29_a_1.nii.gz,pleura/pleura,consolidation areas,Yes.
train_29_a_1.nii.gz,abdomen,"ap diameter, ap diameter of the ascending aorta",Yes.
train_29_a_1.nii.gz,abdomen/abdomen,"ap diameter, ap diameter of the ascending aorta",Yes.
train_29_a_1.nii.gz,abdomen/abdomen/aorta,"ap diameter, ap diameter of the ascending aorta",Yes.
train_51_a_1.nii.gz,lung,"nodules, millimetric parenchymal nodules",Yes.
train_51_a_1.nii.gz,lung/lung,"nodules, millimetric parenchymal nodules",Yes.
train_51_a_1.nii.gz,lung/lung/left lung,millimetric parenchymal nodules,Yes.
train_51_a_1.nii.gz,lung/lung/left lung/left lung lower lobe,millimetric parenchymal nodules,Yes.
train_51_a_1.nii.gz,lung/lung/right lung,millimetric parenchymal nodules,Yes.
train_51_a_1.nii.gz,lung/lung/right lung/right lung upper lobe,millimetric parenchymal nodules,Yes.
train_51_a_1.nii.gz,lung/lung/lung lower lobe,millimetric parenchymal nodules,Yes.
train_51_a_1.nii.gz,lung/lung/lung lower lobe/left lung lower lobe,millimetric parenchymal nodules,Yes.
train_51_a_1.nii.gz,lung/lung/lung upper lobe,millimetric parenchymal nodules,Yes.
train_51_a_1.nii.gz,lung/lung/lung upper lobe/right lung upper lobe,millimetric parenchymal nodules,Yes.
train_51_a_1.nii.gz,heart,pericardial effusion,Yes.
train_51_a_1.nii.gz,heart/heart,pericardial effusion,Yes.
train_51_a_1.nii.gz,heart/heart/heart tissue,pericardial effusion,Yes.
train_51_a_1.nii.gz,breast,"gynecomastia, soft tissue structures",Yes.
train_51_a_1.nii.gz,breast/breast,"gynecomastia, soft tissue structures",Yes.
train_51_a_1.nii.gz,abdomen,"metastasis, hypodense mass lesions",Yes.
train_51_a_1.nii.gz,abdomen/abdomen,"metastasis, hypodense mass lesions",Yes.
train_51_a_1.nii.gz,abdomen/abdomen/liver,"metastasis, hypodense mass lesions",Yes.
train_123_a_1.nii.gz,lung,"paraseptal emphysematous changes, mild paraseptal emphysematous changes",Yes.
train_123_a_1.nii.gz,lung/lung,"paraseptal emphysematous changes, mild paraseptal emphysematous changes",Yes.
train_123_a_1.nii.gz,heart,pericardial effusion,Yes.
train_123_a_1.nii.gz,heart/heart,pericardial effusion,Yes.
train_123_a_1.nii.gz,heart/heart/heart tissue,pericardial effusion,Yes.
train_39_c_1.nii.gz,lung,nonspecific nodules,Yes.
train_39_c_1.nii.gz,lung/lung,nonspecific nodules,Yes.
train_39_c_1.nii.gz,heart,pericardial effusion,Yes.
train_39_c_1.nii.gz,heart/heart,pericardial effusion,Yes.
train_39_c_1.nii.gz,heart/heart/heart tissue,pericardial effusion,Yes.
train_27_a_1.nii.gz,lung,covid-19 pneumonia,Yes.
train_27_a_1.nii.gz,lung/lung,covid-19 pneumonia,Yes.
train_27_a_1.nii.gz,heart,"pericardial effusion, wider than normal",Yes.
train_27_a_1.nii.gz,heart/heart,"pericardial effusion, wider than normal",Yes.
train_27_a_1.nii.gz,heart/heart/heart ascending aorta,wider than normal,Yes.
train_27_a_1.nii.gz,heart/heart/heart tissue,pericardial effusion,Yes.
train_113_a_1.nii.gz,lung,"nonspecific, nodule, emphysematous changes",Yes.
train_113_a_1.nii.gz,lung/lung,"nonspecific, nodule, emphysematous changes",Yes.
train_113_a_1.nii.gz,lung/lung/right lung,nodule,Yes.
train_113_a_1.nii.gz,mediastinum,"largest lymph nodes with short diameter approximately 16 mm, lymph node, atheroma plaques, wider than normal, nonspecific appearance of described lymph nodes, lymph node with short diameter of 14 mm in the paratracheal area",Yes.
train_113_a_1.nii.gz,mediastinum/aorta,atheroma plaques,Yes.
train_113_a_1.nii.gz,mediastinum/pulmonary artery,wider than normal,Yes.
train_113_a_1.nii.gz,mediastinum/mediastinal tissue,"nonspecific appearance of described lymph nodes, largest lymph nodes with short diameter approximately 16 mm, lymph node, lymph node with short diameter of 14 mm in the paratracheal area",Yes.
train_113_a_1.nii.gz,heart,diffuse plaque,Yes.
train_113_a_1.nii.gz,heart/heart,diffuse plaque,Yes.
train_113_a_1.nii.gz,heart/heart/heart tissue,diffuse plaque,Yes.
train_113_a_1.nii.gz,pleura,"interlobular septal thickening, dependent densities",Yes.
train_113_a_1.nii.gz,pleura/pleura,"interlobular septal thickening, dependent densities",Yes.
train_113_a_1.nii.gz,abdomen,"atheroma plaques, slight irregularity",Yes.
train_113_a_1.nii.gz,abdomen/abdomen,"atheroma plaques, slight irregularity",Yes.
train_113_a_1.nii.gz,abdomen/abdomen/aorta,atheroma plaques,Yes.
train_113_a_1.nii.gz,abdomen/abdomen/liver,slight irregularity,Yes.
train_136_a_1.nii.gz,heart,pericardial effusion,Yes.
train_136_a_1.nii.gz,heart/heart,pericardial effusion,Yes.
train_136_a_1.nii.gz,heart/heart/heart tissue,pericardial effusion,Yes.
train_93_b_1.nii.gz,lung,fungal infections,Yes.
train_93_b_1.nii.gz,lung/lung,fungal infections,Yes.
train_93_b_1.nii.gz,heart,pericardial effusion,Yes.
train_93_b_1.nii.gz,heart/heart,pericardial effusion,Yes.
train_93_b_1.nii.gz,heart/heart/heart tissue,pericardial effusion,Yes.
train_93_b_1.nii.gz,bone,hypertrophic osteophytic taperings,Yes.
train_93_b_1.nii.gz,bone/bone,hypertrophic osteophytic taperings,Yes.
train_93_b_1.nii.gz,bone/bone/vertebrae,hypertrophic osteophytic taperings,Yes.
train_93_b_1.nii.gz,abdomen,"steatosis, steatosis in the liver parenchyma",Yes.
train_93_b_1.nii.gz,abdomen/abdomen,"steatosis, steatosis in the liver parenchyma",Yes.
train_93_b_1.nii.gz,abdomen/abdomen/liver,"steatosis, steatosis in the liver parenchyma",Yes.
train_141_a_1.nii.gz,lung,"covid-19 viral pneumonia, patchy ground glass densities",Yes.
train_141_a_1.nii.gz,lung/lung,"covid-19 viral pneumonia, patchy ground glass densities",Yes.
train_141_a_1.nii.gz,mediastinum,lymph node,Yes.
train_141_a_1.nii.gz,mediastinum/mediastinal tissue,lymph node,Yes.
train_141_a_1.nii.gz,heart,"calcific atheromatous plaques, pericardial effusion",Yes.
train_141_a_1.nii.gz,heart/heart,"calcific atheromatous plaques, pericardial effusion",Yes.
train_141_a_1.nii.gz,heart/heart/heart tissue,"calcific atheromatous plaques, pericardial effusion",Yes.
train_141_a_1.nii.gz,abdomen,cysts,Yes.
train_141_a_1.nii.gz,abdomen/abdomen,cysts,Yes.
train_141_a_1.nii.gz,abdomen/abdomen/kidney,cysts,Yes.
train_96_a_1.nii.gz,lung,"peribronchial consolidations, band atelectasis, patchy ground glass densities",Yes.
train_96_a_1.nii.gz,lung/lung,"peribronchial consolidations, band atelectasis, patchy ground glass densities",Yes.
train_96_a_1.nii.gz,lung/lung/lung lower lobe,"peribronchial consolidations, band atelectasis, patchy ground glass densities",Yes.
train_96_a_1.nii.gz,mediastinum,calcific millimetric lymph nodes,Yes.
train_96_a_1.nii.gz,mediastinum/mediastinal tissue,calcific millimetric lymph nodes,Yes.
train_96_a_1.nii.gz,heart,pericardial effusion,Yes.
train_96_a_1.nii.gz,heart/heart,pericardial effusion,Yes.
train_96_a_1.nii.gz,heart/heart/heart tissue,pericardial effusion,Yes.
train_96_a_1.nii.gz,abdomen,fatty hepatosteatosis,Yes.
train_96_a_1.nii.gz,abdomen/abdomen,fatty hepatosteatosis,Yes.
train_96_a_1.nii.gz,abdomen/abdomen/liver,fatty hepatosteatosis,Yes.
train_97_a_1.nii.gz,heart,pericardial effusion,Yes.
train_97_a_1.nii.gz,heart/heart,pericardial effusion,Yes.
train_97_a_1.nii.gz,heart/heart/heart tissue,pericardial effusion,Yes.
train_97_a_1.nii.gz,esophagus,hiatal hernia,Yes.
train_97_a_1.nii.gz,esophagus/esophagus,hiatal hernia,Yes.
train_97_a_1.nii.gz,bone,osteophytic tapering,Yes.
train_97_a_1.nii.gz,bone/bone,osteophytic tapering,Yes.
train_97_a_1.nii.gz,bone/bone/vertebrae,osteophytic tapering,Yes.
train_97_a_1.nii.gz,bone/bone/vertebrae/thoracic vertebrae,osteophytic tapering,Yes.
train_97_a_1.nii.gz,bone/bone/vertebrae/thoracic vertebrae/thoracic vertebrae 3 (t3),osteophytic tapering,Yes.
train_97_a_1.nii.gz,bone/bone/vertebrae/thoracic vertebrae/thoracic vertebrae 4 (t4),osteophytic tapering,Yes.
train_135_a_1.nii.gz,lung,"centriacinar emphysema, pulmonary nodules, air cysts",Yes.
train_135_a_1.nii.gz,lung/lung,"centriacinar emphysema, pulmonary nodules, air cysts",Yes.
train_135_a_1.nii.gz,mediastinum,"calcific atheroma plaques, calcific atheromatous plaques",Yes.
train_135_a_1.nii.gz,mediastinum/aorta,"calcific atheroma plaques, calcific atheromatous plaques",Yes.
train_135_a_1.nii.gz,heart,"pericardial effusion, increased",Yes.
train_135_a_1.nii.gz,heart/heart,"pericardial effusion, increased",Yes.
train_135_a_1.nii.gz,heart/heart/heart ascending aorta,increased,Yes.
train_135_a_1.nii.gz,heart/heart/heart tissue,pericardial effusion,Yes.
train_135_a_1.nii.gz,abdomen,"calcific atheroma plaques, calcific atheromatous plaques",Yes.
train_135_a_1.nii.gz,abdomen/abdomen,"calcific atheroma plaques, calcific atheromatous plaques",Yes.
train_135_a_1.nii.gz,abdomen/abdomen/aorta,"calcific atheroma plaques, calcific atheromatous plaques",Yes.
train_83_a_1.nii.gz,lung,"nodule, mild mosaic attenuation",Yes.
train_83_a_1.nii.gz,lung/lung,"nodule, mild mosaic attenuation",Yes.
train_83_a_1.nii.gz,esophagus,hiatal hernia,Yes.
train_83_a_1.nii.gz,esophagus/esophagus,hiatal hernia,Yes.
train_83_a_1.nii.gz,abdomen,mild hepatosteatosis,Yes.
train_83_a_1.nii.gz,abdomen/abdomen,mild hepatosteatosis,Yes.
train_83_a_1.nii.gz,abdomen/abdomen/liver,mild hepatosteatosis,Yes.
train_108_a_1.nii.gz,lung,nonspecific nodules,Yes.
train_108_a_1.nii.gz,lung/lung,nonspecific nodules,Yes.
train_108_a_1.nii.gz,heart,pericardial effusion,Yes.
train_108_a_1.nii.gz,heart/heart,pericardial effusion,Yes.
train_108_a_1.nii.gz,heart/heart/heart tissue,pericardial effusion,Yes.
train_8_b_1.nii.gz,lung,"nodules, focal consolidation area, nodule",Yes.
train_8_b_1.nii.gz,lung/lung,"nodules, focal consolidation area, nodule",Yes.
train_8_b_1.nii.gz,lung/lung/right lung,nodule,Yes.
train_8_b_1.nii.gz,lung/lung/right lung/right lung lower lobe,nodule,Yes.
train_8_b_1.nii.gz,lung/lung/lung lower lobe,"nodules, nodule",Yes.
train_8_b_1.nii.gz,lung/lung/lung lower lobe/right lung lower lobe,nodule,Yes.
train_8_b_1.nii.gz,mediastinum,calcific atheroma plaques,Yes.
train_8_b_1.nii.gz,mediastinum/aorta,calcific atheroma plaques,Yes.
train_8_b_1.nii.gz,esophagus,hiatal hernia,Yes.
train_8_b_1.nii.gz,esophagus/esophagus,hiatal hernia,Yes.
train_8_b_1.nii.gz,pleura,"calcification, prominence",Yes.
train_8_b_1.nii.gz,pleura/pleura,"calcification, prominence",Yes.
train_8_b_1.nii.gz,bone,degenerative changes,Yes.
train_8_b_1.nii.gz,bone/bone,degenerative changes,Yes.
train_8_b_1.nii.gz,breast,"coarse calcification, calcifications, coarse-millimetric calcifications",Yes.
train_8_b_1.nii.gz,breast/breast,"coarse calcification, calcifications, coarse-millimetric calcifications",Yes.
train_8_b_1.nii.gz,breast/breast/left breast,coarse calcification,Yes.
train_8_b_1.nii.gz,breast/breast/right breast,"calcifications, coarse-millimetric calcifications",Yes.
train_8_b_1.nii.gz,abdomen,calcific atheroma plaques,Yes.
train_8_b_1.nii.gz,abdomen/abdomen,calcific atheroma plaques,Yes.
train_8_b_1.nii.gz,abdomen/abdomen/aorta,calcific atheroma plaques,Yes.
train_130_a_1.nii.gz,lung,"centracinar millimetric nodular densities, small vessel disease, small airway disease",Yes.
train_130_a_1.nii.gz,lung/lung,"centracinar millimetric nodular densities, small vessel disease, small airway disease",Yes.
train_130_a_1.nii.gz,lung/lung/lung upper lobe,centracinar millimetric nodular densities,Yes.
train_122_c_1.nii.gz,lung,mass,Yes.
train_122_c_1.nii.gz,lung/lung,mass,Yes.
train_122_c_1.nii.gz,lung/lung/right lung,mass,Yes.
train_122_c_1.nii.gz,lung/lung/right lung/right lung upper lobe,mass,Yes.
train_122_c_1.nii.gz,lung/lung/lung upper lobe,mass,Yes.
train_122_c_1.nii.gz,lung/lung/lung upper lobe/right lung upper lobe,mass,Yes.
train_122_c_1.nii.gz,pleura,"consolidation, peripheral subpleural ground glass",Yes.
train_122_c_1.nii.gz,pleura/pleura,"consolidation, peripheral subpleural ground glass",Yes.
train_84_d_1.nii.gz,pleura,"viral pneumonia, subpleural ground-glass densities",Yes.
train_84_d_1.nii.gz,pleura/pleura,"viral pneumonia, subpleural ground-glass densities",Yes.
train_84_d_1.nii.gz,abdomen,"corrugated, chronic liver parenchymal disease, atrophic, free fluid",Yes.
train_84_d_1.nii.gz,abdomen/abdomen,"corrugated, chronic liver parenchymal disease, atrophic, free fluid",Yes.
train_84_d_1.nii.gz,abdomen/abdomen/abdominal tissue,free fluid,Yes.
train_84_d_1.nii.gz,abdomen/abdomen/liver,"corrugated, chronic liver parenchymal disease, atrophic",Yes.
train_6_b_1.nii.gz,lung,"viral pneumonia, interlobular septal thickness increases, ground glass areas, calcific parenchymal metastases, air bronchograms, subsegmental atelectasis areas, subsegmental atelectasis",Yes.
train_6_b_1.nii.gz,lung/lung,"viral pneumonia, interlobular septal thickness increases, ground glass areas, calcific parenchymal metastases, air bronchograms, subsegmental atelectasis areas, subsegmental atelectasis",Yes.
train_6_b_1.nii.gz,lung/lung/left lung,calcific parenchymal metastases,Yes.
train_6_b_1.nii.gz,lung/lung/left lung/left lung lower lobe,calcific parenchymal metastases,Yes.
train_6_b_1.nii.gz,lung/lung/lung lower lobe,"interlobular septal thickness increases, ground glass areas, calcific parenchymal metastases, air bronchograms, subsegmental atelectasis areas, subsegmental atelectasis",Yes.
train_6_b_1.nii.gz,lung/lung/lung lower lobe/left lung lower lobe,calcific parenchymal metastases,Yes.
train_6_b_1.nii.gz,mediastinum,calcific atheroma plaques,Yes.
train_6_b_1.nii.gz,mediastinum/aorta,calcific atheroma plaques,Yes.
train_6_b_1.nii.gz,abdomen,"hypodense lesion, calcific atheroma plaques",Yes.
train_6_b_1.nii.gz,abdomen/abdomen,"hypodense lesion, calcific atheroma plaques",Yes.
train_6_b_1.nii.gz,abdomen/abdomen/aorta,calcific atheroma plaques,Yes.
train_6_b_1.nii.gz,abdomen/abdomen/liver,hypodense lesion,Yes.
train_78_a_1.nii.gz,lung,"sequelae, pleuroparenchymal bands, paraseptal emphysematous changes",Yes.
train_78_a_1.nii.gz,lung/lung,"sequelae, pleuroparenchymal bands, paraseptal emphysematous changes",Yes.
train_78_a_1.nii.gz,lung/lung/lung upper lobe,"sequelae, pleuroparenchymal bands, paraseptal emphysematous changes",Yes.
train_84_b_1.nii.gz,pleura,"massive pleural effusion, atelectasis, pleural effusion",Yes.
train_84_b_1.nii.gz,pleura/pleura,"massive pleural effusion, atelectasis, pleural effusion",Yes.
train_84_b_1.nii.gz,abdomen,cirrhotic appearance,Yes.
train_84_b_1.nii.gz,abdomen/abdomen,cirrhotic appearance,Yes.
train_84_b_1.nii.gz,abdomen/abdomen/liver,cirrhotic appearance,Yes.
train_63_a_1.nii.gz,lung,"parenchymal nodules, bula formations, bud branch appearance, pleuroparenchymal sequelae density, emphysematous changes, peribronchial thickening",Yes.
train_63_a_1.nii.gz,lung/lung,"parenchymal nodules, bula formations, bud branch appearance, pleuroparenchymal sequelae density, emphysematous changes, peribronchial thickening",Yes.
train_63_a_1.nii.gz,lung/lung/left lung,"bula formations, bud branch appearance, peribronchial thickening",Yes.
train_63_a_1.nii.gz,lung/lung/left lung/left lung upper lobe,"bula formations, bud branch appearance, peribronchial thickening",Yes.
train_63_a_1.nii.gz,lung/lung/lung lower lobe,"bud branch appearance, peribronchial thickening",Yes.
train_63_a_1.nii.gz,lung/lung/lung upper lobe,"bula formations, bud branch appearance, peribronchial thickening",Yes.
train_63_a_1.nii.gz,lung/lung/lung upper lobe/left lung upper lobe,"bula formations, bud branch appearance, peribronchial thickening",Yes.
train_63_a_1.nii.gz,mediastinum,"central fatty hilus in both axillary regions, lymph node, multiple lymph nodes measuring 19 mm in the short axis with thickened cortex, central fatty hilus, calcified atherosclerotic changes, mild calcified atherosclerotic changes",Yes.
train_63_a_1.nii.gz,mediastinum/aorta,"calcified atherosclerotic changes, mild calcified atherosclerotic changes",Yes.
train_63_a_1.nii.gz,mediastinum/mediastinal tissue,"multiple lymph nodes measuring 19 mm in the short axis with thickened cortex, central fatty hilus, central fatty hilus in both axillary regions, lymph node",Yes.
train_63_a_1.nii.gz,heart,slight dilatation,Yes.
train_63_a_1.nii.gz,heart/heart,slight dilatation,Yes.
train_63_a_1.nii.gz,heart/heart/heart ascending aorta,slight dilatation,Yes.
train_63_a_1.nii.gz,esophagus,sliding type hiatal hernia,Yes.
train_63_a_1.nii.gz,esophagus/esophagus,sliding type hiatal hernia,Yes.
train_63_a_1.nii.gz,bone,degenerative changes,Yes.
train_63_a_1.nii.gz,bone/bone,degenerative changes,Yes.
train_63_a_1.nii.gz,abdomen,"calcified atherosclerotic changes, hypodense lesion, mild calcified atherosclerotic changes, calculus",Yes.
train_63_a_1.nii.gz,abdomen/abdomen,"calcified atherosclerotic changes, hypodense lesion, mild calcified atherosclerotic changes, calculus",Yes.
train_63_a_1.nii.gz,abdomen/abdomen/adrenal gland,hypodense lesion,Yes.
train_63_a_1.nii.gz,abdomen/abdomen/adrenal gland/left adrenal gland,hypodense lesion,Yes.
train_63_a_1.nii.gz,abdomen/abdomen/aorta,"calcified atherosclerotic changes, mild calcified atherosclerotic changes",Yes.
train_63_a_1.nii.gz,abdomen/abdomen/gallbladder,calculus,Yes.
train_107_c_1.nii.gz,lung,"fungi, focal consolidation areas, ground glass densities, specific infections, consolidation area, ground glass, expanding ground glass densities, covid, nodular areas of consolidation",Yes.
train_107_c_1.nii.gz,lung/lung,"fungi, focal consolidation areas, ground glass densities, specific infections, consolidation area, ground glass, expanding ground glass densities, covid, nodular areas of consolidation",Yes.
train_107_c_1.nii.gz,lung/lung/right lung,"consolidation area, ground glass densities",Yes.
train_107_c_1.nii.gz,lung/lung/right lung/right lung lower lobe,"consolidation area, ground glass densities",Yes.
train_107_c_1.nii.gz,lung/lung/lung lower lobe,"consolidation area, ground glass densities",Yes.
train_107_c_1.nii.gz,lung/lung/lung lower lobe/right lung lower lobe,"consolidation area, ground glass densities",Yes.
train_107_c_1.nii.gz,heart,pericardial effusion,Yes.
train_107_c_1.nii.gz,heart/heart,pericardial effusion,Yes.
train_107_c_1.nii.gz,heart/heart/heart tissue,pericardial effusion,Yes.
train_121_b_1.nii.gz,lung,"bullae, paraseptal emphysematous changes, atelectatic changes, nonspecific nodule, small bullae",Yes.
train_121_b_1.nii.gz,lung/lung,"bullae, paraseptal emphysematous changes, atelectatic changes, nonspecific nodule, small bullae",Yes.
train_121_b_1.nii.gz,lung/lung/right lung,nonspecific nodule,Yes.
train_121_b_1.nii.gz,lung/lung/right lung/right lung upper lobe,nonspecific nodule,Yes.
train_121_b_1.nii.gz,lung/lung/lung lower lobe,atelectatic changes,Yes.
train_121_b_1.nii.gz,lung/lung/lung upper lobe,nonspecific nodule,Yes.
train_121_b_1.nii.gz,lung/lung/lung upper lobe/right lung upper lobe,nonspecific nodule,Yes.
train_121_b_1.nii.gz,heart,pericardial effusion,Yes.
train_121_b_1.nii.gz,heart/heart,pericardial effusion,Yes.
train_121_b_1.nii.gz,heart/heart/heart tissue,pericardial effusion,Yes.
train_121_b_1.nii.gz,thyroid,calcific nodule,Yes.
train_121_b_1.nii.gz,thyroid/thyroid,calcific nodule,Yes.
train_121_b_1.nii.gz,thyroid/thyroid/thyroid gland,calcific nodule,Yes.
train_121_b_1.nii.gz,thyroid/thyroid/thyroid gland/right thyroid,calcific nodule,Yes.
train_58_a_1.nii.gz,lung,"sequelae changes, pleuroparenchymal sequelae changes",Yes.
train_58_a_1.nii.gz,lung/lung,"sequelae changes, pleuroparenchymal sequelae changes",Yes.
train_58_a_1.nii.gz,lung/lung/right lung,"pleuroparenchymal sequelae changes, sequelae changes",Yes.
train_58_a_1.nii.gz,lung/lung/right lung/right lung lower lobe,pleuroparenchymal sequelae changes,Yes.
train_58_a_1.nii.gz,lung/lung/right lung/right lung upper lobe,"sequelae changes, pleuroparenchymal sequelae changes",Yes.
train_58_a_1.nii.gz,lung/lung/lung lower lobe,"sequelae changes, pleuroparenchymal sequelae changes",Yes.
train_58_a_1.nii.gz,lung/lung/lung lower lobe/right lung lower lobe,pleuroparenchymal sequelae changes,Yes.
train_58_a_1.nii.gz,lung/lung/lung upper lobe,"sequelae changes, pleuroparenchymal sequelae changes",Yes.
train_58_a_1.nii.gz,lung/lung/lung upper lobe/right lung upper lobe,"sequelae changes, pleuroparenchymal sequelae changes",Yes.
train_58_a_1.nii.gz,mediastinum,"calcific atheroma plaques, lymph nodes of approximately 15x11 mm, partially calcified lymph nodes, lymph nodes in the mediastinum and both hilar levels, partially calcified appearance",Yes.
train_58_a_1.nii.gz,mediastinum/aorta,calcific atheroma plaques,Yes.
train_58_a_1.nii.gz,mediastinum/mediastinal tissue,"lymph nodes of approximately 15x11 mm, partially calcified lymph nodes, partially calcified appearance, lymph nodes in the mediastinum and both hilar levels",Yes.
train_58_a_1.nii.gz,mediastinum/subclavian artery,calcific atheroma plaques,Yes.
train_58_a_1.nii.gz,heart,calcification,Yes.
train_58_a_1.nii.gz,heart/heart,calcification,Yes.
train_58_a_1.nii.gz,esophagus,"hiatal hernia, mild hiatal hernia",Yes.
train_58_a_1.nii.gz,esophagus/esophagus,"hiatal hernia, mild hiatal hernia",Yes.
train_58_a_1.nii.gz,pleura,calcific 2-3 mm diameter nonspecific nodules,Yes.
train_58_a_1.nii.gz,pleura/pleura,calcific 2-3 mm diameter nonspecific nodules,Yes.
train_58_a_1.nii.gz,bone,"mild scoliosis, dish, degenerative changes",Yes.
train_58_a_1.nii.gz,bone/bone,"mild scoliosis, dish, degenerative changes",Yes.
train_58_a_1.nii.gz,bone/bone/vertebrae,mild scoliosis,Yes.
train_58_a_1.nii.gz,bone/bone/vertebrae/thoracic vertebrae,mild scoliosis,Yes.
train_58_a_1.nii.gz,abdomen,"decrease in density consistent with steatosis, calcific atheroma plaques, cholelithiasis, nodular density",Yes.
train_58_a_1.nii.gz,abdomen/abdomen,"decrease in density consistent with steatosis, calcific atheroma plaques, cholelithiasis, nodular density",Yes.
train_58_a_1.nii.gz,abdomen/abdomen/aorta,calcific atheroma plaques,Yes.
train_58_a_1.nii.gz,abdomen/abdomen/gallbladder,cholelithiasis,Yes.
train_58_a_1.nii.gz,abdomen/abdomen/liver,decrease in density consistent with steatosis,Yes.
train_58_a_1.nii.gz,abdomen/abdomen/spleen,nodular density,Yes.
train_17_a_1.nii.gz,lung,"covid-19 viral pneumonia, infectious process",Yes.
train_17_a_1.nii.gz,lung/lung,"covid-19 viral pneumonia, infectious process",Yes.
train_17_a_1.nii.gz,heart,pericardial effusion,Yes.
train_17_a_1.nii.gz,heart/heart,pericardial effusion,Yes.
train_17_a_1.nii.gz,heart/heart/heart tissue,pericardial effusion,Yes.
train_17_a_1.nii.gz,abdomen,hepatosteatosis,Yes.
train_17_a_1.nii.gz,abdomen/abdomen,hepatosteatosis,Yes.
train_17_a_1.nii.gz,abdomen/abdomen/liver,hepatosteatosis,Yes.
train_110_a_1.nii.gz,lung,"sequelae fibrotic sequelae changes, air cyst, emphysema",Yes.
train_110_a_1.nii.gz,lung/lung,"sequelae fibrotic sequelae changes, air cyst, emphysema",Yes.
train_110_a_1.nii.gz,lung/lung/left lung,air cyst,Yes.
train_110_a_1.nii.gz,lung/lung/lung upper lobe,emphysema,Yes.
train_110_a_1.nii.gz,heart,pericardial effusion,Yes.
train_110_a_1.nii.gz,heart/heart,pericardial effusion,Yes.
train_110_a_1.nii.gz,heart/heart/heart tissue,pericardial effusion,Yes.
train_110_a_1.nii.gz,others,increase in anteroposterior diameter,Yes.
train_110_a_1.nii.gz,others/thoracic cavity,increase in anteroposterior diameter,Yes.
train_118_a_1.nii.gz,lung,"mosaic attenuation pattern, pleuroparenchymal sequelae changes",Yes.
train_118_a_1.nii.gz,lung/lung,"mosaic attenuation pattern, pleuroparenchymal sequelae changes",Yes.
train_118_a_1.nii.gz,lung/lung/left lung,pleuroparenchymal sequelae changes,Yes.
train_118_a_1.nii.gz,lung/lung/left lung/left lung lower lobe,pleuroparenchymal sequelae changes,Yes.
train_118_a_1.nii.gz,lung/lung/left lung/left lung upper lobe,pleuroparenchymal sequelae changes,Yes.
train_118_a_1.nii.gz,lung/lung/right lung,pleuroparenchymal sequelae changes,Yes.
train_118_a_1.nii.gz,lung/lung/right lung/right lung middle lobe,pleuroparenchymal sequelae changes,Yes.
train_118_a_1.nii.gz,lung/lung/lung lower lobe,pleuroparenchymal sequelae changes,Yes.
train_118_a_1.nii.gz,lung/lung/lung lower lobe/left lung lower lobe,pleuroparenchymal sequelae changes,Yes.
train_118_a_1.nii.gz,lung/lung/lung upper lobe,pleuroparenchymal sequelae changes,Yes.
train_118_a_1.nii.gz,lung/lung/lung upper lobe/left lung upper lobe,pleuroparenchymal sequelae changes,Yes.
train_118_a_1.nii.gz,heart,pericardial effusion,Yes.
train_118_a_1.nii.gz,heart/heart,pericardial effusion,Yes.
train_118_a_1.nii.gz,heart/heart/heart tissue,pericardial effusion,Yes.
train_118_a_1.nii.gz,esophagus,sliding type hiatal hernia,Yes.
train_118_a_1.nii.gz,esophagus/esophagus,sliding type hiatal hernia,Yes.
train_39_a_1.nii.gz,lung,"calcified nonspecific parenchymal nodules, parenchymal nodules",Yes.
train_39_a_1.nii.gz,lung/lung,"calcified nonspecific parenchymal nodules, parenchymal nodules",Yes.
train_39_a_1.nii.gz,bone,"air images, edema-inflammation, density increases",Yes.
train_39_a_1.nii.gz,bone/bone,"air images, edema-inflammation, density increases",Yes.
train_39_a_1.nii.gz,bone/bone/vertebrae,"air images, edema-inflammation, density increases",Yes.
train_39_a_1.nii.gz,bone/bone/vertebrae/cervical vertebrae,"air images, edema-inflammation, density increases",Yes.
train_43_a_1.nii.gz,lung,"pleuroparenchymal sequelae density increases, nonspecific parenchymal nodules",Yes.
train_43_a_1.nii.gz,lung/lung,"pleuroparenchymal sequelae density increases, nonspecific parenchymal nodules",Yes.
train_43_a_1.nii.gz,lung/lung/right lung,"pleuroparenchymal sequelae density increases, nonspecific parenchymal nodules",Yes.
train_43_a_1.nii.gz,lung/lung/right lung/right lung upper lobe,nonspecific parenchymal nodules,Yes.
train_43_a_1.nii.gz,lung/lung/lung upper lobe,nonspecific parenchymal nodules,Yes.
train_43_a_1.nii.gz,lung/lung/lung upper lobe/right lung upper lobe,nonspecific parenchymal nodules,Yes.
train_56_a_1.nii.gz,lung,"patchy ground glass-consolidation areas, covid-19 pneumonia",Yes.
train_56_a_1.nii.gz,lung/lung,"patchy ground glass-consolidation areas, covid-19 pneumonia",Yes.
train_56_a_1.nii.gz,heart,pericardial effusion,Yes.
train_56_a_1.nii.gz,heart/heart,pericardial effusion,Yes.
train_56_a_1.nii.gz,heart/heart/heart tissue,pericardial effusion,Yes.
train_134_a_1.nii.gz,lung,"parenchymal nodules, linear pleuroparenchymal fibroatelectasis sequelae changes",Yes.
train_134_a_1.nii.gz,lung/lung,"parenchymal nodules, linear pleuroparenchymal fibroatelectasis sequelae changes",Yes.
train_134_a_1.nii.gz,lung/lung/left lung,linear pleuroparenchymal fibroatelectasis sequelae changes,Yes.
train_134_a_1.nii.gz,lung/lung/left lung/left lung lower lobe,linear pleuroparenchymal fibroatelectasis sequelae changes,Yes.
train_134_a_1.nii.gz,lung/lung/left lung/left lung upper lobe,linear pleuroparenchymal fibroatelectasis sequelae changes,Yes.
train_134_a_1.nii.gz,lung/lung/right lung,linear pleuroparenchymal fibroatelectasis sequelae changes,Yes.
train_134_a_1.nii.gz,lung/lung/lung lower lobe,linear pleuroparenchymal fibroatelectasis sequelae changes,Yes.
train_134_a_1.nii.gz,lung/lung/lung lower lobe/left lung lower lobe,linear pleuroparenchymal fibroatelectasis sequelae changes,Yes.
train_134_a_1.nii.gz,lung/lung/lung upper lobe,linear pleuroparenchymal fibroatelectasis sequelae changes,Yes.
train_134_a_1.nii.gz,lung/lung/lung upper lobe/left lung upper lobe,linear pleuroparenchymal fibroatelectasis sequelae changes,Yes.
train_134_a_1.nii.gz,heart,pericardial effusion,Yes.
train_134_a_1.nii.gz,heart/heart,pericardial effusion,Yes.
train_134_a_1.nii.gz,heart/heart/heart tissue,pericardial effusion,Yes.
train_4_a_1.nii.gz,lung,nonspecific parenchymal nodules,Yes.
train_4_a_1.nii.gz,lung/lung,nonspecific parenchymal nodules,Yes.
train_4_a_1.nii.gz,lung/lung/left lung,nonspecific parenchymal nodules,Yes.
train_4_a_1.nii.gz,lung/lung/left lung/left lung lower lobe,nonspecific parenchymal nodules,Yes.
train_4_a_1.nii.gz,lung/lung/lung lower lobe,nonspecific parenchymal nodules,Yes.
train_4_a_1.nii.gz,lung/lung/lung lower lobe/left lung lower lobe,nonspecific parenchymal nodules,Yes.
train_4_a_1.nii.gz,heart,pericardial effusion,Yes.
train_4_a_1.nii.gz,heart/heart,pericardial effusion,Yes.
train_4_a_1.nii.gz,heart/heart/heart tissue,pericardial effusion,Yes.
train_4_a_1.nii.gz,pleura,"pleural thickening, pleuroparenchymal sequela fibrotic density increases, pleuroparenchymal sequela fibrotic density",Yes.
train_4_a_1.nii.gz,pleura/pleura,"pleural thickening, pleuroparenchymal sequela fibrotic density increases, pleuroparenchymal sequela fibrotic density",Yes.
train_4_a_1.nii.gz,bone,osteopenia,Yes.
train_4_a_1.nii.gz,bone/bone,osteopenia,Yes.
train_4_a_1.nii.gz,bone/bone/vertebrae,osteopenia,Yes.
train_4_a_1.nii.gz,bone/bone/vertebrae/thoracic vertebrae,osteopenia,Yes.
train_87_a_1.nii.gz,lung,"ground-glass nodule, mild emphysema",Yes.
train_87_a_1.nii.gz,lung/lung,"ground-glass nodule, mild emphysema",Yes.
train_87_a_1.nii.gz,lung/lung/left lung,ground-glass nodule,Yes.
train_87_a_1.nii.gz,lung/lung/left lung/left lung lower lobe,ground-glass nodule,Yes.
train_87_a_1.nii.gz,lung/lung/lung lower lobe,ground-glass nodule,Yes.
train_87_a_1.nii.gz,lung/lung/lung lower lobe/left lung lower lobe,ground-glass nodule,Yes.
train_87_a_1.nii.gz,mediastinum,calcific atheroma plaques,Yes.
train_87_a_1.nii.gz,mediastinum/aorta,calcific atheroma plaques,Yes.
train_87_a_1.nii.gz,bone,mild degenerative changes,Yes.
train_87_a_1.nii.gz,bone/bone,mild degenerative changes,Yes.
train_87_a_1.nii.gz,abdomen,calcific atheroma plaques,Yes.
train_87_a_1.nii.gz,abdomen/abdomen,calcific atheroma plaques,Yes.
train_87_a_1.nii.gz,abdomen/abdomen/aorta,calcific atheroma plaques,Yes.
train_31_a_1.nii.gz,lung,"subsegmental atelectasis, emphysematous changes, subsegmental atelectatic changes",Yes.
train_31_a_1.nii.gz,lung/lung,"subsegmental atelectasis, emphysematous changes, subsegmental atelectatic changes",Yes.
train_31_a_1.nii.gz,lung/lung/left lung,subsegmental atelectatic changes,Yes.
train_31_a_1.nii.gz,lung/lung/left lung/left lung lower lobe,subsegmental atelectatic changes,Yes.
train_31_a_1.nii.gz,lung/lung/right lung,subsegmental atelectasis,Yes.
train_31_a_1.nii.gz,lung/lung/lung lower lobe,subsegmental atelectatic changes,Yes.
train_31_a_1.nii.gz,lung/lung/lung lower lobe/left lung lower lobe,subsegmental atelectatic changes,Yes.
train_70_a_1.nii.gz,lung,"air bronchograms, consolidation, emphysematous changes, bacterial pneumonia",Yes.
train_70_a_1.nii.gz,lung/lung,"air bronchograms, consolidation, emphysematous changes, bacterial pneumonia",Yes.
train_70_a_1.nii.gz,lung/lung/right lung,"consolidation, air bronchograms",Yes.
train_70_a_1.nii.gz,lung/lung/right lung/right lung lower lobe,"consolidation, air bronchograms",Yes.
train_70_a_1.nii.gz,lung/lung/lung lower lobe,"consolidation, air bronchograms",Yes.
train_70_a_1.nii.gz,lung/lung/lung lower lobe/right lung lower lobe,"consolidation, air bronchograms",Yes.
train_68_a_1.nii.gz,lung,"ground-glass nodules, atypical infiltration areas, lung parenchyma involvement, covid infection",Yes.
train_68_a_1.nii.gz,lung/lung,"ground-glass nodules, atypical infiltration areas, lung parenchyma involvement, covid infection",Yes.
train_68_a_1.nii.gz,heart,pericardial effusion,Yes.
train_68_a_1.nii.gz,heart/heart,pericardial effusion,Yes.
train_68_a_1.nii.gz,heart/heart/heart tissue,pericardial effusion,Yes.
train_117_a_1.nii.gz,lung,"passive atelectatic changes, stable millimetric nodule",Yes.
train_117_a_1.nii.gz,lung/lung,"passive atelectatic changes, stable millimetric nodule",Yes.
train_117_a_1.nii.gz,lung/lung/left lung,passive atelectatic changes,Yes.
train_117_a_1.nii.gz,lung/lung/left lung/left lung upper lobe,passive atelectatic changes,Yes.
train_117_a_1.nii.gz,lung/lung/right lung,"passive atelectatic changes, stable millimetric nodule",Yes.
train_117_a_1.nii.gz,lung/lung/lung upper lobe,passive atelectatic changes,Yes.
train_117_a_1.nii.gz,lung/lung/lung upper lobe/left lung upper lobe,passive atelectatic changes,Yes.
train_117_a_1.nii.gz,heart,pericardial effusion,Yes.
train_117_a_1.nii.gz,heart/heart,pericardial effusion,Yes.
train_117_a_1.nii.gz,heart/heart/heart tissue,pericardial effusion,Yes.
train_117_a_1.nii.gz,esophagus,sliding type hiatal hernia,Yes.
train_117_a_1.nii.gz,esophagus/esophagus,sliding type hiatal hernia,Yes.
train_54_a_1.nii.gz,lung,"parenchymal sequelae bands, calcific nodule",Yes.
train_54_a_1.nii.gz,lung/lung,"parenchymal sequelae bands, calcific nodule",Yes.
train_54_a_1.nii.gz,lung/lung/left lung,parenchymal sequelae bands,Yes.
train_54_a_1.nii.gz,lung/lung/left lung/left lung upper lobe,parenchymal sequelae bands,Yes.
train_54_a_1.nii.gz,lung/lung/right lung,calcific nodule,Yes.
train_54_a_1.nii.gz,lung/lung/right lung/right lung upper lobe,calcific nodule,Yes.
train_54_a_1.nii.gz,lung/lung/lung upper lobe,"parenchymal sequelae bands, calcific nodule",Yes.
train_54_a_1.nii.gz,lung/lung/lung upper lobe/left lung upper lobe,parenchymal sequelae bands,Yes.
train_54_a_1.nii.gz,lung/lung/lung upper lobe/right lung upper lobe,calcific nodule,Yes.
train_54_a_1.nii.gz,heart,pericardial effusion,Yes.
train_54_a_1.nii.gz,heart/heart,pericardial effusion,Yes.
train_54_a_1.nii.gz,heart/heart/heart tissue,pericardial effusion,Yes.
train_92_a_1.nii.gz,lung,"minimal atelectasis, peribronchial thickening, atelectasis, consolidation",Yes.
train_92_a_1.nii.gz,lung/lung,"minimal atelectasis, peribronchial thickening, atelectasis, consolidation",Yes.
train_92_a_1.nii.gz,lung/lung/left lung,"minimal atelectasis, atelectasis",Yes.
train_92_a_1.nii.gz,lung/lung/left lung/left lung lower lobe,"minimal atelectasis, atelectasis",Yes.
train_92_a_1.nii.gz,lung/lung/right lung,"consolidation, peribronchial thickening",Yes.
train_92_a_1.nii.gz,lung/lung/lung lower lobe,"minimal atelectasis, atelectasis",Yes.
train_92_a_1.nii.gz,lung/lung/lung lower lobe/left lung lower lobe,"minimal atelectasis, atelectasis",Yes.
train_92_a_1.nii.gz,mediastinum,"lymphadenopathy, millimetric lymph nodes",Yes.
train_92_a_1.nii.gz,mediastinum/mediastinal tissue,"lymphadenopathy, millimetric lymph nodes",Yes.
train_92_a_1.nii.gz,heart,"oval-shaped lesions, pericardial effusion, oval-shaped lesions with a short diameter of 9 mm in the pericardial fat pad adjacent to the right heart",Yes.
train_92_a_1.nii.gz,heart/heart,"oval-shaped lesions, pericardial effusion, oval-shaped lesions with a short diameter of 9 mm in the pericardial fat pad adjacent to the right heart",Yes.
train_92_a_1.nii.gz,heart/heart/heart tissue,"oval-shaped lesions, pericardial effusion, oval-shaped lesions with a short diameter of 9 mm in the pericardial fat pad adjacent to the right heart",Yes.
train_92_a_1.nii.gz,pleura,"atelectasis, pleural effusion",Yes.
train_92_a_1.nii.gz,pleura/pleura,"atelectasis, pleural effusion",Yes.
train_92_a_1.nii.gz,bone,"sclerotic bone lesions, primary disease, metastasis",Yes.
train_92_a_1.nii.gz,bone/bone,"sclerotic bone lesions, primary disease, metastasis",Yes.
train_92_a_1.nii.gz,abdomen,"intraabdominal minimal free fluid, metastases, hypodense lesions",Yes.
train_92_a_1.nii.gz,abdomen/abdomen,"intraabdominal minimal free fluid, metastases, hypodense lesions",Yes.
train_92_a_1.nii.gz,abdomen/abdomen/abdominal tissue,intraabdominal minimal free fluid,Yes.
train_92_a_1.nii.gz,abdomen/abdomen/liver,"metastases, hypodense lesions",Yes.
train_51_b_1.nii.gz,lung,"pleuroparenchymal sequelae density increases, parenchymal nodules, subsegmental atelectatic changes",Yes.
train_51_b_1.nii.gz,lung/lung,"pleuroparenchymal sequelae density increases, parenchymal nodules, subsegmental atelectatic changes",Yes.
train_51_b_1.nii.gz,lung/lung/right lung,parenchymal nodules,Yes.
train_51_b_1.nii.gz,lung/lung/right lung/right lung upper lobe,parenchymal nodules,Yes.
train_51_b_1.nii.gz,lung/lung/lung lower lobe,parenchymal nodules,Yes.
train_51_b_1.nii.gz,lung/lung/lung upper lobe,parenchymal nodules,Yes.
train_51_b_1.nii.gz,lung/lung/lung upper lobe/right lung upper lobe,parenchymal nodules,Yes.
train_51_b_1.nii.gz,mediastinum,lymphadenopathies,Yes.
train_51_b_1.nii.gz,mediastinum/aorta,lymphadenopathies,Yes.
train_51_b_1.nii.gz,pleura,parenchymal nodule,Yes.
train_51_b_1.nii.gz,pleura/pleura,parenchymal nodule,Yes.
train_51_b_1.nii.gz,bone,degenerative changes,Yes.
train_51_b_1.nii.gz,bone/bone,degenerative changes,Yes.
train_51_b_1.nii.gz,abdomen,"metastases, calculus, lymphadenopathies",Yes.
train_51_b_1.nii.gz,abdomen/abdomen,"metastases, calculus, lymphadenopathies",Yes.
train_51_b_1.nii.gz,abdomen/abdomen/aorta,lymphadenopathies,Yes.
train_51_b_1.nii.gz,abdomen/abdomen/gallbladder,calculus,Yes.
train_51_b_1.nii.gz,abdomen/abdomen/liver,metastases,Yes.
train_73_a_1.nii.gz,heart,pericardial effusion,Yes.
train_73_a_1.nii.gz,heart/heart,pericardial effusion,Yes.
train_73_a_1.nii.gz,heart/heart/heart tissue,pericardial effusion,Yes.
train_24_a_1.nii.gz,lung,"sequelae, atelectesis parenchyma areas, parenchymal change, emphysema",Yes.
train_24_a_1.nii.gz,lung/lung,"sequelae, atelectesis parenchyma areas, parenchymal change, emphysema",Yes.
train_24_a_1.nii.gz,lung/lung/lung lower lobe,atelectesis parenchyma areas,Yes.
train_24_a_1.nii.gz,lung/lung/lung upper lobe,emphysema,Yes.
train_24_a_1.nii.gz,mediastinum,calcified atherosclerotic plaques,Yes.
train_24_a_1.nii.gz,mediastinum/aorta,calcified atherosclerotic plaques,Yes.
train_24_a_1.nii.gz,heart,"pericardial effusion, lad calcified atherosclerotic plaques",Yes.
train_24_a_1.nii.gz,heart/heart,"pericardial effusion, lad calcified atherosclerotic plaques",Yes.
train_24_a_1.nii.gz,heart/heart/heart tissue,"pericardial effusion, lad calcified atherosclerotic plaques",Yes.
train_24_a_1.nii.gz,pleura,"increased nodular density, pleural parenchymal retraction, volume loss, traction bronchiectasis",Yes.
train_24_a_1.nii.gz,pleura/pleura,"increased nodular density, pleural parenchymal retraction, volume loss, traction bronchiectasis",Yes.
train_24_a_1.nii.gz,abdomen,calcified atherosclerotic plaques,Yes.
train_24_a_1.nii.gz,abdomen/abdomen,calcified atherosclerotic plaques,Yes.
train_24_a_1.nii.gz,abdomen/abdomen/aorta,calcified atherosclerotic plaques,Yes.
train_9_a_1.nii.gz,lung,calcific nodules,Yes.
train_9_a_1.nii.gz,lung/lung,calcific nodules,Yes.
train_9_a_1.nii.gz,heart,pericardial effusion,Yes.
train_9_a_1.nii.gz,heart/heart,pericardial effusion,Yes.
train_9_a_1.nii.gz,heart/heart/heart tissue,pericardial effusion,Yes.
train_125_a_1.nii.gz,lung,"specific infections, hyperdense appearances, atelectasis, budding tree appearances, mucus plugs, infective pathology, interlobular septal thickening, ground-glass areas, secretions, bronchiectasis, pathologies, infective pathologies, emphysematous changes, peribronchial thickening",Yes.
train_125_a_1.nii.gz,lung/lung,"specific infections, hyperdense appearances, atelectasis, budding tree appearances, mucus plugs, infective pathology, interlobular septal thickening, ground-glass areas, secretions, bronchiectasis, pathologies, infective pathologies, emphysematous changes, peribronchial thickening",Yes.
train_125_a_1.nii.gz,lung/lung/left lung,"interlobular septal thickening, ground-glass areas",Yes.
train_125_a_1.nii.gz,lung/lung/left lung/left lung upper lobe,"interlobular septal thickening, ground-glass areas",Yes.
train_125_a_1.nii.gz,lung/lung/lung lower lobe,"bronchiectasis, hyperdense appearances, peribronchial thickening",Yes.
train_125_a_1.nii.gz,lung/lung/lung upper lobe,"interlobular septal thickening, ground-glass areas",Yes.
train_125_a_1.nii.gz,lung/lung/lung upper lobe/left lung upper lobe,"interlobular septal thickening, ground-glass areas",Yes.
train_125_a_1.nii.gz,pleura,pleural effusion,Yes.
train_125_a_1.nii.gz,pleura/pleura,pleural effusion,Yes.
train_125_a_1.nii.gz,abdomen,larger than normal,Yes.
train_125_a_1.nii.gz,abdomen/abdomen,larger than normal,Yes.
train_125_a_1.nii.gz,abdomen/abdomen/liver,larger than normal,Yes.
train_125_a_1.nii.gz,abdomen/abdomen/spleen,larger than normal,Yes.
train_88_a_1.nii.gz,lung,"pleuroparenchymal sequelae changes, minimal bronchiectasis",Yes.
train_88_a_1.nii.gz,lung/lung,"pleuroparenchymal sequelae changes, minimal bronchiectasis",Yes.
train_88_a_1.nii.gz,mediastinum,"millimetric atheroma plaque, atheroma plaque",Yes.
train_88_a_1.nii.gz,mediastinum/aorta,"millimetric atheroma plaque, atheroma plaque",Yes.
train_88_a_1.nii.gz,bone,rotascoliosis,Yes.
train_88_a_1.nii.gz,bone/bone,rotascoliosis,Yes.
train_88_a_1.nii.gz,bone/bone/vertebrae,rotascoliosis,Yes.
train_88_a_1.nii.gz,bone/bone/vertebrae/thoracic vertebrae,rotascoliosis,Yes.
train_88_a_1.nii.gz,abdomen,"stone, millimetric atheroma plaque, atheroma plaque",Yes.
train_88_a_1.nii.gz,abdomen/abdomen,"stone, millimetric atheroma plaque, atheroma plaque",Yes.
train_88_a_1.nii.gz,abdomen/abdomen/aorta,"millimetric atheroma plaque, atheroma plaque",Yes.
train_88_a_1.nii.gz,abdomen/abdomen/kidney,stone,Yes.
train_88_a_1.nii.gz,abdomen/abdomen/kidney/left kidney,stone,Yes.
train_93_c_1.nii.gz,lung,"millimetric nodules, consolidation, ground-glass appearance, infected pathology, millimetric nodular lesion, lesion enlargement",Yes.
train_93_c_1.nii.gz,lung/lung,"millimetric nodules, consolidation, ground-glass appearance, infected pathology, millimetric nodular lesion, lesion enlargement",Yes.
train_93_c_1.nii.gz,lung/lung/left lung,"consolidation, ground-glass appearance, infected pathology, millimetric nodular lesion, lesion enlargement",Yes.
train_93_c_1.nii.gz,lung/lung/left lung/left lung lower lobe,"consolidation, ground-glass appearance, infected pathology, millimetric nodular lesion, lesion enlargement",Yes.
train_93_c_1.nii.gz,lung/lung/lung lower lobe,"consolidation, ground-glass appearance, infected pathology, millimetric nodular lesion, lesion enlargement",Yes.
train_93_c_1.nii.gz,lung/lung/lung lower lobe/left lung lower lobe,"consolidation, ground-glass appearance, infected pathology, millimetric nodular lesion, lesion enlargement",Yes.
train_76_a_1.nii.gz,lung,"mosaic attenuation pattern, infective-inflammatory processes, thickening, fibroatelectasis sequelae",Yes.
train_76_a_1.nii.gz,lung/lung,"mosaic attenuation pattern, infective-inflammatory processes, thickening, fibroatelectasis sequelae",Yes.
train_76_a_1.nii.gz,lung/lung/left lung,fibroatelectasis sequelae,Yes.
train_76_a_1.nii.gz,lung/lung/right lung,fibroatelectasis sequelae,Yes.
train_76_a_1.nii.gz,heart,effusion,Yes.
train_76_a_1.nii.gz,heart/heart,effusion,Yes.
train_76_a_1.nii.gz,heart/heart/heart tissue,effusion,Yes.
train_76_a_1.nii.gz,pleura,"focal ground-glass densities, interlobar-interlobular septal thickening, effusion",Yes.
train_76_a_1.nii.gz,pleura/pleura,"focal ground-glass densities, interlobar-interlobular septal thickening, effusion",Yes.
train_76_a_1.nii.gz,bone,left-facing scoliosis,Yes.
train_76_a_1.nii.gz,bone/bone,left-facing scoliosis,Yes.
train_76_a_1.nii.gz,bone/bone/vertebrae,left-facing scoliosis,Yes.
train_76_a_1.nii.gz,bone/bone/vertebrae/thoracic vertebrae,left-facing scoliosis,Yes.
train_76_a_1.nii.gz,others,conglomerate lymphadenopathies,Yes.
train_76_a_1.nii.gz,others/thoracic cavity,conglomerate lymphadenopathies,Yes.
train_46_a_1.nii.gz,lung,nonspecific parenchymal nodules,Yes.
train_46_a_1.nii.gz,lung/lung,nonspecific parenchymal nodules,Yes.
train_46_a_1.nii.gz,lung/lung/right lung,nonspecific parenchymal nodules,Yes.
train_46_a_1.nii.gz,lung/lung/right lung/right lung lower lobe,nonspecific parenchymal nodules,Yes.
train_46_a_1.nii.gz,lung/lung/lung lower lobe,nonspecific parenchymal nodules,Yes.
train_46_a_1.nii.gz,lung/lung/lung lower lobe/right lung lower lobe,nonspecific parenchymal nodules,Yes.
train_46_a_1.nii.gz,mediastinum,calcified atheroma plaques,Yes.
train_46_a_1.nii.gz,mediastinum/aorta,calcified atheroma plaques,Yes.
train_46_a_1.nii.gz,heart,pericardial effusion,Yes.
train_46_a_1.nii.gz,heart/heart,pericardial effusion,Yes.
train_46_a_1.nii.gz,heart/heart/heart tissue,pericardial effusion,Yes.
train_46_a_1.nii.gz,pleura,sequelae thickening,Yes.
train_46_a_1.nii.gz,pleura/pleura,sequelae thickening,Yes.
train_46_a_1.nii.gz,bone,osteodegenerative changes,Yes.
train_46_a_1.nii.gz,bone/bone,osteodegenerative changes,Yes.
train_46_a_1.nii.gz,abdomen,"calcified atheroma plaques, periportal edema",Yes.
train_46_a_1.nii.gz,abdomen/abdomen,"calcified atheroma plaques, periportal edema",Yes.
train_46_a_1.nii.gz,abdomen/abdomen/aorta,calcified atheroma plaques,Yes.
train_46_a_1.nii.gz,abdomen/abdomen/liver,periportal edema,Yes.
train_46_a_1.nii.gz,abdomen/abdomen/liver/liver vessel,periportal edema,Yes.
train_140_a_1.nii.gz,lung,"collapsed, changes consistent with pleuroparenchymal sequelae, wide pneumothorax appearance, air bubbles",Yes.
train_140_a_1.nii.gz,lung/lung,"collapsed, changes consistent with pleuroparenchymal sequelae, wide pneumothorax appearance, air bubbles",Yes.
train_140_a_1.nii.gz,lung/lung/left lung,changes consistent with pleuroparenchymal sequelae,Yes.
train_140_a_1.nii.gz,lung/lung/left lung/left lung lower lobe,changes consistent with pleuroparenchymal sequelae,Yes.
train_140_a_1.nii.gz,lung/lung/right lung,wide pneumothorax appearance,Yes.
train_140_a_1.nii.gz,lung/lung/lung lower lobe,changes consistent with pleuroparenchymal sequelae,Yes.
train_140_a_1.nii.gz,lung/lung/lung lower lobe/left lung lower lobe,changes consistent with pleuroparenchymal sequelae,Yes.
train_140_a_1.nii.gz,esophagus,hiatal hernia,Yes.
train_140_a_1.nii.gz,esophagus/esophagus,hiatal hernia,Yes.
train_140_a_1.nii.gz,bone,degenerative changes,Yes.
train_140_a_1.nii.gz,bone/bone,degenerative changes,Yes.
train_140_a_1.nii.gz,breast,"breast tumor, post-op changes, skin-subcutaneous soft tissue planes",Yes.
train_140_a_1.nii.gz,breast/breast,"breast tumor, post-op changes, skin-subcutaneous soft tissue planes",Yes.
train_140_a_1.nii.gz,breast/breast/right breast,"breast tumor, post-op changes, skin-subcutaneous soft tissue planes",Yes.
train_5_a_1.nii.gz,lung,"nonspecific nodules, sequela parenchymal changes",Yes.
train_5_a_1.nii.gz,lung/lung,"nonspecific nodules, sequela parenchymal changes",Yes.
train_5_a_1.nii.gz,trachea and bronchie,diffuse mild ectasia,Yes.
train_5_a_1.nii.gz,trachea and bronchie/bronchie,diffuse mild ectasia,Yes.
train_5_a_1.nii.gz,mediastinum,calcified atheroma plaques,Yes.
train_5_a_1.nii.gz,mediastinum/aorta,calcified atheroma plaques,Yes.
train_5_a_1.nii.gz,esophagus,sliding type mild hiatal hernia,Yes.
train_5_a_1.nii.gz,esophagus/esophagus,sliding type mild hiatal hernia,Yes.
train_5_a_1.nii.gz,abdomen,calcified atheroma plaques,Yes.
train_5_a_1.nii.gz,abdomen/abdomen,calcified atheroma plaques,Yes.
train_5_a_1.nii.gz,abdomen/abdomen/aorta,calcified atheroma plaques,Yes.
train_72_a_1.nii.gz,lung,"peripheral symmetrical consolidation, consolidation areas, ground glass areas, ards",Yes.
train_72_a_1.nii.gz,lung/lung,"peripheral symmetrical consolidation, consolidation areas, ground glass areas, ards",Yes.
train_72_a_1.nii.gz,trachea and bronchie,air bronchograms,Yes.
train_72_a_1.nii.gz,trachea and bronchie/bronchie,air bronchograms,Yes.
train_72_a_1.nii.gz,heart,pericardial effusion,Yes.
train_72_a_1.nii.gz,heart/heart,pericardial effusion,Yes.
train_72_a_1.nii.gz,heart/heart/heart tissue,pericardial effusion,Yes.
train_72_a_1.nii.gz,esophagus,sliding type hiatal hernia,Yes.
train_72_a_1.nii.gz,esophagus/esophagus,sliding type hiatal hernia,Yes.
train_102_a_1.nii.gz,lung,"patchy consolidation, ground glass densities",Yes.
train_102_a_1.nii.gz,lung/lung,"patchy consolidation, ground glass densities",Yes.
train_102_a_1.nii.gz,mediastinum,lymph node,Yes.
train_102_a_1.nii.gz,mediastinum/mediastinal tissue,lymph node,Yes.
train_102_a_1.nii.gz,heart,pericardial effusion,Yes.
train_102_a_1.nii.gz,heart/heart,pericardial effusion,Yes.
train_102_a_1.nii.gz,heart/heart/heart tissue,pericardial effusion,Yes.
train_102_a_1.nii.gz,abdomen,kidneys,Yes.
train_102_a_1.nii.gz,abdomen/abdomen,kidneys,Yes.
train_102_a_1.nii.gz,abdomen/abdomen/kidney,kidneys,Yes.
train_39_d_1.nii.gz,mediastinum,several lymph nodes in the paraaortic area,Yes.
train_39_d_1.nii.gz,mediastinum/aorta,several lymph nodes in the paraaortic area,Yes.
train_39_d_1.nii.gz,heart,pericardial effusion,Yes.
train_39_d_1.nii.gz,heart/heart,pericardial effusion,Yes.
train_39_d_1.nii.gz,heart/heart/heart tissue,pericardial effusion,Yes.
train_39_d_1.nii.gz,abdomen,several lymph nodes in the paraaortic area,Yes.
train_39_d_1.nii.gz,abdomen/abdomen,several lymph nodes in the paraaortic area,Yes.
train_39_d_1.nii.gz,abdomen/abdomen/aorta,several lymph nodes in the paraaortic area,Yes.
train_101_b_1.nii.gz,lung,"covid pneumonia, nodular ground glass densities",Yes.
train_101_b_1.nii.gz,lung/lung,"covid pneumonia, nodular ground glass densities",Yes.
train_101_b_1.nii.gz,trachea and bronchie,bronchial dilatations,Yes.
train_101_b_1.nii.gz,trachea and bronchie/bronchie,bronchial dilatations,Yes.
train_101_b_1.nii.gz,mediastinum,"lymph node, calcific plaques",Yes.
train_101_b_1.nii.gz,mediastinum/aorta,calcific plaques,Yes.
train_101_b_1.nii.gz,mediastinum/mediastinal tissue,lymph node,Yes.
train_101_b_1.nii.gz,heart,pericardial effusion,Yes.
train_101_b_1.nii.gz,heart/heart,pericardial effusion,Yes.
train_101_b_1.nii.gz,heart/heart/heart tissue,pericardial effusion,Yes.
train_101_b_1.nii.gz,bone,degenerative changes,Yes.
train_101_b_1.nii.gz,bone/bone,degenerative changes,Yes.
train_101_b_1.nii.gz,bone/bone/vertebrae,degenerative changes,Yes.
train_101_b_1.nii.gz,abdomen,"hypodense lesion, thick, calcific plaques",Yes.
train_101_b_1.nii.gz,abdomen/abdomen,"hypodense lesion, thick, calcific plaques",Yes.
train_101_b_1.nii.gz,abdomen/abdomen/adrenal gland,thick,Yes.
train_101_b_1.nii.gz,abdomen/abdomen/adrenal gland/left adrenal gland,thick,Yes.
train_101_b_1.nii.gz,abdomen/abdomen/aorta,calcific plaques,Yes.
train_101_b_1.nii.gz,abdomen/abdomen/liver,hypodense lesion,Yes.
train_3_a_1.nii.gz,lung,"bronchiectatic changes, linear densities, peribronchial thickness increases, sequela calcific pulmonary nodule, peribronchial thickness",Yes.
train_3_a_1.nii.gz,lung/lung,"bronchiectatic changes, linear densities, peribronchial thickness increases, sequela calcific pulmonary nodule, peribronchial thickness",Yes.
train_3_a_1.nii.gz,lung/lung/right lung,"sequela calcific pulmonary nodule, linear densities",Yes.
train_3_a_1.nii.gz,lung/lung/right lung/right lung lower lobe,sequela calcific pulmonary nodule,Yes.
train_3_a_1.nii.gz,lung/lung/right lung/right lung upper lobe,linear densities,Yes.
train_3_a_1.nii.gz,lung/lung/lung lower lobe,sequela calcific pulmonary nodule,Yes.
train_3_a_1.nii.gz,lung/lung/lung lower lobe/right lung lower lobe,sequela calcific pulmonary nodule,Yes.
train_3_a_1.nii.gz,lung/lung/lung upper lobe,linear densities,Yes.
train_3_a_1.nii.gz,lung/lung/lung upper lobe/right lung upper lobe,linear densities,Yes.
train_3_a_1.nii.gz,mediastinum,"sequelae calcific lymph nodes, calcific atheroma plaques, hypodense hiluses",Yes.
train_3_a_1.nii.gz,mediastinum/aorta,calcific atheroma plaques,Yes.
train_3_a_1.nii.gz,mediastinum/mediastinal tissue,"sequelae calcific lymph nodes, hypodense hiluses",Yes.
train_3_a_1.nii.gz,pleura,pleural thickness increases,Yes.
train_3_a_1.nii.gz,pleura/pleura,pleural thickness increases,Yes.
train_3_a_1.nii.gz,bone,"osteophytes, mild scoliosis",Yes.
train_3_a_1.nii.gz,bone/bone,"osteophytes, mild scoliosis",Yes.
train_3_a_1.nii.gz,bone/bone/vertebrae,"osteophytes, mild scoliosis",Yes.
train_3_a_1.nii.gz,bone/bone/vertebrae/thoracic vertebrae,mild scoliosis,Yes.
train_3_a_1.nii.gz,abdomen,"calcific atheroma plaques, multiple cysts",Yes.
train_3_a_1.nii.gz,abdomen/abdomen,"calcific atheroma plaques, multiple cysts",Yes.
train_3_a_1.nii.gz,abdomen/abdomen/aorta,calcific atheroma plaques,Yes.
train_3_a_1.nii.gz,abdomen/abdomen/kidney,multiple cysts,Yes.
train_91_a_1.nii.gz,lung,"mosaic attenuation pattern, centriacinar emphysematous changes",Yes.
train_91_a_1.nii.gz,lung/lung,"mosaic attenuation pattern, centriacinar emphysematous changes",Yes.
train_91_a_1.nii.gz,bone,right-facing scoliosis,Yes.
train_91_a_1.nii.gz,bone/bone,right-facing scoliosis,Yes.
train_91_a_1.nii.gz,bone/bone/vertebrae,right-facing scoliosis,Yes.
train_91_a_1.nii.gz,bone/bone/vertebrae/thoracic vertebrae,right-facing scoliosis,Yes.
train_145_a_1.nii.gz,lung,"large consolidation area, infectious process, emphysematous changes, interstitial lung disease",Yes.
train_145_a_1.nii.gz,lung/lung,"large consolidation area, infectious process, emphysematous changes, interstitial lung disease",Yes.
train_145_a_1.nii.gz,lung/lung/left lung,large consolidation area,Yes.
train_145_a_1.nii.gz,lung/lung/left lung/left lung upper lobe,large consolidation area,Yes.
train_145_a_1.nii.gz,lung/lung/lung upper lobe,large consolidation area,Yes.
train_145_a_1.nii.gz,lung/lung/lung upper lobe/left lung upper lobe,large consolidation area,Yes.
train_145_a_1.nii.gz,mediastinum,"calcified atherosclerotic changes, Upper-lower paratracheal, prevascular, subcarinal, bilateral hilar and paraesophageal multiple lymph nodes measuring 19x15 mm in size",Yes.
train_145_a_1.nii.gz,mediastinum/aorta,calcified atherosclerotic changes,Yes.
train_145_a_1.nii.gz,mediastinum/mediastinal tissue,"Upper-lower paratracheal, prevascular, subcarinal, bilateral hilar and paraesophageal multiple lymph nodes measuring 19x15 mm in size",Yes.
train_145_a_1.nii.gz,heart,"calcified atherosclerotic changes, cardiomegaly",Yes.
train_145_a_1.nii.gz,heart/heart,"calcified atherosclerotic changes, cardiomegaly",Yes.
train_145_a_1.nii.gz,heart/heart/heart tissue,calcified atherosclerotic changes,Yes.
train_145_a_1.nii.gz,pleura,"bilateral minimal pleural effusion, contour irregularities, subpleural lines, atelectatic changes, honeycomb appearances",Yes.
train_145_a_1.nii.gz,pleura/pleura,"bilateral minimal pleural effusion, contour irregularities, subpleural lines, atelectatic changes, honeycomb appearances",Yes.
train_145_a_1.nii.gz,bone,"thoracic kyphosis, compression fracture",Yes.
train_145_a_1.nii.gz,bone/bone,"thoracic kyphosis, compression fracture",Yes.
train_145_a_1.nii.gz,bone/bone/vertebrae,"thoracic kyphosis, compression fracture",Yes.
train_145_a_1.nii.gz,bone/bone/vertebrae/thoracic vertebrae,"thoracic kyphosis, compression fracture",Yes.
train_145_a_1.nii.gz,bone/bone/vertebrae/thoracic vertebrae/thoracic vertebrae 11 (t11),compression fracture,Yes.
train_145_a_1.nii.gz,abdomen,"hypodense lesion, liver contours, calcified atherosclerotic changes, hypertrophied, chronic liver disease",Yes.
train_145_a_1.nii.gz,abdomen/abdomen,"hypodense lesion, liver contours, calcified atherosclerotic changes, hypertrophied, chronic liver disease",Yes.
train_145_a_1.nii.gz,abdomen/abdomen/aorta,calcified atherosclerotic changes,Yes.
train_145_a_1.nii.gz,abdomen/abdomen/kidney,hypodense lesion,Yes.
train_145_a_1.nii.gz,abdomen/abdomen/kidney/right kidney,hypodense lesion,Yes.
train_145_a_1.nii.gz,abdomen/abdomen/liver,"hypertrophied, liver contours, chronic liver disease",Yes.
train_145_a_1.nii.gz,abdomen/abdomen/liver/caudate lobe,hypertrophied,Yes.
train_85_a_1.nii.gz,lung,"primary disease, lymphangitis carcinomatosa, linear atelectasis, interlobular septal thickenings, nonspecific nodules, lymphangitis carcinomatosis, peribronchial thickening",Yes.
train_85_a_1.nii.gz,lung/lung,"primary disease, lymphangitis carcinomatosa, linear atelectasis, interlobular septal thickenings, nonspecific nodules, lymphangitis carcinomatosis, peribronchial thickening",Yes.
train_85_a_1.nii.gz,lung/lung/lung lower lobe,interlobular septal thickenings,Yes.
train_85_a_1.nii.gz,mediastinum,"lymph node, lymphadenopathy",Yes.
train_85_a_1.nii.gz,mediastinum/mediastinal tissue,"lymph node, lymphadenopathy",Yes.
train_85_a_1.nii.gz,heart,pericardial effusion,Yes.
train_85_a_1.nii.gz,heart/heart,pericardial effusion,Yes.
train_85_a_1.nii.gz,heart/heart/heart tissue,pericardial effusion,Yes.
train_85_a_1.nii.gz,esophagus,mixed type hiatal hernia,Yes.
train_85_a_1.nii.gz,esophagus/esophagus,mixed type hiatal hernia,Yes.
train_85_a_1.nii.gz,pleura,"pleural effusion, bilateral minimal pleural effusion",Yes.
train_85_a_1.nii.gz,pleura/pleura,"pleural effusion, bilateral minimal pleural effusion",Yes.
train_85_a_1.nii.gz,bone,"metastases, lytic bone lesions, height loss, minimal height losses, metastatic lesions",Yes.
train_85_a_1.nii.gz,bone/bone,"metastases, lytic bone lesions, height loss, minimal height losses, metastatic lesions",Yes.
train_85_a_1.nii.gz,bone/bone/vertebrae,"height loss, minimal height losses",Yes.
train_85_a_1.nii.gz,bone/bone/vertebrae/thoracic vertebrae,minimal height losses,Yes.
train_85_a_1.nii.gz,bone/bone/vertebrae/lumbar vertebrae,height loss,Yes.
train_85_a_1.nii.gz,bone/bone/vertebrae/lumbar vertebrae/lumbar vertebrae 1 (l1),height loss,Yes.
train_85_a_1.nii.gz,breast,"soft tissue density, thickening of the skin, lymphadenopathies, primary mass",Yes.
train_85_a_1.nii.gz,breast/breast,"soft tissue density, thickening of the skin, lymphadenopathies, primary mass",Yes.
train_85_a_1.nii.gz,breast/breast/left breast,"soft tissue density, thickening of the skin, lymphadenopathies, primary mass",Yes.
train_53_a_1.nii.gz,lung,"dependent-like density increases, ground glass density, pleuroparenchymal sequela changes, nodule",Yes.
train_53_a_1.nii.gz,lung/lung,"dependent-like density increases, ground glass density, pleuroparenchymal sequela changes, nodule",Yes.
train_53_a_1.nii.gz,lung/lung/right lung,"ground glass density, nodule",Yes.
train_53_a_1.nii.gz,lung/lung/right lung/right lung upper lobe,"ground glass density, nodule",Yes.
train_53_a_1.nii.gz,lung/lung/lung upper lobe,"ground glass density, nodule",Yes.
train_53_a_1.nii.gz,lung/lung/lung upper lobe/right lung upper lobe,"ground glass density, nodule",Yes.
train_53_a_1.nii.gz,mediastinum,residual thymus tissue,Yes.
train_53_a_1.nii.gz,mediastinum/thymus,residual thymus tissue,Yes.
train_53_a_1.nii.gz,heart,pericardial effusion,Yes.
train_53_a_1.nii.gz,heart/heart,pericardial effusion,Yes.
train_53_a_1.nii.gz,heart/heart/heart tissue,pericardial effusion,Yes.
train_53_a_1.nii.gz,esophagus,"diaphragmatic hernia, mixed type of diaphragmatic hernia",Yes.
train_53_a_1.nii.gz,esophagus/esophagus,"diaphragmatic hernia, mixed type of diaphragmatic hernia",Yes.
train_53_a_1.nii.gz,pleura,pleuroparenchymal sequelae changes,Yes.
train_53_a_1.nii.gz,pleura/pleura,pleuroparenchymal sequelae changes,Yes.
train_53_a_1.nii.gz,bone,"thoracic kyphosis, left-weighted syndesmophytes",Yes.
train_53_a_1.nii.gz,bone/bone,"thoracic kyphosis, left-weighted syndesmophytes",Yes.
train_53_a_1.nii.gz,bone/bone/vertebrae,"thoracic kyphosis, left-weighted syndesmophytes",Yes.
train_53_a_1.nii.gz,bone/bone/vertebrae/thoracic vertebrae,"thoracic kyphosis, left-weighted syndesmophytes",Yes.
train_42_a_1.nii.gz,lung,"mosaic attenuation pattern, subsegmeter atelectasis areas, outlook",Yes.
train_42_a_1.nii.gz,lung/lung,"mosaic attenuation pattern, subsegmeter atelectasis areas, outlook",Yes.
train_42_a_1.nii.gz,lung/lung/left lung,subsegmeter atelectasis areas,Yes.
train_42_a_1.nii.gz,lung/lung/right lung,subsegmeter atelectasis areas,Yes.
train_42_a_1.nii.gz,mediastinum,soft tissue density,Yes.
train_42_a_1.nii.gz,mediastinum/mediastinal tissue,soft tissue density,Yes.
train_42_a_1.nii.gz,pleura,subpleural nodule,Yes.
train_42_a_1.nii.gz,pleura/pleura,subpleural nodule,Yes.
train_127_a_1.nii.gz,lung,nonspecific nodules,Yes.
train_127_a_1.nii.gz,lung/lung,nonspecific nodules,Yes.
train_40_a_1.nii.gz,lung,"small vessel disease, consolidation, atelectasis, mosaic attenuation pattern, effusion",Yes.
train_40_a_1.nii.gz,lung/lung,"small vessel disease, consolidation, atelectasis, mosaic attenuation pattern, effusion",Yes.
train_40_a_1.nii.gz,trachea and bronchie,diffuse calcification,Yes.
train_40_a_1.nii.gz,trachea and bronchie/trachea,diffuse calcification,Yes.
train_40_a_1.nii.gz,trachea and bronchie/bronchie,diffuse calcification,Yes.
train_40_a_1.nii.gz,mediastinum,"calcified atheromatous plaques, lymph node",Yes.
train_40_a_1.nii.gz,mediastinum/aorta,calcified atheromatous plaques,Yes.
train_40_a_1.nii.gz,mediastinum/mediastinal tissue,lymph node,Yes.
train_40_a_1.nii.gz,heart,"increase in heart size, pericardial effusion",Yes.
train_40_a_1.nii.gz,heart/heart,"increase in heart size, pericardial effusion",Yes.
train_40_a_1.nii.gz,heart/heart/heart tissue,pericardial effusion,Yes.
train_40_a_1.nii.gz,pleura,bilateral pleural effusion,Yes.
train_40_a_1.nii.gz,pleura/pleura,bilateral pleural effusion,Yes.
train_40_a_1.nii.gz,bone,degenerative changes,Yes.
train_40_a_1.nii.gz,bone/bone,degenerative changes,Yes.
train_40_a_1.nii.gz,abdomen,"hyperdense appearance, calcified atheromatous plaques, bile sludge, mild stenosis",Yes.
train_40_a_1.nii.gz,abdomen/abdomen,"hyperdense appearance, calcified atheromatous plaques, bile sludge, mild stenosis",Yes.
train_40_a_1.nii.gz,abdomen/abdomen/aorta,calcified atheromatous plaques,Yes.
train_40_a_1.nii.gz,abdomen/abdomen/gallbladder,"hyperdense appearance, bile sludge",Yes.
train_40_a_1.nii.gz,abdomen/abdomen/renal artery,mild stenosis,Yes.
train_102_c_1.nii.gz,lung,"ground glass, multilobar, consolidation",Yes.
train_102_c_1.nii.gz,lung/lung,"ground glass, multilobar, consolidation",Yes.
train_61_d_1.nii.gz,lung,"ground glass densities, emphysematous appearance, effusion, metastatic lesions, linear atelectic changes",Yes.
train_61_d_1.nii.gz,lung/lung,"ground glass densities, emphysematous appearance, effusion, metastatic lesions, linear atelectic changes",Yes.
train_61_d_1.nii.gz,heart,pericardial effusion,Yes.
train_61_d_1.nii.gz,heart/heart,pericardial effusion,Yes.
train_61_d_1.nii.gz,heart/heart/heart tissue,pericardial effusion,Yes.
train_61_d_1.nii.gz,pleura,"left pleural effusion, right pleural effusion",Yes.
train_61_d_1.nii.gz,pleura/pleura,"left pleural effusion, right pleural effusion",Yes.
train_61_d_1.nii.gz,bone,metastatic lesions,Yes.
train_61_d_1.nii.gz,bone/bone,metastatic lesions,Yes.
train_61_d_1.nii.gz,abdomen,metastatic heterogeneous appearance,Yes.
train_61_d_1.nii.gz,abdomen/abdomen,metastatic heterogeneous appearance,Yes.
train_61_d_1.nii.gz,abdomen/abdomen/abdominal tissue,metastatic heterogeneous appearance,Yes.
train_61_d_1.nii.gz,abdomen/abdomen/liver,metastatic heterogeneous appearance,Yes.
train_7_a_1.nii.gz,lung,"pleuroparenchymal sequelae density, pleuroparenchymal sequelae, a few calcified lymph nodes measuring 3.5 mm and 3 mm in diameter, paracicatricial bronchiectasis",Yes.
train_7_a_1.nii.gz,lung/lung,"pleuroparenchymal sequelae density, pleuroparenchymal sequelae, a few calcified lymph nodes measuring 3.5 mm and 3 mm in diameter, paracicatricial bronchiectasis",Yes.
train_7_a_1.nii.gz,lung/lung/left lung,"pleuroparenchymal sequelae density, a few calcified lymph nodes measuring 3.5 mm and 3 mm in diameter",Yes.
train_7_a_1.nii.gz,lung/lung/left lung/left lung lower lobe,pleuroparenchymal sequelae density,Yes.
train_7_a_1.nii.gz,lung/lung/right lung,"pleuroparenchymal sequelae, a few calcified lymph nodes measuring 3.5 mm and 3 mm in diameter, paracicatricial bronchiectasis",Yes.
train_7_a_1.nii.gz,lung/lung/right lung/right lung upper lobe,"pleuroparenchymal sequelae, paracicatricial bronchiectasis",Yes.
train_7_a_1.nii.gz,lung/lung/lung lower lobe,pleuroparenchymal sequelae density,Yes.
train_7_a_1.nii.gz,lung/lung/lung lower lobe/left lung lower lobe,pleuroparenchymal sequelae density,Yes.
train_7_a_1.nii.gz,lung/lung/lung upper lobe,"pleuroparenchymal sequelae, paracicatricial bronchiectasis",Yes.
train_7_a_1.nii.gz,lung/lung/lung upper lobe/right lung upper lobe,"pleuroparenchymal sequelae, paracicatricial bronchiectasis",Yes.
train_107_a_1.nii.gz,lung,milimal emphysematous changes,Yes.
train_107_a_1.nii.gz,lung/lung,milimal emphysematous changes,Yes.
train_107_a_1.nii.gz,trachea and bronchie,"diffuse mild ectasia, peribronchial thickness, peribronchial thickness increases",Yes.
train_107_a_1.nii.gz,trachea and bronchie/bronchie,"diffuse mild ectasia, peribronchial thickness, peribronchial thickness increases",Yes.
train_47_a_1.nii.gz,lung,"linear subsegmental atelectatic changes, patchy ground glass consolidations, covid-19 pneumonia",Yes.
train_47_a_1.nii.gz,lung/lung,"linear subsegmental atelectatic changes, patchy ground glass consolidations, covid-19 pneumonia",Yes.
train_47_a_1.nii.gz,lung/lung/right lung,"patchy ground glass consolidations, covid-19 pneumonia",Yes.
train_47_a_1.nii.gz,lung/lung/right lung/right lung upper lobe,"patchy ground glass consolidations, covid-19 pneumonia",Yes.
train_47_a_1.nii.gz,lung/lung/lung lower lobe,"patchy ground glass consolidations, covid-19 pneumonia",Yes.
train_47_a_1.nii.gz,lung/lung/lung upper lobe,"patchy ground glass consolidations, covid-19 pneumonia",Yes.
train_47_a_1.nii.gz,lung/lung/lung upper lobe/right lung upper lobe,"patchy ground glass consolidations, covid-19 pneumonia",Yes.
train_47_a_1.nii.gz,mediastinum,calcific atheroma plaques,Yes.
train_47_a_1.nii.gz,mediastinum/aorta,calcific atheroma plaques,Yes.
train_47_a_1.nii.gz,heart,pericardial effusion,Yes.
train_47_a_1.nii.gz,heart/heart,pericardial effusion,Yes.
train_47_a_1.nii.gz,heart/heart/heart tissue,pericardial effusion,Yes.
train_47_a_1.nii.gz,pleura,pleural-based consolidation,Yes.
train_47_a_1.nii.gz,pleura/pleura,pleural-based consolidation,Yes.
train_47_a_1.nii.gz,bone,degenerative changes,Yes.
train_47_a_1.nii.gz,bone/bone,degenerative changes,Yes.
train_47_a_1.nii.gz,thyroid,"heterogeneous, lobulated, hypodense nodules, increased",Yes.
train_47_a_1.nii.gz,thyroid/thyroid,"heterogeneous, lobulated, hypodense nodules, increased",Yes.
train_47_a_1.nii.gz,thyroid/thyroid/thyroid gland,"heterogeneous, hypodense nodules",Yes.
train_47_a_1.nii.gz,thyroid/thyroid/thyroid gland/left thyroid,"heterogeneous, hypodense nodules",Yes.
train_47_a_1.nii.gz,abdomen,"smaller than normal, calcific atheroma plaques",Yes.
train_47_a_1.nii.gz,abdomen/abdomen,"smaller than normal, calcific atheroma plaques",Yes.
train_47_a_1.nii.gz,abdomen/abdomen/aorta,calcific atheroma plaques,Yes.
train_47_a_1.nii.gz,abdomen/abdomen/spleen,smaller than normal,Yes.
train_149_a_1.nii.gz,lung,"pleuroparenchymal sequelae density increases, calcified nonspecific parenchymal nodule, bilateral peribronchial thickenings",Yes.
train_149_a_1.nii.gz,lung/lung,"pleuroparenchymal sequelae density increases, calcified nonspecific parenchymal nodule, bilateral peribronchial thickenings",Yes.
train_149_a_1.nii.gz,lung/lung/left lung,pleuroparenchymal sequelae density increases,Yes.
train_149_a_1.nii.gz,lung/lung/right lung,"pleuroparenchymal sequelae density increases, calcified nonspecific parenchymal nodule",Yes.
train_149_a_1.nii.gz,lung/lung/right lung/right lung lower lobe,calcified nonspecific parenchymal nodule,Yes.
train_149_a_1.nii.gz,lung/lung/lung lower lobe,calcified nonspecific parenchymal nodule,Yes.
train_149_a_1.nii.gz,lung/lung/lung lower lobe/right lung lower lobe,calcified nonspecific parenchymal nodule,Yes.
train_149_a_1.nii.gz,mediastinum,"lymph nodes measuring 1 cm on the short axis of the largest in mediastinal, upper-lower paratracheal, subcarinal localization",Yes.
train_149_a_1.nii.gz,mediastinum/mediastinal tissue,"lymph nodes measuring 1 cm on the short axis of the largest in mediastinal, upper-lower paratracheal, subcarinal localization",Yes.
train_149_a_1.nii.gz,esophagus,sliding type hiatal hernia,Yes.
train_149_a_1.nii.gz,esophagus/esophagus,sliding type hiatal hernia,Yes.
train_149_a_1.nii.gz,abdomen,liver parenchyma density,Yes.
train_149_a_1.nii.gz,abdomen/abdomen,liver parenchyma density,Yes.
train_149_a_1.nii.gz,abdomen/abdomen/liver,liver parenchyma density,Yes.
train_126_a_1.nii.gz,lung,"consolidation, bronchiectatic changes, interstitial pattern, interlobular septa, frosted glass densities, mosaic pattern attenuations, honeycomb appearances",Yes.
train_126_a_1.nii.gz,lung/lung,"consolidation, bronchiectatic changes, interstitial pattern, interlobular septa, frosted glass densities, mosaic pattern attenuations, honeycomb appearances",Yes.
train_126_a_1.nii.gz,lung/lung/left lung,"honeycomb appearances, interstitial pattern",Yes.
train_126_a_1.nii.gz,lung/lung/right lung,"mosaic pattern attenuations, bronchiectatic changes",Yes.
train_126_a_1.nii.gz,lung/lung/lung lower lobe,"mosaic pattern attenuations, bronchiectatic changes",Yes.
train_126_a_1.nii.gz,mediastinum,several small lymph nodes in the mediastinum,Yes.
train_126_a_1.nii.gz,mediastinum/mediastinal tissue,several small lymph nodes in the mediastinum,Yes.
train_126_a_1.nii.gz,heart,cardiothoracic index,Yes.
train_126_a_1.nii.gz,heart/heart,cardiothoracic index,Yes.
train_126_a_1.nii.gz,esophagus,air-fluid leveling,Yes.
train_126_a_1.nii.gz,esophagus/esophagus,air-fluid leveling,Yes.
train_126_a_1.nii.gz,pleura,5 mm nodule,Yes.
train_126_a_1.nii.gz,pleura/pleura,5 mm nodule,Yes.
train_126_a_1.nii.gz,bone,"hypertrophic osteophytic taperings, diffuse density reduction",Yes.
train_126_a_1.nii.gz,bone/bone,"hypertrophic osteophytic taperings, diffuse density reduction",Yes.
train_126_a_1.nii.gz,bone/bone/vertebrae,"hypertrophic osteophytic taperings, diffuse density reduction",Yes.
train_126_a_1.nii.gz,abdomen,"free fluid, metastases, cortical cyst, pelvicalyceal ectasia, extrarenal pelvises, central cystic-necrotic mass",Yes.
train_126_a_1.nii.gz,abdomen/abdomen,"free fluid, metastases, cortical cyst, pelvicalyceal ectasia, extrarenal pelvises, central cystic-necrotic mass",Yes.
train_126_a_1.nii.gz,abdomen/abdomen/abdominal tissue,"metastases, central cystic-necrotic mass, free fluid",Yes.
train_126_a_1.nii.gz,abdomen/abdomen/kidney,"pelvicalyceal ectasia, cortical cyst, extrarenal pelvises",Yes.
train_126_a_1.nii.gz,abdomen/abdomen/kidney/left kidney,cortical cyst,Yes.
train_126_a_1.nii.gz,abdomen/abdomen/pancreas,"metastases, central cystic-necrotic mass, free fluid",Yes.
train_103_a_1.nii.gz,mediastinum,"lymph node, wider than normal",Yes.
train_103_a_1.nii.gz,mediastinum/aorta,wider than normal,Yes.
train_103_a_1.nii.gz,mediastinum/mediastinal tissue,lymph node,Yes.
train_103_a_1.nii.gz,bone,mild degenerative changes,Yes.
train_103_a_1.nii.gz,bone/bone,mild degenerative changes,Yes.
train_103_a_1.nii.gz,abdomen,wider than normal,Yes.
train_103_a_1.nii.gz,abdomen/abdomen,wider than normal,Yes.
train_103_a_1.nii.gz,abdomen/abdomen/aorta,wider than normal,Yes.
train_81_a_1.nii.gz,lung,"ground glass densities, centriacinar nodules opacities, consolidation areas, nonspecific nodules, air bronchograms",Yes.
train_81_a_1.nii.gz,lung/lung,"ground glass densities, centriacinar nodules opacities, consolidation areas, nonspecific nodules, air bronchograms",Yes.
train_81_a_1.nii.gz,lung/lung/left lung,"ground glass densities, consolidation areas, centriacinar nodules opacities, air bronchograms",Yes.
train_81_a_1.nii.gz,lung/lung/right lung,"ground glass densities, consolidation areas, centriacinar nodules opacities, air bronchograms",Yes.
train_81_a_1.nii.gz,pleura,"consolidation areas, ground glass densities, air bronchograms",Yes.
train_81_a_1.nii.gz,pleura/pleura,"consolidation areas, ground glass densities, air bronchograms",Yes.
train_61_c_1.nii.gz,lung,"nodules, interlobular septal thickenings, ground-glass areas, microcystic changes, pneumocystis jiroveci pneumonia, emphysematous changes",Yes.
train_61_c_1.nii.gz,lung/lung,"nodules, interlobular septal thickenings, ground-glass areas, microcystic changes, pneumocystis jiroveci pneumonia, emphysematous changes",Yes.
train_61_c_1.nii.gz,lung/lung/left lung,nodules,Yes.
train_61_c_1.nii.gz,lung/lung/left lung/left lung lower lobe,nodules,Yes.
train_61_c_1.nii.gz,lung/lung/lung lower lobe,nodules,Yes.
train_61_c_1.nii.gz,lung/lung/lung lower lobe/left lung lower lobe,nodules,Yes.
train_61_c_1.nii.gz,lung/lung/lung upper lobe,"ground-glass areas, interlobular septal thickenings, microcystic changes",Yes.
train_61_c_1.nii.gz,heart,pericardial effusion,Yes.
train_61_c_1.nii.gz,heart/heart,pericardial effusion,Yes.
train_61_c_1.nii.gz,heart/heart/heart tissue,pericardial effusion,Yes.
train_61_c_1.nii.gz,pleura,"atelectasis, pleural effusion, bilateral pleural effusion",Yes.
train_61_c_1.nii.gz,pleura/pleura,"atelectasis, pleural effusion, bilateral pleural effusion",Yes.
train_61_c_1.nii.gz,bone,"height loss, minimal height losses, metastatic lesions",Yes.
train_61_c_1.nii.gz,bone/bone,"height loss, minimal height losses, metastatic lesions",Yes.
train_61_c_1.nii.gz,bone/bone/vertebrae,"height loss, minimal height losses",Yes.
train_61_c_1.nii.gz,bone/bone/vertebrae/thoracic vertebrae,height loss,Yes.
train_61_c_1.nii.gz,bone/bone/vertebrae/thoracic vertebrae/thoracic vertebrae 12 (t12),height loss,Yes.
train_61_c_1.nii.gz,breast,short lymphadenopathy,Yes.
train_61_c_1.nii.gz,breast/breast,short lymphadenopathy,Yes.
train_61_c_1.nii.gz,breast/breast/right breast,short lymphadenopathy,Yes.
train_61_c_1.nii.gz,abdomen,"lesions, metastases, metastatic lesions, hypodense lesions",Yes.
train_61_c_1.nii.gz,abdomen/abdomen,"lesions, metastases, metastatic lesions, hypodense lesions",Yes.
train_61_c_1.nii.gz,abdomen/abdomen/abdominal tissue,metastatic lesions,Yes.
train_61_c_1.nii.gz,abdomen/abdomen/liver,"lesions, metastases, hypodense lesions",Yes.
train_129_a_1.nii.gz,lung,"mosaic attenuation pattern, chronic thromboembolism, parenchymal calcification",Yes.
train_129_a_1.nii.gz,lung/lung,"mosaic attenuation pattern, chronic thromboembolism, parenchymal calcification",Yes.
train_129_a_1.nii.gz,lung/lung/left lung,parenchymal calcification,Yes.
train_129_a_1.nii.gz,lung/lung/left lung/left lung upper lobe,parenchymal calcification,Yes.
train_129_a_1.nii.gz,lung/lung/lung lower lobe,mosaic attenuation pattern,Yes.
train_129_a_1.nii.gz,lung/lung/lung upper lobe,"mosaic attenuation pattern, parenchymal calcification",Yes.
train_129_a_1.nii.gz,lung/lung/lung upper lobe/left lung upper lobe,parenchymal calcification,Yes.
train_129_a_1.nii.gz,trachea and bronchie,hyperdense parenchyma areas,Yes.
train_129_a_1.nii.gz,trachea and bronchie/bronchie,hyperdense parenchyma areas,Yes.
train_129_a_1.nii.gz,mediastinum,several nonspecific mediastinal lymph nodes,Yes.
train_129_a_1.nii.gz,mediastinum/mediastinal tissue,several nonspecific mediastinal lymph nodes,Yes.
train_129_a_1.nii.gz,heart,"calcified atheroma plaques, aortic valve calcification, pericardial effusion",Yes.
train_129_a_1.nii.gz,heart/heart,"calcified atheroma plaques, aortic valve calcification, pericardial effusion",Yes.
train_129_a_1.nii.gz,heart/heart/heart tissue,"calcified atheroma plaques, pericardial effusion",Yes.
train_129_a_1.nii.gz,pleura,pleural effusion,Yes.
train_129_a_1.nii.gz,pleura/pleura,pleural effusion,Yes.
train_129_a_1.nii.gz,bone,"osteoporosis, degenerative changes",Yes.
train_129_a_1.nii.gz,bone/bone,"osteoporosis, degenerative changes",Yes.
train_129_a_1.nii.gz,bone/bone/vertebrae,degenerative changes,Yes.
train_129_a_1.nii.gz,abdomen,"lobulation, adenoma, nodular lesion, tortuous appearance, focal parenchymal thinning areas, chronic liver parenchymal disease, dilated",Yes.
train_129_a_1.nii.gz,abdomen/abdomen,"lobulation, adenoma, nodular lesion, tortuous appearance, focal parenchymal thinning areas, chronic liver parenchymal disease, dilated",Yes.
train_129_a_1.nii.gz,abdomen/abdomen/adrenal gland,"adenoma, nodular lesion",Yes.
train_129_a_1.nii.gz,abdomen/abdomen/adrenal gland/left adrenal gland,"adenoma, nodular lesion",Yes.
train_129_a_1.nii.gz,abdomen/abdomen/kidney,"lobulation, focal parenchymal thinning areas",Yes.
train_129_a_1.nii.gz,abdomen/abdomen/liver,"chronic liver parenchymal disease, lobulation",Yes.
train_129_a_1.nii.gz,abdomen/abdomen/portal vein and splenic vein,"tortuous appearance, dilated",Yes.
train_48_b_1.nii.gz,lung,"linear atelectesis, millimetric calcific nodules, ground glass, mosaic attenuation pattern, focal lesion, covid-19 pneumonia",Yes.
train_48_b_1.nii.gz,lung/lung,"linear atelectesis, millimetric calcific nodules, ground glass, mosaic attenuation pattern, focal lesion, covid-19 pneumonia",Yes.
train_48_b_1.nii.gz,lung/lung/left lung,millimetric calcific nodules,Yes.
train_48_b_1.nii.gz,mediastinum,atheromatous plaques,Yes.
train_48_b_1.nii.gz,mediastinum/aorta,atheromatous plaques,Yes.
train_48_b_1.nii.gz,heart,pericardial effusion,Yes.
train_48_b_1.nii.gz,heart/heart,pericardial effusion,Yes.
train_48_b_1.nii.gz,heart/heart/heart tissue,pericardial effusion,Yes.
train_48_b_1.nii.gz,esophagus,sliding type hiatal hernia,Yes.
train_48_b_1.nii.gz,esophagus/esophagus,sliding type hiatal hernia,Yes.
train_48_b_1.nii.gz,abdomen,atheromatous plaques,Yes.
train_48_b_1.nii.gz,abdomen/abdomen,atheromatous plaques,Yes.
train_48_b_1.nii.gz,abdomen/abdomen/aorta,atheromatous plaques,Yes.
train_132_a_1.nii.gz,lung,"bronchiectasis, sequelae changes, emphysematous changes, linear calcific foci",Yes.
train_132_a_1.nii.gz,lung/lung,"bronchiectasis, sequelae changes, emphysematous changes, linear calcific foci",Yes.
train_132_a_1.nii.gz,lung/lung/right lung,linear calcific foci,Yes.
train_132_a_1.nii.gz,lung/lung/right lung/right lung upper lobe,linear calcific foci,Yes.
train_132_a_1.nii.gz,lung/lung/lung upper lobe,"bronchiectasis, linear calcific foci",Yes.
train_132_a_1.nii.gz,lung/lung/lung upper lobe/right lung upper lobe,linear calcific foci,Yes.
train_132_a_1.nii.gz,heart,pericardial effusion,Yes.
train_132_a_1.nii.gz,heart/heart,pericardial effusion,Yes.
train_132_a_1.nii.gz,heart/heart/heart tissue,pericardial effusion,Yes.
train_77_a_1.nii.gz,lung,"parenchymal nodules, bilateral peribronchial thickenings",Yes.
train_77_a_1.nii.gz,lung/lung,"parenchymal nodules, bilateral peribronchial thickenings",Yes.
train_77_a_1.nii.gz,bone,expansile bone lesion,Yes.
train_77_a_1.nii.gz,bone/bone,expansile bone lesion,Yes.
train_77_a_1.nii.gz,bone/bone/rib,expansile bone lesion,Yes.
train_77_a_1.nii.gz,bone/bone/rib/right rib,expansile bone lesion,Yes.
train_77_a_1.nii.gz,bone/bone/rib/right rib/right rib 5,expansile bone lesion,Yes.
train_77_a_1.nii.gz,bone/bone/rib/rib 5,expansile bone lesion,Yes.
train_77_a_1.nii.gz,bone/bone/rib/rib 5/right rib 5,expansile bone lesion,Yes.
train_77_a_1.nii.gz,abdomen,"mild adiposity, postoperative changes",Yes.
train_77_a_1.nii.gz,abdomen/abdomen,"mild adiposity, postoperative changes",Yes.
train_77_a_1.nii.gz,abdomen/abdomen/liver,mild adiposity,Yes.
train_77_a_1.nii.gz,abdomen/abdomen/pancreas,postoperative changes,Yes.
train_121_a_1.nii.gz,lung,"interlobular septal thickening, pleuroparenchymal sequelae density increases, viral infections, emphysematous changes, ground-glass density increases",Yes.
train_121_a_1.nii.gz,lung/lung,"interlobular septal thickening, pleuroparenchymal sequelae density increases, viral infections, emphysematous changes, ground-glass density increases",Yes.
train_121_a_1.nii.gz,lung/lung/lung lower lobe,pleuroparenchymal sequelae density increases,Yes.
train_121_a_1.nii.gz,lung/lung/lung upper lobe,pleuroparenchymal sequelae density increases,Yes.
train_121_a_1.nii.gz,heart,effusion,Yes.
train_121_a_1.nii.gz,heart/heart,effusion,Yes.
train_121_a_1.nii.gz,heart/heart/heart tissue,effusion,Yes.
train_121_a_1.nii.gz,pleura,minimal effusion,Yes.
train_121_a_1.nii.gz,pleura/pleura,minimal effusion,Yes.
train_121_a_1.nii.gz,abdomen,edema-inflammation,Yes.
train_121_a_1.nii.gz,abdomen/abdomen,edema-inflammation,Yes.
train_121_a_1.nii.gz,abdomen/abdomen/abdominal tissue,edema-inflammation,Yes.
train_140_b_1.nii.gz,lung,"pneumothorax, atelectasis, focal minimal sequela fibrotic changes",Yes.
train_140_b_1.nii.gz,lung/lung,"pneumothorax, atelectasis, focal minimal sequela fibrotic changes",Yes.
train_140_b_1.nii.gz,lung/lung/right lung,"pneumothorax, atelectasis, focal minimal sequela fibrotic changes",Yes.
train_140_b_1.nii.gz,lung/lung/right lung/right lung upper lobe,focal minimal sequela fibrotic changes,Yes.
train_140_b_1.nii.gz,lung/lung/lung upper lobe,focal minimal sequela fibrotic changes,Yes.
train_140_b_1.nii.gz,lung/lung/lung upper lobe/right lung upper lobe,focal minimal sequela fibrotic changes,Yes.
train_140_b_1.nii.gz,heart,pericardial effusion,Yes.
train_140_b_1.nii.gz,heart/heart,pericardial effusion,Yes.
train_140_b_1.nii.gz,heart/heart/heart tissue,pericardial effusion,Yes.
train_140_b_1.nii.gz,breast,"diffuse thickening, increase in density, postop changes",Yes.
train_140_b_1.nii.gz,breast/breast,"diffuse thickening, increase in density, postop changes",Yes.
train_140_b_1.nii.gz,breast/breast/right breast,postop changes,Yes.
train_38_a_1.nii.gz,heart,pericardial effusion,Yes.
train_38_a_1.nii.gz,heart/heart,pericardial effusion,Yes.
train_38_a_1.nii.gz,heart/heart/heart tissue,pericardial effusion,Yes.
train_37_b_1.nii.gz,lung,"budding tree appearances, ground glass, infective pathology, minimal bronchiectasis",Yes.
train_37_b_1.nii.gz,lung/lung,"budding tree appearances, ground glass, infective pathology, minimal bronchiectasis",Yes.
train_37_b_1.nii.gz,lung/lung/right lung,"budding tree appearances, ground glass",Yes.
train_37_b_1.nii.gz,lung/lung/right lung/right lung upper lobe,"budding tree appearances, ground glass",Yes.
train_37_b_1.nii.gz,lung/lung/lung upper lobe,"budding tree appearances, ground glass",Yes.
train_37_b_1.nii.gz,lung/lung/lung upper lobe/right lung upper lobe,"budding tree appearances, ground glass",Yes.
train_37_b_1.nii.gz,mediastinum,atheromatous plaques,Yes.
train_37_b_1.nii.gz,mediastinum/aorta,atheromatous plaques,Yes.
train_37_b_1.nii.gz,abdomen,atheromatous plaques,Yes.
train_37_b_1.nii.gz,abdomen/abdomen,atheromatous plaques,Yes.
train_37_b_1.nii.gz,abdomen/abdomen/aorta,atheromatous plaques,Yes.
train_1_a_1.nii.gz,lung,"infectious process, linear atelectasis, peribronchial budding tree-like reticulonodular densities, subsegmental atelectasis, thickening of the bronchial wall, peribronchial minimal consolidation",Yes.
train_1_a_1.nii.gz,lung/lung,"infectious process, linear atelectasis, peribronchial budding tree-like reticulonodular densities, subsegmental atelectasis, thickening of the bronchial wall, peribronchial minimal consolidation",Yes.
train_1_a_1.nii.gz,lung/lung/right lung,subsegmental atelectasis,Yes.
train_1_a_1.nii.gz,lung/lung/lung lower lobe,"thickening of the bronchial wall, peribronchial budding tree-like reticulonodular densities, peribronchial minimal consolidation",Yes.
train_1_a_1.nii.gz,trachea and bronchie,"thickening of the bronchial wall, peribronchial budding tree-like reticulonodular densities",Yes.
train_1_a_1.nii.gz,trachea and bronchie/bronchie,"thickening of the bronchial wall, peribronchial budding tree-like reticulonodular densities",Yes.
train_1_a_1.nii.gz,mediastinum,calcific plaques,Yes.
train_1_a_1.nii.gz,mediastinum/aorta,calcific plaques,Yes.
train_1_a_1.nii.gz,heart,pericardial effusion,Yes.
train_1_a_1.nii.gz,heart/heart,pericardial effusion,Yes.
train_1_a_1.nii.gz,heart/heart/heart tissue,pericardial effusion,Yes.
train_1_a_1.nii.gz,bone,osteophytes,Yes.
train_1_a_1.nii.gz,bone/bone,osteophytes,Yes.
train_1_a_1.nii.gz,bone/bone/vertebrae,osteophytes,Yes.
train_1_a_1.nii.gz,bone/bone/vertebrae/thoracic vertebrae,osteophytes,Yes.
train_1_a_1.nii.gz,abdomen,"atrophic, calcific plaques",Yes.
train_1_a_1.nii.gz,abdomen/abdomen,"atrophic, calcific plaques",Yes.
train_1_a_1.nii.gz,abdomen/abdomen/aorta,calcific plaques,Yes.
train_1_a_1.nii.gz,abdomen/abdomen/kidney,atrophic,Yes.
train_1_a_1.nii.gz,abdomen/abdomen/kidney/left kidney,atrophic,Yes.
train_20_a_1.nii.gz,lung,"findings, interlobular septal thickenings, ground glass areas, described findings, enlarged vascular structures, covid-19 pneumonia",Yes.
train_20_a_1.nii.gz,lung/lung,"findings, interlobular septal thickenings, ground glass areas, described findings, enlarged vascular structures, covid-19 pneumonia",Yes.
train_20_a_1.nii.gz,lung/lung/right lung,"ground glass areas, interlobular septal thickenings, enlarged vascular structures",Yes.
train_20_a_1.nii.gz,lung/lung/right lung/right lung lower lobe,"ground glass areas, interlobular septal thickenings, enlarged vascular structures",Yes.
train_20_a_1.nii.gz,lung/lung/right lung/right lung upper lobe,"ground glass areas, interlobular septal thickenings, enlarged vascular structures",Yes.
train_20_a_1.nii.gz,lung/lung/lung lower lobe,"ground glass areas, interlobular septal thickenings, enlarged vascular structures",Yes.
train_20_a_1.nii.gz,lung/lung/lung lower lobe/right lung lower lobe,"ground glass areas, interlobular septal thickenings, enlarged vascular structures",Yes.
train_20_a_1.nii.gz,lung/lung/lung upper lobe,"ground glass areas, interlobular septal thickenings, enlarged vascular structures",Yes.
train_20_a_1.nii.gz,lung/lung/lung upper lobe/right lung upper lobe,"ground glass areas, interlobular septal thickenings, enlarged vascular structures",Yes.
train_79_b_1.nii.gz,heart,pericardial effusion,Yes.
train_79_b_1.nii.gz,heart/heart,pericardial effusion,Yes.
train_79_b_1.nii.gz,heart/heart/heart tissue,pericardial effusion,Yes.
train_57_a_1.nii.gz,lung,"atelectasis, density increases",Yes.
train_57_a_1.nii.gz,lung/lung,"atelectasis, density increases",Yes.
train_57_a_1.nii.gz,lung/lung/lung lower lobe,"atelectasis, density increases",Yes.
train_57_a_1.nii.gz,mediastinum,lymphadenopathies,Yes.
train_57_a_1.nii.gz,mediastinum/mediastinal tissue,lymphadenopathies,Yes.
train_57_a_1.nii.gz,pleura,bilateral pleural effusion,Yes.
train_57_a_1.nii.gz,pleura/pleura,bilateral pleural effusion,Yes.
train_57_a_1.nii.gz,abdomen,"mass, lymphadenopathy, heterogeneous density",Yes.
train_57_a_1.nii.gz,abdomen/abdomen,"mass, lymphadenopathy, heterogeneous density",Yes.
train_57_a_1.nii.gz,abdomen/abdomen/liver,"mass, heterogeneous density",Yes.
train_57_a_1.nii.gz,abdomen/abdomen/stomach,lymphadenopathy,Yes.
train_112_a_1.nii.gz,heart,pericardial effusion,Yes.
train_112_a_1.nii.gz,heart/heart,pericardial effusion,Yes.
train_112_a_1.nii.gz,heart/heart/heart tissue,pericardial effusion,Yes.
train_112_a_1.nii.gz,bone,hemangioma,Yes.
train_112_a_1.nii.gz,bone/bone,hemangioma,Yes.
train_112_a_1.nii.gz,bone/bone/vertebrae,hemangioma,Yes.
train_112_a_1.nii.gz,bone/bone/vertebrae/thoracic vertebrae,hemangioma,Yes.
train_112_a_1.nii.gz,bone/bone/vertebrae/thoracic vertebrae/thoracic vertebrae 8 (t8),hemangioma,Yes.
train_112_a_1.nii.gz,abdomen,"liver size, advanced fat in parenchyma density",Yes.
train_112_a_1.nii.gz,abdomen/abdomen,"liver size, advanced fat in parenchyma density",Yes.
train_112_a_1.nii.gz,abdomen/abdomen/liver,"liver size, advanced fat in parenchyma density",Yes.
train_61_a_1.nii.gz,lung,"lymphangitis carcinomatosa, findings, ground glass areas, interlobular septal thickenings, viral infections, pathologies",Yes.
train_61_a_1.nii.gz,lung/lung,"lymphangitis carcinomatosa, findings, ground glass areas, interlobular septal thickenings, viral infections, pathologies",Yes.
train_61_a_1.nii.gz,lung/lung/lung upper lobe,ground glass areas,Yes.
train_61_a_1.nii.gz,pleura,bilateral pleural effusion,Yes.
train_61_a_1.nii.gz,pleura/pleura,bilateral pleural effusion,Yes.
train_33_a_1.nii.gz,lung,"interlobular septal thickenings, ground-glass appearances, covid-19 pneumonia",Yes.
train_33_a_1.nii.gz,lung/lung,"interlobular septal thickenings, ground-glass appearances, covid-19 pneumonia",Yes.
train_33_a_1.nii.gz,lung/lung/right lung,"interlobular septal thickenings, ground-glass appearances",Yes.
train_33_a_1.nii.gz,lung/lung/lung lower lobe,"interlobular septal thickenings, ground-glass appearances",Yes.
train_33_a_1.nii.gz,lung/lung/lung upper lobe,"interlobular septal thickenings, ground-glass appearances",Yes.
train_33_a_1.nii.gz,mediastinum,atheromatous plaques,Yes.
train_33_a_1.nii.gz,mediastinum/aorta,atheromatous plaques,Yes.
train_33_a_1.nii.gz,heart,pericardial effusion,Yes.
train_33_a_1.nii.gz,heart/heart,pericardial effusion,Yes.
train_33_a_1.nii.gz,heart/heart/heart tissue,pericardial effusion,Yes.
train_33_a_1.nii.gz,abdomen,atheromatous plaques,Yes.
train_33_a_1.nii.gz,abdomen/abdomen,atheromatous plaques,Yes.
train_33_a_1.nii.gz,abdomen/abdomen/aorta,atheromatous plaques,Yes.
train_53_c_1.nii.gz,lung,"semisolid nodule, ground glass density, subsegmental-linear atelectasis, density increases",Yes.
train_53_c_1.nii.gz,lung/lung,"semisolid nodule, ground glass density, subsegmental-linear atelectasis, density increases",Yes.
train_53_c_1.nii.gz,lung/lung/right lung,semisolid nodule,Yes.
train_53_c_1.nii.gz,lung/lung/right lung/right lung upper lobe,semisolid nodule,Yes.
train_53_c_1.nii.gz,lung/lung/lung lower lobe,"ground glass density, subsegmental-linear atelectasis, density increases",Yes.
train_53_c_1.nii.gz,lung/lung/lung upper lobe,semisolid nodule,Yes.
train_53_c_1.nii.gz,lung/lung/lung upper lobe/right lung upper lobe,semisolid nodule,Yes.
train_53_c_1.nii.gz,esophagus,mixed type hiatal hernia,Yes.
train_53_c_1.nii.gz,esophagus/esophagus,mixed type hiatal hernia,Yes.
train_82_a_1.nii.gz,lung,"mosaic attenuation pattern, atelectasis areas, pleuroparenchymal sequelae density increases, nonspecific ground-glass-like density increases",Yes.
train_82_a_1.nii.gz,lung/lung,"mosaic attenuation pattern, atelectasis areas, pleuroparenchymal sequelae density increases, nonspecific ground-glass-like density increases",Yes.
train_82_a_1.nii.gz,lung/lung/left lung,nonspecific ground-glass-like density increases,Yes.
train_82_a_1.nii.gz,lung/lung/left lung/left lung upper lobe,nonspecific ground-glass-like density increases,Yes.
train_82_a_1.nii.gz,lung/lung/right lung,"pleuroparenchymal sequelae density increases, atelectasis areas, nonspecific ground-glass-like density increases",Yes.
train_82_a_1.nii.gz,lung/lung/right lung/right lung lower lobe,nonspecific ground-glass-like density increases,Yes.
train_82_a_1.nii.gz,lung/lung/lung lower lobe,"atelectasis areas, nonspecific ground-glass-like density increases",Yes.
train_82_a_1.nii.gz,lung/lung/lung lower lobe/right lung lower lobe,nonspecific ground-glass-like density increases,Yes.
train_82_a_1.nii.gz,lung/lung/lung upper lobe,nonspecific ground-glass-like density increases,Yes.
train_82_a_1.nii.gz,lung/lung/lung upper lobe/left lung upper lobe,nonspecific ground-glass-like density increases,Yes.
train_82_a_1.nii.gz,trachea and bronchie,bilateral peribronchial thickenings,Yes.
train_82_a_1.nii.gz,trachea and bronchie/bronchie,bilateral peribronchial thickenings,Yes.
train_82_a_1.nii.gz,mediastinum,"calcified atherosclerotic changes, mild dilatation",Yes.
train_82_a_1.nii.gz,mediastinum/aorta,calcified atherosclerotic changes,Yes.
train_82_a_1.nii.gz,mediastinum/pulmonary artery,mild dilatation,Yes.
train_82_a_1.nii.gz,pleura,bilateral minimal pleural effusion,Yes.
train_82_a_1.nii.gz,pleura/pleura,bilateral minimal pleural effusion,Yes.
train_82_a_1.nii.gz,bone,"fusion, degenerative changes",Yes.
train_82_a_1.nii.gz,bone/bone,"fusion, degenerative changes",Yes.
train_82_a_1.nii.gz,bone/bone/vertebrae,fusion,Yes.
train_82_a_1.nii.gz,bone/bone/vertebrae/thoracic vertebrae,fusion,Yes.
train_82_a_1.nii.gz,abdomen,"calcified atherosclerotic changes, minimal calculus, density increases",Yes.
train_82_a_1.nii.gz,abdomen/abdomen,"calcified atherosclerotic changes, minimal calculus, density increases",Yes.
train_82_a_1.nii.gz,abdomen/abdomen/aorta,calcified atherosclerotic changes,Yes.
train_82_a_1.nii.gz,abdomen/abdomen/gallbladder,"minimal calculus, density increases",Yes.
train_59_a_1.nii.gz,lung,nodule,Yes.
train_59_a_1.nii.gz,lung/lung,nodule,Yes.
train_59_a_1.nii.gz,lung/lung/left lung,nodule,Yes.
train_59_a_1.nii.gz,lung/lung/left lung/left lung upper lobe,nodule,Yes.
train_59_a_1.nii.gz,lung/lung/lung upper lobe,nodule,Yes.
train_59_a_1.nii.gz,lung/lung/lung upper lobe/left lung upper lobe,nodule,Yes.
train_60_b_1.nii.gz,lung,"fungal infections, nodule, atypical viral pneumonias, ground glass areas, centriacinar nodular infiltration areas, ground-glass halo, 1 cm diameter nodule",Yes.
train_60_b_1.nii.gz,lung/lung,"fungal infections, nodule, atypical viral pneumonias, ground glass areas, centriacinar nodular infiltration areas, ground-glass halo, 1 cm diameter nodule",Yes.
train_60_b_1.nii.gz,lung/lung/left lung,"nodule, ground glass areas, centriacinar nodular infiltration areas, ground-glass halo, 1 cm diameter nodule",Yes.
train_60_b_1.nii.gz,lung/lung/left lung/left lung lower lobe,"1 cm diameter nodule, nodule, ground-glass halo",Yes.
train_60_b_1.nii.gz,lung/lung/left lung/left lung upper lobe,"ground glass areas, centriacinar nodular infiltration areas",Yes.
train_60_b_1.nii.gz,lung/lung/right lung,"ground glass areas, centriacinar nodular infiltration areas",Yes.
train_60_b_1.nii.gz,lung/lung/right lung/right lung upper lobe,"ground glass areas, centriacinar nodular infiltration areas",Yes.
train_60_b_1.nii.gz,lung/lung/lung lower lobe,"nodule, ground glass areas, centriacinar nodular infiltration areas, ground-glass halo, 1 cm diameter nodule",Yes.
train_60_b_1.nii.gz,lung/lung/lung lower lobe/left lung lower lobe,"1 cm diameter nodule, nodule, ground-glass halo",Yes.
train_60_b_1.nii.gz,lung/lung/lung upper lobe,"ground glass areas, centriacinar nodular infiltration areas",Yes.
train_60_b_1.nii.gz,lung/lung/lung upper lobe/left lung upper lobe,"ground glass areas, centriacinar nodular infiltration areas",Yes.
train_60_b_1.nii.gz,lung/lung/lung upper lobe/right lung upper lobe,"ground glass areas, centriacinar nodular infiltration areas",Yes.
train_60_b_1.nii.gz,mediastinum,"calcific atheroma plaques, lymph node",Yes.
train_60_b_1.nii.gz,mediastinum/aorta,calcific atheroma plaques,Yes.
train_60_b_1.nii.gz,mediastinum/mediastinal tissue,lymph node,Yes.
train_60_b_1.nii.gz,bone,"diffuse lytic bone lesions, compression fractures, multiple myeloma involvement",Yes.
train_60_b_1.nii.gz,bone/bone,"diffuse lytic bone lesions, compression fractures, multiple myeloma involvement",Yes.
train_60_b_1.nii.gz,bone/bone/vertebrae,compression fractures,Yes.
train_60_b_1.nii.gz,bone/bone/vertebrae/thoracic vertebrae,compression fractures,Yes.
train_60_b_1.nii.gz,bone/bone/vertebrae/thoracic vertebrae/thoracic vertebrae 5 (t5),compression fractures,Yes.
train_60_b_1.nii.gz,abdomen,calcific atheroma plaques,Yes.
train_60_b_1.nii.gz,abdomen/abdomen,calcific atheroma plaques,Yes.
train_60_b_1.nii.gz,abdomen/abdomen/aorta,calcific atheroma plaques,Yes.
train_30_a_1.nii.gz,lung,"nodule, consolidation areas, right lower lobe lobar pneumonia, air bronchograms, consolidative parenchyma area, pleuroparenchymal sequelae changes, covid pneumonia, 3 mm diameter nodule",Yes.
train_30_a_1.nii.gz,lung/lung,"nodule, consolidation areas, right lower lobe lobar pneumonia, air bronchograms, consolidative parenchyma area, pleuroparenchymal sequelae changes, covid pneumonia, 3 mm diameter nodule",Yes.
train_30_a_1.nii.gz,lung/lung/right lung,"nodule, right lower lobe lobar pneumonia, air bronchograms, consolidative parenchyma area, pleuroparenchymal sequelae changes, 3 mm diameter nodule",Yes.
train_30_a_1.nii.gz,lung/lung/right lung/right lung lower lobe,"right lower lobe lobar pneumonia, air bronchograms, consolidative parenchyma area",Yes.
train_30_a_1.nii.gz,lung/lung/right lung/right lung upper lobe,"nodule, 3 mm diameter nodule",Yes.
train_30_a_1.nii.gz,lung/lung/lung lower lobe,"right lower lobe lobar pneumonia, air bronchograms, consolidative parenchyma area",Yes.
train_30_a_1.nii.gz,lung/lung/lung lower lobe/right lung lower lobe,"right lower lobe lobar pneumonia, air bronchograms, consolidative parenchyma area",Yes.
train_30_a_1.nii.gz,lung/lung/lung upper lobe,"nodule, 3 mm diameter nodule",Yes.
train_30_a_1.nii.gz,lung/lung/lung upper lobe/right lung upper lobe,"nodule, 3 mm diameter nodule",Yes.
train_30_a_1.nii.gz,heart,pericardial effusion,Yes.
train_30_a_1.nii.gz,heart/heart,pericardial effusion,Yes.
train_30_a_1.nii.gz,heart/heart/heart tissue,pericardial effusion,Yes.
train_30_a_1.nii.gz,bone,minimal degenerative changes,Yes.
train_30_a_1.nii.gz,bone/bone,minimal degenerative changes,Yes.
train_30_a_1.nii.gz,abdomen,"decrease in density consistent with steatosis, nodular densities",Yes.
train_30_a_1.nii.gz,abdomen/abdomen,"decrease in density consistent with steatosis, nodular densities",Yes.
train_30_a_1.nii.gz,abdomen/abdomen/liver,decrease in density consistent with steatosis,Yes.
train_30_a_1.nii.gz,abdomen/abdomen/spleen,nodular densities,Yes.
train_106_a_1.nii.gz,lung,mild atelectatic changes,Yes.
train_106_a_1.nii.gz,lung/lung,mild atelectatic changes,Yes.
train_106_a_1.nii.gz,lung/lung/left lung,mild atelectatic changes,Yes.
train_106_a_1.nii.gz,lung/lung/left lung/left lung upper lobe,mild atelectatic changes,Yes.
train_106_a_1.nii.gz,lung/lung/lung upper lobe,mild atelectatic changes,Yes.
train_106_a_1.nii.gz,lung/lung/lung upper lobe/left lung upper lobe,mild atelectatic changes,Yes.
train_106_a_1.nii.gz,heart,pericardial effusion,Yes.
train_106_a_1.nii.gz,heart/heart,pericardial effusion,Yes.
train_106_a_1.nii.gz,heart/heart/heart tissue,pericardial effusion,Yes.
train_46_b_1.nii.gz,lung,millimetric nodules,Yes.
train_46_b_1.nii.gz,lung/lung,millimetric nodules,Yes.
train_46_b_1.nii.gz,heart,pericardial effusion,Yes.
train_46_b_1.nii.gz,heart/heart,pericardial effusion,Yes.
train_46_b_1.nii.gz,heart/heart/heart tissue,pericardial effusion,Yes.
train_46_b_1.nii.gz,pleura,"atelectasis, pleural effusion, bilateral minimal pleural effusion",Yes.
train_46_b_1.nii.gz,pleura/pleura,"atelectasis, pleural effusion, bilateral minimal pleural effusion",Yes.
train_46_b_1.nii.gz,abdomen,edema,Yes.
train_46_b_1.nii.gz,abdomen/abdomen,edema,Yes.
train_46_b_1.nii.gz,abdomen/abdomen/liver,edema,Yes.
train_46_b_1.nii.gz,abdomen/abdomen/liver/liver vessel,edema,Yes.
train_12_a_1.nii.gz,lung,"pleuroparenchymal fibroatelectatic sequelae changes, emphysematous changes",Yes.
train_12_a_1.nii.gz,lung/lung,"pleuroparenchymal fibroatelectatic sequelae changes, emphysematous changes",Yes.
train_12_a_1.nii.gz,lung/lung/left lung,pleuroparenchymal fibroatelectatic sequelae changes,Yes.
train_12_a_1.nii.gz,lung/lung/left lung/left lung upper lobe,pleuroparenchymal fibroatelectatic sequelae changes,Yes.
train_12_a_1.nii.gz,lung/lung/right lung,pleuroparenchymal fibroatelectatic sequelae changes,Yes.
train_12_a_1.nii.gz,lung/lung/right lung/right lung lower lobe,pleuroparenchymal fibroatelectatic sequelae changes,Yes.
train_12_a_1.nii.gz,lung/lung/lung lower lobe,pleuroparenchymal fibroatelectatic sequelae changes,Yes.
train_12_a_1.nii.gz,lung/lung/lung lower lobe/right lung lower lobe,pleuroparenchymal fibroatelectatic sequelae changes,Yes.
train_12_a_1.nii.gz,lung/lung/lung upper lobe,pleuroparenchymal fibroatelectatic sequelae changes,Yes.
train_12_a_1.nii.gz,lung/lung/lung upper lobe/left lung upper lobe,pleuroparenchymal fibroatelectatic sequelae changes,Yes.
train_12_a_1.nii.gz,mediastinum,calcific atheroma plaques,Yes.
train_12_a_1.nii.gz,mediastinum/aorta,calcific atheroma plaques,Yes.
train_12_a_1.nii.gz,heart,"pericardial effusion, above normal",Yes.
train_12_a_1.nii.gz,heart/heart,"pericardial effusion, above normal",Yes.
train_12_a_1.nii.gz,heart/heart/heart ascending aorta,above normal,Yes.
train_12_a_1.nii.gz,heart/heart/heart tissue,pericardial effusion,Yes.
train_12_a_1.nii.gz,abdomen,calcific atheroma plaques,Yes.
train_12_a_1.nii.gz,abdomen/abdomen,calcific atheroma plaques,Yes.
train_12_a_1.nii.gz,abdomen/abdomen/aorta,calcific atheroma plaques,Yes.
train_49_a_1.nii.gz,lung,"sequel, emphysematous, traction bronchiectasis, tubular bronchiectasis, structural distortion, atelectasis change",Yes.
train_49_a_1.nii.gz,lung/lung,"sequel, emphysematous, traction bronchiectasis, tubular bronchiectasis, structural distortion, atelectasis change",Yes.
train_49_a_1.nii.gz,lung/lung/right lung,"structural distortion, atelectasis change, traction bronchiectasis",Yes.
train_49_a_1.nii.gz,lung/lung/right lung/right lung upper lobe,"structural distortion, atelectasis change, traction bronchiectasis",Yes.
train_49_a_1.nii.gz,lung/lung/lung upper lobe,"structural distortion, atelectasis change, traction bronchiectasis",Yes.
train_49_a_1.nii.gz,lung/lung/lung upper lobe/right lung upper lobe,"structural distortion, atelectasis change, traction bronchiectasis",Yes.
train_49_a_1.nii.gz,heart,pericardial effusion,Yes.
train_49_a_1.nii.gz,heart/heart,pericardial effusion,Yes.
train_49_a_1.nii.gz,heart/heart/heart tissue,pericardial effusion,Yes.
train_49_a_1.nii.gz,thyroid,hypodense nodule,Yes.
train_49_a_1.nii.gz,thyroid/thyroid,hypodense nodule,Yes.
train_49_a_1.nii.gz,abdomen,"liver parenchyma density, fatty deposits",Yes.
train_49_a_1.nii.gz,abdomen/abdomen,"liver parenchyma density, fatty deposits",Yes.
train_49_a_1.nii.gz,abdomen/abdomen/liver,"liver parenchyma density, fatty deposits",Yes.
train_105_a_1.nii.gz,lung,"linear linear density increase, alveolar hemorrhage",Yes.
train_105_a_1.nii.gz,lung/lung,"linear linear density increase, alveolar hemorrhage",Yes.
train_105_a_1.nii.gz,lung/lung/right lung,linear linear density increase,Yes.
train_105_a_1.nii.gz,lung/lung/right lung/right lung upper lobe,linear linear density increase,Yes.
train_105_a_1.nii.gz,lung/lung/lung lower lobe,linear linear density increase,Yes.
train_105_a_1.nii.gz,lung/lung/lung upper lobe,linear linear density increase,Yes.
train_105_a_1.nii.gz,lung/lung/lung upper lobe/right lung upper lobe,linear linear density increase,Yes.
train_105_a_1.nii.gz,heart,pericardial effusion,Yes.
train_105_a_1.nii.gz,heart/heart,pericardial effusion,Yes.
train_105_a_1.nii.gz,heart/heart/heart tissue,pericardial effusion,Yes.
train_105_a_1.nii.gz,pleura,subpleural hemorrhage area,Yes.
train_105_a_1.nii.gz,pleura/pleura,subpleural hemorrhage area,Yes.
train_105_a_1.nii.gz,abdomen,moderate hepatosteatosis,Yes.
train_105_a_1.nii.gz,abdomen/abdomen,moderate hepatosteatosis,Yes.
train_105_a_1.nii.gz,abdomen/abdomen/liver,moderate hepatosteatosis,Yes.
train_107_b_1.nii.gz,lung,"primary disease, fungal infection, consolidation, pneumonic infiltration, ground-glass appearance, manifestations, air bronchograms, round-shaped consolidations, consolidations, specific infection, ground-glass appearances, nodule-like consolidations",Yes.
train_107_b_1.nii.gz,lung/lung,"primary disease, fungal infection, consolidation, pneumonic infiltration, ground-glass appearance, manifestations, air bronchograms, round-shaped consolidations, consolidations, specific infection, ground-glass appearances, nodule-like consolidations",Yes.
train_107_b_1.nii.gz,lung/lung/right lung,"consolidation, air bronchograms, ground-glass appearances",Yes.
train_107_b_1.nii.gz,lung/lung/right lung/right lung lower lobe,"consolidation, air bronchograms, ground-glass appearances",Yes.
train_107_b_1.nii.gz,lung/lung/lung lower lobe,"consolidation, air bronchograms, ground-glass appearances",Yes.
train_107_b_1.nii.gz,lung/lung/lung lower lobe/right lung lower lobe,"consolidation, air bronchograms, ground-glass appearances",Yes.
train_144_a_1.nii.gz,lung,mosaic attenuation pattern,Yes.
train_144_a_1.nii.gz,lung/lung,mosaic attenuation pattern,Yes.
train_66_a_1.nii.gz,lung,"sequelae fibrotic densities, pulmonary nodule, linear atelectasis, mosaic attenuation pattern, emphysematous changes",Yes.
train_66_a_1.nii.gz,lung/lung,"sequelae fibrotic densities, pulmonary nodule, linear atelectasis, mosaic attenuation pattern, emphysematous changes",Yes.
train_66_a_1.nii.gz,lung/lung/left lung,"pulmonary nodule, linear atelectasis",Yes.
train_66_a_1.nii.gz,lung/lung/left lung/left lung lower lobe,pulmonary nodule,Yes.
train_66_a_1.nii.gz,lung/lung/right lung,pulmonary nodule,Yes.
train_66_a_1.nii.gz,lung/lung/right lung/right lung upper lobe,pulmonary nodule,Yes.
train_66_a_1.nii.gz,lung/lung/lung lower lobe,pulmonary nodule,Yes.
train_66_a_1.nii.gz,lung/lung/lung lower lobe/left lung lower lobe,pulmonary nodule,Yes.
train_66_a_1.nii.gz,lung/lung/lung upper lobe,pulmonary nodule,Yes.
train_66_a_1.nii.gz,lung/lung/lung upper lobe/right lung upper lobe,pulmonary nodule,Yes.
train_66_a_1.nii.gz,mediastinum,"calcific atheromatous plaques, lymph nodes with a short axis of approximately 10 mm, some with round borders",Yes.
train_66_a_1.nii.gz,mediastinum/aorta,calcific atheromatous plaques,Yes.
train_66_a_1.nii.gz,mediastinum/mediastinal tissue,"lymph nodes with a short axis of approximately 10 mm, some with round borders",Yes.
train_66_a_1.nii.gz,heart,pericardial effusion,Yes.
train_66_a_1.nii.gz,heart/heart,pericardial effusion,Yes.
train_66_a_1.nii.gz,heart/heart/heart tissue,pericardial effusion,Yes.
train_66_a_1.nii.gz,pleura,"bronchiectasis, sequela fibrotic densities",Yes.
train_66_a_1.nii.gz,pleura/pleura,"bronchiectasis, sequela fibrotic densities",Yes.
train_66_a_1.nii.gz,abdomen,calcific atheromatous plaques,Yes.
train_66_a_1.nii.gz,abdomen/abdomen,calcific atheromatous plaques,Yes.
train_66_a_1.nii.gz,abdomen/abdomen/aorta,calcific atheromatous plaques,Yes.
train_62_a_1.nii.gz,heart,pericardial effusion,Yes.
train_62_a_1.nii.gz,heart/heart,pericardial effusion,Yes.
train_62_a_1.nii.gz,heart/heart/heart tissue,pericardial effusion,Yes.
train_60_c_1.nii.gz,lung,"consolidation areas, peripheral ground glass density increases, atypical viral pneumonia, fungal infection",Yes.
train_60_c_1.nii.gz,lung/lung,"consolidation areas, peripheral ground glass density increases, atypical viral pneumonia, fungal infection",Yes.
train_60_c_1.nii.gz,mediastinum,lymph node,Yes.
train_60_c_1.nii.gz,mediastinum/mediastinal tissue,lymph node,Yes.
train_60_c_1.nii.gz,bone,loss of height,Yes.
train_60_c_1.nii.gz,bone/bone,loss of height,Yes.
train_60_c_1.nii.gz,bone/bone/vertebrae,loss of height,Yes.
train_60_c_1.nii.gz,bone/bone/vertebrae/thoracic vertebrae,loss of height,Yes.
train_60_c_1.nii.gz,bone/bone/vertebrae/thoracic vertebrae/thoracic vertebrae 5 (t5),loss of height,Yes.
train_45_a_1.nii.gz,lung,"consolidation, pneumonic infiltration, air bronchograms, area of increase in density, emphysematous changes",Yes.
train_45_a_1.nii.gz,lung/lung,"consolidation, pneumonic infiltration, air bronchograms, area of increase in density, emphysematous changes",Yes.
train_45_a_1.nii.gz,lung/lung/right lung,"consolidation, air bronchograms, area of increase in density",Yes.
train_45_a_1.nii.gz,lung/lung/right lung/right lung middle lobe,"consolidation, air bronchograms, area of increase in density",Yes.
train_45_a_1.nii.gz,lung/lung/lung lower lobe,"consolidation, air bronchograms, area of increase in density",Yes.
train_45_a_1.nii.gz,mediastinum,calcified atheromatous plaques,Yes.
train_45_a_1.nii.gz,mediastinum/aorta,calcified atheromatous plaques,Yes.
train_45_a_1.nii.gz,heart,pericardial effusion,Yes.
train_45_a_1.nii.gz,heart/heart,pericardial effusion,Yes.
train_45_a_1.nii.gz,heart/heart/heart tissue,pericardial effusion,Yes.
train_45_a_1.nii.gz,esophagus,"air-fluid densities, lower end pathologies",Yes.
train_45_a_1.nii.gz,esophagus/esophagus,"air-fluid densities, lower end pathologies",Yes.
train_45_a_1.nii.gz,pleura,effusion,Yes.
train_45_a_1.nii.gz,pleura/pleura,effusion,Yes.
train_45_a_1.nii.gz,bone,degenerative changes,Yes.
train_45_a_1.nii.gz,bone/bone,degenerative changes,Yes.
train_45_a_1.nii.gz,abdomen,calcified atheromatous plaques,Yes.
train_45_a_1.nii.gz,abdomen/abdomen,calcified atheromatous plaques,Yes.
train_45_a_1.nii.gz,abdomen/abdomen/aorta,calcified atheromatous plaques,Yes.
train_8_a_1.nii.gz,lung,"pulmonary nodules, sequelae change, interseptal thickness increases, effusion, fibrotic densities",Yes.
train_8_a_1.nii.gz,lung/lung,"pulmonary nodules, sequelae change, interseptal thickness increases, effusion, fibrotic densities",Yes.
train_8_a_1.nii.gz,lung/lung/left lung,"interseptal thickness increases, fibrotic densities, sequelae change",Yes.
train_8_a_1.nii.gz,lung/lung/left lung/left lung upper lobe,"interseptal thickness increases, fibrotic densities, sequelae change",Yes.
train_8_a_1.nii.gz,lung/lung/right lung,"interseptal thickness increases, fibrotic densities, pulmonary nodules, sequelae change",Yes.
train_8_a_1.nii.gz,lung/lung/right lung/right lung upper lobe,"interseptal thickness increases, fibrotic densities, pulmonary nodules, sequelae change",Yes.
train_8_a_1.nii.gz,lung/lung/lung upper lobe,"pulmonary nodules, interseptal thickness increases, fibrotic densities, sequelae change",Yes.
train_8_a_1.nii.gz,lung/lung/lung upper lobe/left lung upper lobe,"interseptal thickness increases, fibrotic densities, sequelae change",Yes.
train_8_a_1.nii.gz,lung/lung/lung upper lobe/right lung upper lobe,"interseptal thickness increases, fibrotic densities, pulmonary nodules, sequelae change",Yes.
train_8_a_1.nii.gz,mediastinum,"Several lymph nodes with a short axis of 9 mm, calcific plaques",Yes.
train_8_a_1.nii.gz,mediastinum/aorta,calcific plaques,Yes.
train_8_a_1.nii.gz,mediastinum/mediastinal tissue,Several lymph nodes with a short axis of 9 mm,Yes.
train_8_a_1.nii.gz,heart,"sizes increased, pericardial effusion",Yes.
train_8_a_1.nii.gz,heart/heart,"sizes increased, pericardial effusion",Yes.
train_8_a_1.nii.gz,pleura,"atelectasis, pleural effusion",Yes.
train_8_a_1.nii.gz,pleura/pleura,"atelectasis, pleural effusion",Yes.
train_8_a_1.nii.gz,abdomen,calcific plaques,Yes.
train_8_a_1.nii.gz,abdomen/abdomen,calcific plaques,Yes.
train_8_a_1.nii.gz,abdomen/abdomen/aorta,calcific plaques,Yes.
train_60_a_1.nii.gz,lung,millimetric nonspecific nodule,Yes.
train_60_a_1.nii.gz,lung/lung,millimetric nonspecific nodule,Yes.
train_60_a_1.nii.gz,lung/lung/left lung,millimetric nonspecific nodule,Yes.
train_60_a_1.nii.gz,lung/lung/left lung/left lung lower lobe,millimetric nonspecific nodule,Yes.
train_60_a_1.nii.gz,lung/lung/lung lower lobe,millimetric nonspecific nodule,Yes.
train_60_a_1.nii.gz,lung/lung/lung lower lobe/left lung lower lobe,millimetric nonspecific nodule,Yes.
train_60_a_1.nii.gz,mediastinum,"calcific atheroma plaques, lymph node",Yes.
train_60_a_1.nii.gz,mediastinum/aorta,calcific atheroma plaques,Yes.
train_60_a_1.nii.gz,mediastinum/mediastinal tissue,lymph node,Yes.
train_60_a_1.nii.gz,heart,pericardial effusion,Yes.
train_60_a_1.nii.gz,heart/heart,pericardial effusion,Yes.
train_60_a_1.nii.gz,heart/heart/heart tissue,pericardial effusion,Yes.
train_60_a_1.nii.gz,bone,"compression fractures, lytic lesions",Yes.
train_60_a_1.nii.gz,bone/bone,"compression fractures, lytic lesions",Yes.
train_60_a_1.nii.gz,bone/bone/vertebrae,"compression fractures, lytic lesions",Yes.
train_60_a_1.nii.gz,bone/bone/vertebrae/thoracic vertebrae,compression fractures,Yes.
train_60_a_1.nii.gz,bone/bone/vertebrae/thoracic vertebrae/thoracic vertebrae 5 (t5),compression fractures,Yes.
train_60_a_1.nii.gz,bone/bone/vertebrae/thoracic vertebrae/thoracic vertebrae 9 (t9),compression fractures,Yes.
train_60_a_1.nii.gz,bone/bone/vertebrae/lumbar vertebrae,compression fractures,Yes.
train_60_a_1.nii.gz,bone/bone/vertebrae/lumbar vertebrae/lumbar vertebrae 1 (l1),compression fractures,Yes.
train_60_a_1.nii.gz,abdomen,calcific atheroma plaques,Yes.
train_60_a_1.nii.gz,abdomen/abdomen,calcific atheroma plaques,Yes.
train_60_a_1.nii.gz,abdomen/abdomen/aorta,calcific atheroma plaques,Yes.
train_119_a_1.nii.gz,lung,"pulmonary parenchymal nodules, nodule, pneumonic infiltration, lymphangitic spread, mass, thin-walled air cyst, air cyst",Yes.
train_119_a_1.nii.gz,lung/lung,"pulmonary parenchymal nodules, nodule, pneumonic infiltration, lymphangitic spread, mass, thin-walled air cyst, air cyst",Yes.
train_119_a_1.nii.gz,lung/lung/left lung,pulmonary parenchymal nodules,Yes.
train_119_a_1.nii.gz,lung/lung/left lung/left lung upper lobe,pulmonary parenchymal nodules,Yes.
train_119_a_1.nii.gz,lung/lung/right lung,"nodule, pneumonic infiltration, lymphangitic spread, mass, thin-walled air cyst, air cyst",Yes.
train_119_a_1.nii.gz,lung/lung/right lung/right lung upper lobe,mass,Yes.
train_119_a_1.nii.gz,lung/lung/lung upper lobe,"pulmonary parenchymal nodules, mass",Yes.
train_119_a_1.nii.gz,lung/lung/lung upper lobe/left lung upper lobe,pulmonary parenchymal nodules,Yes.
train_119_a_1.nii.gz,lung/lung/lung upper lobe/right lung upper lobe,mass,Yes.
train_119_a_1.nii.gz,mediastinum,"Subcarinal conglomerated lymph nodes whose borders could not be clearly evaluated, calcific atheromatous plaques, mass",Yes.
train_119_a_1.nii.gz,mediastinum/aorta,calcific atheromatous plaques,Yes.
train_119_a_1.nii.gz,mediastinum/mediastinal tissue,"Subcarinal conglomerated lymph nodes whose borders could not be clearly evaluated, mass",Yes.
train_119_a_1.nii.gz,pleura,pleural effusion,Yes.
train_119_a_1.nii.gz,pleura/pleura,pleural effusion,Yes.
train_119_a_1.nii.gz,abdomen,calcific atheromatous plaques,Yes.
train_119_a_1.nii.gz,abdomen/abdomen,calcific atheromatous plaques,Yes.
train_119_a_1.nii.gz,abdomen/abdomen/aorta,calcific atheromatous plaques,Yes.
train_67_a_1.nii.gz,lung,"infectious porces, ground glass densities",Yes.
train_67_a_1.nii.gz,lung/lung,"infectious porces, ground glass densities",Yes.
train_67_a_1.nii.gz,heart,pericardial effusion,Yes.
train_67_a_1.nii.gz,heart/heart,pericardial effusion,Yes.
train_67_a_1.nii.gz,heart/heart/heart tissue,pericardial effusion,Yes.
train_37_a_1.nii.gz,lung,"bud tree appearances, atelectasis changes, infective, consolidations, centracinar parenchymal nodules",Yes.
train_37_a_1.nii.gz,lung/lung,"bud tree appearances, atelectasis changes, infective, consolidations, centracinar parenchymal nodules",Yes.
train_37_a_1.nii.gz,lung/lung/left lung,"bud tree appearances, consolidations, atelectasis changes, centracinar parenchymal nodules",Yes.
train_37_a_1.nii.gz,lung/lung/left lung/left lung lower lobe,"bud tree appearances, consolidations, atelectasis changes",Yes.
train_37_a_1.nii.gz,lung/lung/left lung/left lung upper lobe,centracinar parenchymal nodules,Yes.
train_37_a_1.nii.gz,lung/lung/lung lower lobe,"bud tree appearances, consolidations, atelectasis changes",Yes.
train_37_a_1.nii.gz,lung/lung/lung lower lobe/left lung lower lobe,"bud tree appearances, consolidations, atelectasis changes",Yes.
train_37_a_1.nii.gz,lung/lung/lung upper lobe,centracinar parenchymal nodules,Yes.
train_37_a_1.nii.gz,lung/lung/lung upper lobe/left lung upper lobe,centracinar parenchymal nodules,Yes.
train_37_a_1.nii.gz,heart,calcifications,Yes.
train_37_a_1.nii.gz,heart/heart,calcifications,Yes.
train_37_a_1.nii.gz,heart/heart/heart tissue,calcifications,Yes.
train_39_b_1.nii.gz,lung,"nonspecific nodule, a nonspecific nodule with a diameter of 2 mm",Yes.
train_39_b_1.nii.gz,lung/lung,"nonspecific nodule, a nonspecific nodule with a diameter of 2 mm",Yes.
train_39_b_1.nii.gz,lung/lung/right lung,"nonspecific nodule, a nonspecific nodule with a diameter of 2 mm",Yes.
train_39_b_1.nii.gz,heart,cardiothoracic index,Yes.
train_39_b_1.nii.gz,heart/heart,cardiothoracic index,Yes.
train_52_b_1.nii.gz,lung,"space-occupying nodular lesions, fluid loculated, carcinomatous process",Yes.
train_52_b_1.nii.gz,lung/lung,"space-occupying nodular lesions, fluid loculated, carcinomatous process",Yes.
train_52_b_1.nii.gz,lung/lung/right lung,space-occupying nodular lesions,Yes.
train_52_b_1.nii.gz,trachea and bronchie,"plunging nodule, motion artifacts",Yes.
train_52_b_1.nii.gz,trachea and bronchie/trachea,"plunging nodule, motion artifacts",Yes.
train_52_b_1.nii.gz,mediastinum,plunging nodule,Yes.
train_52_b_1.nii.gz,mediastinum/mediastinal tissue,plunging nodule,Yes.
train_52_b_1.nii.gz,heart,cardiothoracic index,Yes.
train_52_b_1.nii.gz,heart/heart,cardiothoracic index,Yes.
train_52_b_1.nii.gz,thyroid,hypertrophic,Yes.
train_52_b_1.nii.gz,thyroid/thyroid,hypertrophic,Yes.
train_52_b_1.nii.gz,abdomen,"fluid attenuation, cyst",Yes.
train_52_b_1.nii.gz,abdomen/abdomen,"fluid attenuation, cyst",Yes.
train_52_b_1.nii.gz,abdomen/abdomen/abdominal tissue,"fluid attenuation, cyst",Yes.
train_35_a_1.nii.gz,lung,"millimetric calcific focus, calcific focus",Yes.
train_35_a_1.nii.gz,lung/lung,"millimetric calcific focus, calcific focus",Yes.
train_35_a_1.nii.gz,lung/lung/right lung,"millimetric calcific focus, calcific focus",Yes.
train_35_a_1.nii.gz,lung/lung/right lung/right lung upper lobe,"millimetric calcific focus, calcific focus",Yes.
train_35_a_1.nii.gz,lung/lung/lung upper lobe,"millimetric calcific focus, calcific focus",Yes.
train_35_a_1.nii.gz,lung/lung/lung upper lobe/right lung upper lobe,"millimetric calcific focus, calcific focus",Yes.
train_35_a_1.nii.gz,bone,"bone islet, hemangiomatous appearance, grade i spondylolisthesis, millimetric bone islet, hypertrophic osteophytic taperings, milimetric cystic schmorl nodule",Yes.
train_35_a_1.nii.gz,bone/bone,"bone islet, hemangiomatous appearance, grade i spondylolisthesis, millimetric bone islet, hypertrophic osteophytic taperings, milimetric cystic schmorl nodule",Yes.
train_35_a_1.nii.gz,bone/bone/vertebrae,"bone islet, hemangiomatous appearance, grade i spondylolisthesis, millimetric bone islet, hypertrophic osteophytic taperings, milimetric cystic schmorl nodule",Yes.
train_35_a_1.nii.gz,bone/bone/vertebrae/thoracic vertebrae,hemangiomatous appearance,Yes.
train_35_a_1.nii.gz,bone/bone/vertebrae/thoracic vertebrae/thoracic vertebrae 9 (t9),hemangiomatous appearance,Yes.
train_35_a_1.nii.gz,bone/bone/vertebrae/lumbar vertebrae,"bone islet, hemangiomatous appearance, grade i spondylolisthesis, millimetric bone islet, milimetric cystic schmorl nodule",Yes.
train_35_a_1.nii.gz,bone/bone/vertebrae/lumbar vertebrae/lumbar vertebrae 1 (l1),hemangiomatous appearance,Yes.
train_35_a_1.nii.gz,bone/bone/vertebrae/lumbar vertebrae/lumbar vertebrae 2 (l2),"millimetric bone islet, bone islet",Yes.
train_35_a_1.nii.gz,bone/bone/vertebrae/lumbar vertebrae/lumbar vertebrae 4 (l4),grade i spondylolisthesis,Yes.
train_35_a_1.nii.gz,bone/bone/vertebrae/lumbar vertebrae/lumbar vertebrae 5 (l5),"milimetric cystic schmorl nodule, grade i spondylolisthesis",Yes.
train_35_a_1.nii.gz,abdomen,"dilatation of the intrahepatic bile ducts, lymph node, obstructive stone",Yes.
train_35_a_1.nii.gz,abdomen/abdomen,"dilatation of the intrahepatic bile ducts, lymph node, obstructive stone",Yes.
train_35_a_1.nii.gz,abdomen/abdomen/abdominal tissue,lymph node,Yes.
train_35_a_1.nii.gz,abdomen/abdomen/gallbladder,obstructive stone,Yes.
train_35_a_1.nii.gz,abdomen/abdomen/liver,dilatation of the intrahepatic bile ducts,Yes.
train_35_a_1.nii.gz,abdomen/abdomen/liver/liver vessel,dilatation of the intrahepatic bile ducts,Yes.
train_148_a_1.nii.gz,lung,"viral pneumonia, ground glass areas, nonspecific nodules, lesions, covid-19 pneumonia",Yes.
train_148_a_1.nii.gz,lung/lung,"viral pneumonia, ground glass areas, nonspecific nodules, lesions, covid-19 pneumonia",Yes.
train_148_a_1.nii.gz,lung/lung/right lung,ground glass areas,Yes.
train_148_a_1.nii.gz,lung/lung/right lung/right lung lower lobe,ground glass areas,Yes.
train_148_a_1.nii.gz,lung/lung/lung lower lobe,ground glass areas,Yes.
train_148_a_1.nii.gz,lung/lung/lung lower lobe/right lung lower lobe,ground glass areas,Yes.
train_148_a_1.nii.gz,mediastinum,"short lymph nodes less than 1 cm in diameter, calcific lymph nodes",Yes.
train_148_a_1.nii.gz,mediastinum/mediastinal tissue,"short lymph nodes less than 1 cm in diameter, calcific lymph nodes",Yes.
train_44_a_1.nii.gz,mediastinum,air,Yes.
train_44_a_1.nii.gz,mediastinum/mediastinal tissue,air,Yes.
train_44_a_1.nii.gz,heart,pericardial effusion,Yes.
train_44_a_1.nii.gz,heart/heart,pericardial effusion,Yes.
train_44_a_1.nii.gz,heart/heart/heart tissue,pericardial effusion,Yes.
train_44_a_1.nii.gz,pleura,"air images, hemorrhagic components",Yes.
train_44_a_1.nii.gz,pleura/pleura,"air images, hemorrhagic components",Yes.
train_44_a_1.nii.gz,bone,"fragmented fracture lines, fragmented fractures, fragmented fracture line",Yes.
train_44_a_1.nii.gz,bone/bone,"fragmented fracture lines, fragmented fractures, fragmented fracture line",Yes.
train_44_a_1.nii.gz,bone/bone/vertebrae,fragmented fractures,Yes.
train_44_a_1.nii.gz,bone/bone/vertebrae/thoracic vertebrae,fragmented fractures,Yes.
train_44_a_1.nii.gz,bone/bone/vertebrae/thoracic vertebrae/thoracic vertebrae 9 (t9),fragmented fractures,Yes.
train_44_a_1.nii.gz,bone/bone/rib,"fragmented fracture lines, fragmented fracture line",Yes.
train_44_a_1.nii.gz,bone/bone/rib/left rib,"fragmented fracture lines, fragmented fracture line",Yes.
train_44_a_1.nii.gz,bone/bone/rib/left rib/left rib 6,fragmented fracture line,Yes.
train_44_a_1.nii.gz,bone/bone/rib/left rib/left rib 7,fragmented fracture line,Yes.
train_44_a_1.nii.gz,bone/bone/rib/left rib/left rib 9,fragmented fracture lines,Yes.
train_44_a_1.nii.gz,bone/bone/rib/rib 6,fragmented fracture line,Yes.
train_44_a_1.nii.gz,bone/bone/rib/rib 6/left rib 6,fragmented fracture line,Yes.
train_44_a_1.nii.gz,bone/bone/rib/rib 7,fragmented fracture line,Yes.
train_44_a_1.nii.gz,bone/bone/rib/rib 7/left rib 7,fragmented fracture line,Yes.
train_44_a_1.nii.gz,bone/bone/rib/rib 9,fragmented fracture lines,Yes.
train_44_a_1.nii.gz,bone/bone/rib/rib 9/left rib 9,fragmented fracture lines,Yes.
train_44_a_1.nii.gz,others,"hyperdense appearance, pneumothorax, parenchymal damage, lead",Yes.
train_44_a_1.nii.gz,others/thoracic cavity,"hyperdense appearance, pneumothorax, parenchymal damage, lead",Yes.
train_138_a_1.nii.gz,lung,"tubular bronchial ectasia, pleuroparenchymal sequelae density, consolidations",Yes.
train_138_a_1.nii.gz,lung/lung,"tubular bronchial ectasia, pleuroparenchymal sequelae density, consolidations",Yes.
train_138_a_1.nii.gz,lung/lung/right lung,"tubular bronchial ectasia, pleuroparenchymal sequelae density",Yes.
train_138_a_1.nii.gz,mediastinum,"planjon goiter, triangular shaped density, Right upper-bilateral lower paratracheal, aortopulmonary millimetric lymph nodes, thymic remnant",Yes.
train_138_a_1.nii.gz,mediastinum/mediastinal tissue,"planjon goiter, triangular shaped density, Right upper-bilateral lower paratracheal, aortopulmonary millimetric lymph nodes, thymic remnant",Yes.
train_138_a_1.nii.gz,heart,pericardial effusion,Yes.
train_138_a_1.nii.gz,heart/heart,pericardial effusion,Yes.
train_138_a_1.nii.gz,heart/heart/heart tissue,pericardial effusion,Yes.
train_138_a_1.nii.gz,abdomen,hepatosteatosis,Yes.
train_138_a_1.nii.gz,abdomen/abdomen,hepatosteatosis,Yes.
train_138_a_1.nii.gz,abdomen/abdomen/liver,hepatosteatosis,Yes.
train_82_b_1.nii.gz,lung,"sequelae changes, findings, consolidation, pneumonic infiltration, minimal volume loss, structural distortion, density increases",Yes.
train_82_b_1.nii.gz,lung/lung,"sequelae changes, findings, consolidation, pneumonic infiltration, minimal volume loss, structural distortion, density increases",Yes.
train_82_b_1.nii.gz,lung/lung/left lung,consolidation,Yes.
train_82_b_1.nii.gz,lung/lung/left lung/left lung lower lobe,consolidation,Yes.
train_82_b_1.nii.gz,lung/lung/right lung,"structural distortion, findings, density increases, minimal volume loss",Yes.
train_82_b_1.nii.gz,lung/lung/right lung/right lung lower lobe,"structural distortion, density increases, minimal volume loss",Yes.
train_82_b_1.nii.gz,lung/lung/right lung/right lung upper lobe,"structural distortion, findings, minimal volume loss, density increases",Yes.
train_82_b_1.nii.gz,lung/lung/lung lower lobe,"structural distortion, consolidation, density increases, minimal volume loss",Yes.
train_82_b_1.nii.gz,lung/lung/lung lower lobe/left lung lower lobe,consolidation,Yes.
train_82_b_1.nii.gz,lung/lung/lung lower lobe/right lung lower lobe,"structural distortion, density increases, minimal volume loss",Yes.
train_82_b_1.nii.gz,lung/lung/lung upper lobe,"findings, consolidation, minimal volume loss, structural distortion, density increases",Yes.
train_82_b_1.nii.gz,lung/lung/lung upper lobe/right lung upper lobe,"structural distortion, findings, minimal volume loss, density increases",Yes.
train_82_b_1.nii.gz,pleura,bilateral minimal pleural effusion,Yes.
train_82_b_1.nii.gz,pleura/pleura,bilateral minimal pleural effusion,Yes.
train_23_a_1.nii.gz,lung,"sequelae changes, lymph node, pleuroparenchymal sequelae, density increases, nonspecific nodule",Yes.
train_23_a_1.nii.gz,lung/lung,"sequelae changes, lymph node, pleuroparenchymal sequelae, density increases, nonspecific nodule",Yes.
train_23_a_1.nii.gz,lung/lung/left lung,sequelae changes,Yes.
train_23_a_1.nii.gz,lung/lung/right lung,"sequelae changes, nonspecific nodule, density increases",Yes.
train_23_a_1.nii.gz,lung/lung/right lung/right lung lower lobe,nonspecific nodule,Yes.
train_23_a_1.nii.gz,lung/lung/lung lower lobe,nonspecific nodule,Yes.
train_23_a_1.nii.gz,lung/lung/lung lower lobe/right lung lower lobe,nonspecific nodule,Yes.
train_23_a_1.nii.gz,mediastinum,lymph nodes in millimetric sizes,Yes.
train_23_a_1.nii.gz,mediastinum/mediastinal tissue,lymph nodes in millimetric sizes,Yes.
train_23_a_1.nii.gz,pleura,foreign body,Yes.
train_23_a_1.nii.gz,pleura/pleura,foreign body,Yes.
train_23_a_1.nii.gz,bone,peripheral sclerotic millimetric nonspecific lesion,Yes.
train_23_a_1.nii.gz,bone/bone,peripheral sclerotic millimetric nonspecific lesion,Yes.
train_23_a_1.nii.gz,bone/bone/rib,peripheral sclerotic millimetric nonspecific lesion,Yes.
train_23_a_1.nii.gz,bone/bone/rib/left rib,peripheral sclerotic millimetric nonspecific lesion,Yes.
train_23_a_1.nii.gz,bone/bone/rib/left rib/left rib 4,peripheral sclerotic millimetric nonspecific lesion,Yes.
train_23_a_1.nii.gz,bone/bone/rib/rib 4,peripheral sclerotic millimetric nonspecific lesion,Yes.
train_23_a_1.nii.gz,bone/bone/rib/rib 4/left rib 4,peripheral sclerotic millimetric nonspecific lesion,Yes.
train_23_a_1.nii.gz,abdomen,"adenoma, millimetric lesion",Yes.
train_23_a_1.nii.gz,abdomen/abdomen,"adenoma, millimetric lesion",Yes.
train_23_a_1.nii.gz,abdomen/abdomen/adrenal gland,"adenoma, millimetric lesion",Yes.
train_23_a_1.nii.gz,abdomen/abdomen/adrenal gland/left adrenal gland,"adenoma, millimetric lesion",Yes.
train_16_a_1.nii.gz,lung,"parenchymal nodules, radiation pneumonia, covid-19 pneumonia",Yes.
train_16_a_1.nii.gz,lung/lung,"parenchymal nodules, radiation pneumonia, covid-19 pneumonia",Yes.
train_16_a_1.nii.gz,mediastinum,"Lymph nodes of 15x13 mm in pathological size and appearance adjacent to the left subclavian artery and at the level of the left aortapulmonary window, lymph node",Yes.
train_16_a_1.nii.gz,mediastinum/mediastinal tissue,lymph node,Yes.
train_16_a_1.nii.gz,mediastinum/subclavian artery,Lymph nodes of 15x13 mm in pathological size and appearance adjacent to the left subclavian artery and at the level of the left aortapulmonary window,Yes.
train_16_a_1.nii.gz,mediastinum/subclavian artery/left subclavian artery,Lymph nodes of 15x13 mm in pathological size and appearance adjacent to the left subclavian artery and at the level of the left aortapulmonary window,Yes.
train_16_a_1.nii.gz,heart,pericardial effusion,Yes.
train_16_a_1.nii.gz,heart/heart,pericardial effusion,Yes.
train_16_a_1.nii.gz,heart/heart/heart tissue,pericardial effusion,Yes.
train_16_a_1.nii.gz,pleura,"patchy ground-glass consolidations, suspicious ground glass opacities, effusion, thickening of the posterior costal pleura",Yes.
train_16_a_1.nii.gz,pleura/pleura,"patchy ground-glass consolidations, suspicious ground glass opacities, effusion, thickening of the posterior costal pleura",Yes.
train_16_a_1.nii.gz,bone,"fdg uptake, pathological lymph nodes measuring 25x14 mm (left), 12x10 mm (right) in the bilateral supraclavicular region, metastasis, destruction area",Yes.
train_16_a_1.nii.gz,bone/bone,"fdg uptake, pathological lymph nodes measuring 25x14 mm (left), 12x10 mm (right) in the bilateral supraclavicular region, metastasis, destruction area",Yes.
train_16_a_1.nii.gz,bone/bone/vertebrae,fdg uptake,Yes.
train_16_a_1.nii.gz,bone/bone/vertebrae/thoracic vertebrae,fdg uptake,Yes.
train_16_a_1.nii.gz,bone/bone/clavicle,"pathological lymph nodes measuring 25x14 mm (left), 12x10 mm (right) in the bilateral supraclavicular region",Yes.
train_16_a_1.nii.gz,bone/bone/sternum,"metastasis, destruction area",Yes.
train_16_a_1.nii.gz,breast,"right breast, mass lesion",Yes.
train_16_a_1.nii.gz,breast/breast,"right breast, mass lesion",Yes.
train_16_a_1.nii.gz,breast/breast/left breast,mass lesion,Yes.
train_16_a_1.nii.gz,breast/breast/right breast,right breast,Yes.
train_16_a_1.nii.gz,abdomen,"thickening of the skin, thickening",Yes.
train_16_a_1.nii.gz,abdomen/abdomen,"thickening of the skin, thickening",Yes.
train_16_a_1.nii.gz,abdomen/abdomen/abdominal tissue,"thickening of the skin, thickening",Yes.
train_18_a_1.nii.gz,lung,non-specific nodules,Yes.
train_18_a_1.nii.gz,lung/lung,non-specific nodules,Yes.
train_18_a_1.nii.gz,mediastinum,a few small millimetric lymph nodes,Yes.
train_18_a_1.nii.gz,mediastinum/mediastinal tissue,a few small millimetric lymph nodes,Yes.
train_18_a_1.nii.gz,heart,pericardial effusion,Yes.
train_18_a_1.nii.gz,heart/heart,pericardial effusion,Yes.
train_18_a_1.nii.gz,heart/heart/heart tissue,pericardial effusion,Yes.
train_18_a_1.nii.gz,bone,"degenerative changes, narrowing of the disc spaces, schmourl nodules",Yes.
train_18_a_1.nii.gz,bone/bone,"degenerative changes, narrowing of the disc spaces, schmourl nodules",Yes.
train_18_a_1.nii.gz,bone/bone/spinal canal,"narrowing of the disc spaces, schmourl nodules",Yes.
train_18_a_1.nii.gz,abdomen,small lymph nodes near the small-great curvature of the stomach,Yes.
train_18_a_1.nii.gz,abdomen/abdomen,small lymph nodes near the small-great curvature of the stomach,Yes.
train_18_a_1.nii.gz,abdomen/abdomen/stomach,small lymph nodes near the small-great curvature of the stomach,Yes.
train_36_a_1.nii.gz,lung,"cavitary nodular lesions, cavitary mass",Yes.
train_36_a_1.nii.gz,lung/lung,"cavitary nodular lesions, cavitary mass",Yes.
train_36_a_1.nii.gz,lung/lung/left lung,cavitary nodular lesions,Yes.
train_36_a_1.nii.gz,lung/lung/left lung/left lung lower lobe,cavitary nodular lesions,Yes.
train_36_a_1.nii.gz,lung/lung/right lung,cavitary mass,Yes.
train_36_a_1.nii.gz,lung/lung/right lung/right lung lower lobe,cavitary mass,Yes.
train_36_a_1.nii.gz,lung/lung/lung lower lobe,"cavitary nodular lesions, cavitary mass",Yes.
train_36_a_1.nii.gz,lung/lung/lung lower lobe/left lung lower lobe,cavitary nodular lesions,Yes.
train_36_a_1.nii.gz,lung/lung/lung lower lobe/right lung lower lobe,cavitary mass,Yes.
train_36_a_1.nii.gz,pleura,pleural-based nodule,Yes.
train_36_a_1.nii.gz,pleura/pleura,pleural-based nodule,Yes.
train_36_a_1.nii.gz,bone,compression fracture,Yes.
train_36_a_1.nii.gz,bone/bone,compression fracture,Yes.
train_36_a_1.nii.gz,bone/bone/vertebrae,compression fracture,Yes.
train_36_a_1.nii.gz,bone/bone/vertebrae/thoracic vertebrae,compression fracture,Yes.
train_36_a_1.nii.gz,bone/bone/vertebrae/thoracic vertebrae/thoracic vertebrae 12 (t12),compression fracture,Yes.
train_10_a_1.nii.gz,lung,"5 mm calcific nodule, ground glass densities",Yes.
train_10_a_1.nii.gz,lung/lung,"5 mm calcific nodule, ground glass densities",Yes.
train_10_a_1.nii.gz,lung/lung/right lung,5 mm calcific nodule,Yes.
train_10_a_1.nii.gz,lung/lung/right lung/right lung lower lobe,5 mm calcific nodule,Yes.
train_10_a_1.nii.gz,lung/lung/lung lower lobe,5 mm calcific nodule,Yes.
train_10_a_1.nii.gz,lung/lung/lung lower lobe/right lung lower lobe,5 mm calcific nodule,Yes.
train_10_a_1.nii.gz,mediastinum,lymph node,Yes.
train_10_a_1.nii.gz,mediastinum/mediastinal tissue,lymph node,Yes.
train_10_a_1.nii.gz,heart,"pericardial effusion, calcific plaques",Yes.
train_10_a_1.nii.gz,heart/heart,"pericardial effusion, calcific plaques",Yes.
train_10_a_1.nii.gz,heart/heart/heart tissue,"pericardial effusion, calcific plaques",Yes.
train_10_a_1.nii.gz,bone,osteodegenerative changes,Yes.
train_10_a_1.nii.gz,bone/bone,osteodegenerative changes,Yes.
train_10_a_1.nii.gz,bone/bone/vertebrae,osteodegenerative changes,Yes.
train_10_a_1.nii.gz,abdomen,millimetric hypodense lesion,Yes.
train_10_a_1.nii.gz,abdomen/abdomen,millimetric hypodense lesion,Yes.
train_10_a_1.nii.gz,abdomen/abdomen/liver,millimetric hypodense lesion,Yes.
train_131_a_1.nii.gz,lung,"foreign body, emphysema, bone fragments, pleuroparenchymal sequelae, densities",Yes.
train_131_a_1.nii.gz,lung/lung,"foreign body, emphysema, bone fragments, pleuroparenchymal sequelae, densities",Yes.
train_131_a_1.nii.gz,lung/lung/left lung,"foreign body, bone fragments",Yes.
train_131_a_1.nii.gz,lung/lung/right lung,"pleuroparenchymal sequelae, densities",Yes.
train_131_a_1.nii.gz,mediastinum,fatty involution,Yes.
train_131_a_1.nii.gz,mediastinum/thymus,fatty involution,Yes.
train_131_a_1.nii.gz,mediastinum/mediastinal tissue,fatty involution,Yes.
train_131_a_1.nii.gz,pleura,"nodule, subpleural nodule",Yes.
train_131_a_1.nii.gz,pleura/pleura,"nodule, subpleural nodule",Yes.
train_131_a_1.nii.gz,bone,"sequelae changes, degenerative changes, density, superposed foreign body, densities",Yes.
train_131_a_1.nii.gz,bone/bone,"sequelae changes, degenerative changes, density, superposed foreign body, densities",Yes.
train_131_a_1.nii.gz,bone/bone/scapula,"sequelae changes, densities",Yes.
train_131_a_1.nii.gz,bone/bone/scapula/left scapula,"sequelae changes, densities",Yes.
train_131_a_1.nii.gz,bone/bone/rib,"density, superposed foreign body",Yes.
train_131_a_1.nii.gz,bone/bone/rib/left rib,"density, superposed foreign body",Yes.
train_131_a_1.nii.gz,bone/bone/rib/left rib/left rib 7,"density, superposed foreign body",Yes.
train_131_a_1.nii.gz,bone/bone/rib/rib 7,"density, superposed foreign body",Yes.
train_131_a_1.nii.gz,bone/bone/rib/rib 7/left rib 7,"density, superposed foreign body",Yes.
train_131_a_1.nii.gz,abdomen,"steatosis, contracted",Yes.
train_131_a_1.nii.gz,abdomen/abdomen,"steatosis, contracted",Yes.
train_131_a_1.nii.gz,abdomen/abdomen/gallbladder,contracted,Yes.
train_131_a_1.nii.gz,abdomen/abdomen/liver,steatosis,Yes.
train_79_a_1.nii.gz,lung,nonspecific nodules,Yes.
train_79_a_1.nii.gz,lung/lung,nonspecific nodules,Yes.
train_94_a_1.nii.gz,lung,patchy ground glass densities,Yes.
train_94_a_1.nii.gz,lung/lung,patchy ground glass densities,Yes.
train_94_a_1.nii.gz,lung/lung/lung lower lobe,patchy ground glass densities,Yes.
train_94_a_1.nii.gz,mediastinum,lymph node,Yes.
train_94_a_1.nii.gz,mediastinum/mediastinal tissue,lymph node,Yes.
train_94_a_1.nii.gz,heart,"calcific atheroma plaques, ectatic, pericardial effusion",Yes.
train_94_a_1.nii.gz,heart/heart,"calcific atheroma plaques, ectatic, pericardial effusion",Yes.
train_94_a_1.nii.gz,heart/heart/heart ascending aorta,ectatic,Yes.
train_94_a_1.nii.gz,heart/heart/heart tissue,"calcific atheroma plaques, pericardial effusion",Yes.
train_94_a_1.nii.gz,esophagus,hiatal hernia,Yes.
train_94_a_1.nii.gz,esophagus/esophagus,hiatal hernia,Yes.
train_94_a_1.nii.gz,bone,osteophyte forms,Yes.
train_94_a_1.nii.gz,bone/bone,osteophyte forms,Yes.
train_94_a_1.nii.gz,bone/bone/vertebrae,osteophyte forms,Yes.
train_101_a_1.nii.gz,lung,"consolidation areas, segmental-subsegmental bronchiectatic changes, diffuse linear subsegmental atelectatic changes, ground-glass densities, vascular enlargement, peribronchial thickening, covid-19 pneumonia",Yes.
train_101_a_1.nii.gz,lung/lung,"consolidation areas, segmental-subsegmental bronchiectatic changes, diffuse linear subsegmental atelectatic changes, ground-glass densities, vascular enlargement, peribronchial thickening, covid-19 pneumonia",Yes.
train_101_a_1.nii.gz,lung/lung/right lung,diffuse linear subsegmental atelectatic changes,Yes.
train_101_a_1.nii.gz,lung/lung/right lung/right lung lower lobe,diffuse linear subsegmental atelectatic changes,Yes.
train_101_a_1.nii.gz,lung/lung/lung lower lobe,diffuse linear subsegmental atelectatic changes,Yes.
train_101_a_1.nii.gz,lung/lung/lung lower lobe/right lung lower lobe,diffuse linear subsegmental atelectatic changes,Yes.
train_101_a_1.nii.gz,mediastinum,diffuse atherosclerotic wall calcifications,Yes.
train_101_a_1.nii.gz,mediastinum/aorta,diffuse atherosclerotic wall calcifications,Yes.
train_101_a_1.nii.gz,heart,"pericardial effusion, diffuse atherosclerotic wall calcifications",Yes.
train_101_a_1.nii.gz,heart/heart,"pericardial effusion, diffuse atherosclerotic wall calcifications",Yes.
train_101_a_1.nii.gz,heart/heart/heart tissue,"pericardial effusion, diffuse atherosclerotic wall calcifications",Yes.
train_101_a_1.nii.gz,esophagus,sliding type hiatal hernia,Yes.
train_101_a_1.nii.gz,esophagus/esophagus,sliding type hiatal hernia,Yes.
train_101_a_1.nii.gz,pleura,sequelae thickening,Yes.
train_101_a_1.nii.gz,pleura/pleura,sequelae thickening,Yes.
train_101_a_1.nii.gz,bone,"mild dextroscoliosis, bridging spur formation",Yes.
train_101_a_1.nii.gz,bone/bone,"mild dextroscoliosis, bridging spur formation",Yes.
train_101_a_1.nii.gz,bone/bone/vertebrae,"mild dextroscoliosis, bridging spur formation",Yes.
train_101_a_1.nii.gz,bone/bone/vertebrae/thoracic vertebrae,"mild dextroscoliosis, bridging spur formation",Yes.
train_101_a_1.nii.gz,abdomen,"hypodense lesion, diffuse thickening, lymph node, diffuse atherosclerotic wall calcifications",Yes.
train_101_a_1.nii.gz,abdomen/abdomen,"hypodense lesion, diffuse thickening, lymph node, diffuse atherosclerotic wall calcifications",Yes.
train_101_a_1.nii.gz,abdomen/abdomen/abdominal tissue,lymph node,Yes.
train_101_a_1.nii.gz,abdomen/abdomen/adrenal gland,diffuse thickening,Yes.
train_101_a_1.nii.gz,abdomen/abdomen/adrenal gland/left adrenal gland,diffuse thickening,Yes.
train_101_a_1.nii.gz,abdomen/abdomen/aorta,diffuse atherosclerotic wall calcifications,Yes.
train_101_a_1.nii.gz,abdomen/abdomen/liver,hypodense lesion,Yes.
train_124_a_1.nii.gz,lung,"interlobular septal thickenings, parenchymal ground glass densities, parenchymal nodule, large lesions, frosted glass densities, mass lesion, irregular borders, new patchy ground glass densities, lesions, bronchiectasis, subsegmental atelectasis, new infectious process",Yes.
train_124_a_1.nii.gz,lung/lung,"interlobular septal thickenings, parenchymal ground glass densities, parenchymal nodule, large lesions, frosted glass densities, mass lesion, irregular borders, new patchy ground glass densities, lesions, bronchiectasis, subsegmental atelectasis, new infectious process",Yes.
train_124_a_1.nii.gz,lung/lung/left lung,"mass lesion, irregular borders, parenchymal nodule, large lesions",Yes.
train_124_a_1.nii.gz,lung/lung/left lung/left lung upper lobe,mass lesion,Yes.
train_124_a_1.nii.gz,lung/lung/right lung,"lesions, bronchiectasis, subsegmental atelectasis, new patchy ground glass densities",Yes.
train_124_a_1.nii.gz,lung/lung/right lung/right lung lower lobe,"bronchiectasis, subsegmental atelectasis, new patchy ground glass densities",Yes.
train_124_a_1.nii.gz,lung/lung/right lung/right lung upper lobe,"lesions, bronchiectasis, subsegmental atelectasis, new patchy ground glass densities",Yes.
train_124_a_1.nii.gz,lung/lung/lung lower lobe,"bronchiectasis, subsegmental atelectasis, new patchy ground glass densities",Yes.
train_124_a_1.nii.gz,lung/lung/lung lower lobe/right lung lower lobe,"bronchiectasis, subsegmental atelectasis, new patchy ground glass densities",Yes.
train_124_a_1.nii.gz,lung/lung/lung upper lobe,"mass lesion, new patchy ground glass densities, lesions, bronchiectasis, subsegmental atelectasis",Yes.
train_124_a_1.nii.gz,lung/lung/lung upper lobe/left lung upper lobe,mass lesion,Yes.
train_124_a_1.nii.gz,lung/lung/lung upper lobe/right lung upper lobe,"lesions, bronchiectasis, subsegmental atelectasis, new patchy ground glass densities",Yes.
train_124_a_1.nii.gz,mediastinum,"lymph nodes with a short axis measuring 15 mm in the mediastinum, atherosclerotic changes, compression",Yes.
train_124_a_1.nii.gz,mediastinum/aorta,atherosclerotic changes,Yes.
train_124_a_1.nii.gz,mediastinum/mediastinal tissue,"lymph nodes with a short axis measuring 15 mm in the mediastinum, compression",Yes.
train_124_a_1.nii.gz,heart,"pericardial effusion, nodular densities",Yes.
train_124_a_1.nii.gz,heart/heart,"pericardial effusion, nodular densities",Yes.
train_124_a_1.nii.gz,heart/heart/heart tissue,pericardial effusion,Yes.
train_124_a_1.nii.gz,pleura,new pleural effusion,Yes.
train_124_a_1.nii.gz,pleura/pleura,new pleural effusion,Yes.
train_124_a_1.nii.gz,bone,"new fracture, degenerative changes, stable solid nodular lesion, solid nodular lesion",Yes.
train_124_a_1.nii.gz,bone/bone,"new fracture, degenerative changes, stable solid nodular lesion, solid nodular lesion",Yes.
train_124_a_1.nii.gz,bone/bone/vertebrae,"stable solid nodular lesion, solid nodular lesion",Yes.
train_124_a_1.nii.gz,bone/bone/vertebrae/thoracic vertebrae,"stable solid nodular lesion, solid nodular lesion",Yes.
train_124_a_1.nii.gz,bone/bone/vertebrae/thoracic vertebrae/thoracic vertebrae 11 (t11),"stable solid nodular lesion, solid nodular lesion",Yes.
train_124_a_1.nii.gz,bone/bone/vertebrae/thoracic vertebrae/thoracic vertebrae 12 (t12),"stable solid nodular lesion, solid nodular lesion",Yes.
train_124_a_1.nii.gz,bone/bone/rib,new fracture,Yes.
train_124_a_1.nii.gz,bone/bone/rib/left rib,new fracture,Yes.
train_124_a_1.nii.gz,bone/bone/rib/left rib/left rib 5,new fracture,Yes.
train_124_a_1.nii.gz,bone/bone/rib/rib 5,new fracture,Yes.
train_124_a_1.nii.gz,bone/bone/rib/rib 5/left rib 5,new fracture,Yes.
train_124_a_1.nii.gz,abdomen,"collateral veins, atherosclerotic changes, hypertrophy, free fluid",Yes.
train_124_a_1.nii.gz,abdomen/abdomen,"collateral veins, atherosclerotic changes, hypertrophy, free fluid",Yes.
train_124_a_1.nii.gz,abdomen/abdomen/abdominal tissue,collateral veins,Yes.
train_124_a_1.nii.gz,abdomen/abdomen/aorta,atherosclerotic changes,Yes.
train_124_a_1.nii.gz,abdomen/abdomen/liver,"hypertrophy, free fluid",Yes.
train_124_a_1.nii.gz,abdomen/abdomen/liver/caudate lobe,hypertrophy,Yes.
train_124_a_1.nii.gz,abdomen/abdomen/spleen,free fluid,Yes.
train_139_a_1.nii.gz,lung,"early viral pneumonia, atelectasis changes",Yes.
train_139_a_1.nii.gz,lung/lung,"early viral pneumonia, atelectasis changes",Yes.
train_139_a_1.nii.gz,lung/lung/lung upper lobe,atelectasis changes,Yes.
train_139_a_1.nii.gz,mediastinum,"the largest lymph node completely fills the subcarinal region, Lymph nodes with a short axis measuring up to 19 mm",Yes.
train_139_a_1.nii.gz,mediastinum/mediastinal tissue,"the largest lymph node completely fills the subcarinal region, Lymph nodes with a short axis measuring up to 19 mm",Yes.
train_139_a_1.nii.gz,heart,pericardial effusion,Yes.
train_139_a_1.nii.gz,heart/heart,pericardial effusion,Yes.
train_139_a_1.nii.gz,heart/heart/heart tissue,pericardial effusion,Yes.
train_139_a_1.nii.gz,esophagus,sliding type hiatal hernia,Yes.
train_139_a_1.nii.gz,esophagus/esophagus,sliding type hiatal hernia,Yes.
train_139_a_1.nii.gz,pleura,subpleural localized patchy ground glass density,Yes.
train_139_a_1.nii.gz,pleura/pleura,subpleural localized patchy ground glass density,Yes.
train_139_a_1.nii.gz,abdomen,steatosis,Yes.
train_139_a_1.nii.gz,abdomen/abdomen,steatosis,Yes.
train_139_a_1.nii.gz,abdomen/abdomen/liver,steatosis,Yes.
train_115_a_1.nii.gz,lung,"millimetric nodules, emphysematous changes",Yes.
train_115_a_1.nii.gz,lung/lung,"millimetric nodules, emphysematous changes",Yes.
train_115_a_1.nii.gz,lung/lung/left lung,emphysematous changes,Yes.
train_115_a_1.nii.gz,lung/lung/left lung/left lung upper lobe,emphysematous changes,Yes.
train_115_a_1.nii.gz,lung/lung/lung upper lobe,emphysematous changes,Yes.
train_115_a_1.nii.gz,lung/lung/lung upper lobe/left lung upper lobe,emphysematous changes,Yes.
train_32_a_1.nii.gz,lung,"viral pneumonias, linear atelectasis, viral pneumonias ( covid-19 pneumonia )",Yes.
train_32_a_1.nii.gz,lung/lung,"viral pneumonias, linear atelectasis, viral pneumonias ( covid-19 pneumonia )",Yes.
train_32_a_1.nii.gz,lung/lung/left lung,linear atelectasis,Yes.
train_32_a_1.nii.gz,lung/lung/lung lower lobe,linear atelectasis,Yes.
train_32_a_1.nii.gz,pleura,"multilobar peripheral subpleural ground glass, consolidation",Yes.
train_32_a_1.nii.gz,pleura/pleura,"multilobar peripheral subpleural ground glass, consolidation",Yes.
train_32_a_1.nii.gz,bone,"osteophytic degenerative changes, stable lytic lesions, lytic lesions",Yes.
train_32_a_1.nii.gz,bone/bone,"osteophytic degenerative changes, stable lytic lesions, lytic lesions",Yes.
train_32_a_1.nii.gz,bone/bone/vertebrae,osteophytic degenerative changes,Yes.
train_75_a_1.nii.gz,lung,"passive atelectatic changes, reticulonodular sequelae density increases",Yes.
train_75_a_1.nii.gz,lung/lung,"passive atelectatic changes, reticulonodular sequelae density increases",Yes.
train_75_a_1.nii.gz,lung/lung/right lung,passive atelectatic changes,Yes.
train_75_a_1.nii.gz,heart,pericardial effusion,Yes.
train_75_a_1.nii.gz,heart/heart,pericardial effusion,Yes.
train_75_a_1.nii.gz,heart/heart/heart tissue,pericardial effusion,Yes.
train_120_a_1.nii.gz,lung,"non-septic parenchymal nodule, pleuroparenchymal sequelae density increases, bronchiectatic changes, emphysematous changes",Yes.
train_120_a_1.nii.gz,lung/lung,"non-septic parenchymal nodule, pleuroparenchymal sequelae density increases, bronchiectatic changes, emphysematous changes",Yes.
train_120_a_1.nii.gz,lung/lung/left lung,non-septic parenchymal nodule,Yes.
train_120_a_1.nii.gz,lung/lung/left lung/left lung lower lobe,non-septic parenchymal nodule,Yes.
train_120_a_1.nii.gz,lung/lung/right lung,non-septic parenchymal nodule,Yes.
train_120_a_1.nii.gz,lung/lung/right lung/right lung lower lobe,non-septic parenchymal nodule,Yes.
train_120_a_1.nii.gz,lung/lung/lung lower lobe,"pleuroparenchymal sequelae density increases, non-septic parenchymal nodule",Yes.
train_120_a_1.nii.gz,lung/lung/lung lower lobe/left lung lower lobe,non-septic parenchymal nodule,Yes.
train_120_a_1.nii.gz,lung/lung/lung lower lobe/right lung lower lobe,non-septic parenchymal nodule,Yes.
train_120_a_1.nii.gz,abdomen,diverticulum,Yes.
train_120_a_1.nii.gz,abdomen/abdomen,diverticulum,Yes.
train_120_a_1.nii.gz,abdomen/abdomen/colon,diverticulum,Yes.
train_71_a_1.nii.gz,lung,"nodule, 2 mm diameter nodule, mild sequelae changes",Yes.
train_71_a_1.nii.gz,lung/lung,"nodule, 2 mm diameter nodule, mild sequelae changes",Yes.
train_71_a_1.nii.gz,lung/lung/left lung,"nodule, 2 mm diameter nodule",Yes.
train_71_a_1.nii.gz,lung/lung/left lung/left lung upper lobe,"nodule, 2 mm diameter nodule",Yes.
train_71_a_1.nii.gz,lung/lung/right lung,nodule,Yes.
train_71_a_1.nii.gz,lung/lung/lung lower lobe,mild sequelae changes,Yes.
train_71_a_1.nii.gz,lung/lung/lung upper lobe,"nodule, 2 mm diameter nodule",Yes.
train_71_a_1.nii.gz,lung/lung/lung upper lobe/left lung upper lobe,"nodule, 2 mm diameter nodule",Yes.
train_71_a_1.nii.gz,bone,mild degenerative changes,Yes.
train_71_a_1.nii.gz,bone/bone,mild degenerative changes,Yes.
train_2_a_1.nii.gz,lung,"passive atelectatic changes, emphysematous changes, segmentary-subsegmental peribrochial minimal thickening",Yes.
train_2_a_1.nii.gz,lung/lung,"passive atelectatic changes, emphysematous changes, segmentary-subsegmental peribrochial minimal thickening",Yes.
train_2_a_1.nii.gz,lung/lung/left lung,passive atelectatic changes,Yes.
train_2_a_1.nii.gz,lung/lung/left lung/left lung upper lobe,passive atelectatic changes,Yes.
train_2_a_1.nii.gz,lung/lung/right lung,passive atelectatic changes,Yes.
train_2_a_1.nii.gz,lung/lung/lung upper lobe,passive atelectatic changes,Yes.
train_2_a_1.nii.gz,lung/lung/lung upper lobe/left lung upper lobe,passive atelectatic changes,Yes.
train_2_a_1.nii.gz,mediastinum,calcific atheroma plaque,Yes.
train_2_a_1.nii.gz,mediastinum/aorta,calcific atheroma plaque,Yes.
train_2_a_1.nii.gz,heart,pericardial effusion,Yes.
train_2_a_1.nii.gz,heart/heart,pericardial effusion,Yes.
train_2_a_1.nii.gz,heart/heart/heart tissue,pericardial effusion,Yes.
train_2_a_1.nii.gz,pleura,millimetric nonspecific subpleural nodule,Yes.
train_2_a_1.nii.gz,pleura/pleura,millimetric nonspecific subpleural nodule,Yes.
train_2_a_1.nii.gz,bone,minimal degenerative changes,Yes.
train_2_a_1.nii.gz,bone/bone,minimal degenerative changes,Yes.
train_2_a_1.nii.gz,abdomen,"calcific atheroma plaque, millimetric stone",Yes.
train_2_a_1.nii.gz,abdomen/abdomen,"calcific atheroma plaque, millimetric stone",Yes.
train_2_a_1.nii.gz,abdomen/abdomen/aorta,calcific atheroma plaque,Yes.
train_2_a_1.nii.gz,abdomen/abdomen/gallbladder,millimetric stone,Yes.
train_98_a_1.nii.gz,lung,"ground-glass-like density increases, lymph node, outlook",Yes.
train_98_a_1.nii.gz,lung/lung,"ground-glass-like density increases, lymph node, outlook",Yes.
train_98_a_1.nii.gz,lung/lung/left lung,ground-glass-like density increases,Yes.
train_98_a_1.nii.gz,lung/lung/left lung/left lung lower lobe,ground-glass-like density increases,Yes.
train_98_a_1.nii.gz,lung/lung/lung lower lobe,ground-glass-like density increases,Yes.
train_98_a_1.nii.gz,lung/lung/lung lower lobe/left lung lower lobe,ground-glass-like density increases,Yes.
train_98_a_1.nii.gz,esophagus,hiatal hernia,Yes.
train_98_a_1.nii.gz,esophagus/esophagus,hiatal hernia,Yes.
train_98_a_1.nii.gz,bone,degenerative changes,Yes.
train_98_a_1.nii.gz,bone/bone,degenerative changes,Yes.
train_98_a_1.nii.gz,breast,"rupture, lobulation, effusion",Yes.
train_98_a_1.nii.gz,breast/breast,"rupture, lobulation, effusion",Yes.
train_98_a_1.nii.gz,breast/breast/right breast,"lobulation, effusion",Yes.
train_98_a_1.nii.gz,abdomen,"slight prominence, nodular density",Yes.
train_98_a_1.nii.gz,abdomen/abdomen,"slight prominence, nodular density",Yes.
train_98_a_1.nii.gz,abdomen/abdomen/abdominal tissue,slight prominence,Yes.
train_98_a_1.nii.gz,abdomen/abdomen/spleen,nodular density,Yes.
train_60_d_1.nii.gz,lung,"infiltrations, ground glass densities, consolidations with irregular borders",Yes.
train_60_d_1.nii.gz,lung/lung,"infiltrations, ground glass densities, consolidations with irregular borders",Yes.
train_60_d_1.nii.gz,lung/lung/lung lower lobe,ground glass densities,Yes.
train_60_d_1.nii.gz,mediastinum,Mediastinal lymph nodes are stable,Yes.
train_60_d_1.nii.gz,mediastinum/mediastinal tissue,Mediastinal lymph nodes are stable,Yes.
train_60_d_1.nii.gz,pleura,"consolidations, ground glass",Yes.
train_60_d_1.nii.gz,pleura/pleura,"consolidations, ground glass",Yes.
train_84_c_1.nii.gz,lung,"atelectasis, effusion",Yes.
train_84_c_1.nii.gz,lung/lung,"atelectasis, effusion",Yes.
train_84_c_1.nii.gz,pleura,pleural effusion,Yes.
train_84_c_1.nii.gz,pleura/pleura,pleural effusion,Yes.
train_84_c_1.nii.gz,abdomen,"cirrhotic appearance, ascites",Yes.
train_84_c_1.nii.gz,abdomen/abdomen,"cirrhotic appearance, ascites",Yes.
train_84_c_1.nii.gz,abdomen/abdomen/abdominal tissue,"cirrhotic appearance, ascites",Yes.
train_84_c_1.nii.gz,abdomen/abdomen/liver,"cirrhotic appearance, ascites",Yes.
train_137_a_1.nii.gz,lung,"viral pneumonia, ground glass areas, lymph node, linear atelectasis areas, nodular consolidation",Yes.
train_137_a_1.nii.gz,lung/lung,"viral pneumonia, ground glass areas, lymph node, linear atelectasis areas, nodular consolidation",Yes.
train_137_a_1.nii.gz,lung/lung/lung lower lobe,"nodular consolidation, ground glass areas, linear atelectasis areas",Yes.
train_137_a_1.nii.gz,mediastinum,lymph node,Yes.
train_137_a_1.nii.gz,mediastinum/mediastinal tissue,lymph node,Yes.
train_137_a_1.nii.gz,heart,effusion,Yes.
train_137_a_1.nii.gz,heart/heart,effusion,Yes.
train_137_a_1.nii.gz,heart/heart/heart tissue,effusion,Yes.
train_137_a_1.nii.gz,esophagus,sliding type hiatal hernia,Yes.
train_137_a_1.nii.gz,esophagus/esophagus,sliding type hiatal hernia,Yes.
train_137_a_1.nii.gz,pleura,pleural effusion,Yes.
train_137_a_1.nii.gz,pleura/pleura,pleural effusion,Yes.
train_137_a_1.nii.gz,bone,left-facing scoliosis,Yes.
train_137_a_1.nii.gz,bone/bone,left-facing scoliosis,Yes.
train_137_a_1.nii.gz,bone/bone/vertebrae,left-facing scoliosis,Yes.
train_137_a_1.nii.gz,bone/bone/vertebrae/thoracic vertebrae,left-facing scoliosis,Yes.
train_137_a_1.nii.gz,breast,coarse calcification,Yes.
train_137_a_1.nii.gz,breast/breast,coarse calcification,Yes.
train_137_a_1.nii.gz,breast/breast/left breast,coarse calcification,Yes.
train_137_a_1.nii.gz,abdomen,sliding type hiatal hernia,Yes.
train_137_a_1.nii.gz,abdomen/abdomen,sliding type hiatal hernia,Yes.
train_137_a_1.nii.gz,abdomen/abdomen/stomach,sliding type hiatal hernia,Yes.
train_36_b_1.nii.gz,lung,"nodules, cavitary nodule, pneumonic infiltration, cavitary lesion, solid mass, ground glass density, areas of increased density, cavitary mass, mass",Yes.
train_36_b_1.nii.gz,lung/lung,"nodules, cavitary nodule, pneumonic infiltration, cavitary lesion, solid mass, ground glass density, areas of increased density, cavitary mass, mass",Yes.
train_36_b_1.nii.gz,lung/lung/left lung,"mass, cavitary nodule, cavitary lesion",Yes.
train_36_b_1.nii.gz,lung/lung/left lung/left lung lower lobe,"cavitary nodule, cavitary lesion",Yes.
train_36_b_1.nii.gz,lung/lung/left lung/left lung upper lobe,mass,Yes.
train_36_b_1.nii.gz,lung/lung/right lung,"solid mass, ground glass density, areas of increased density, cavitary mass, mass",Yes.
train_36_b_1.nii.gz,lung/lung/right lung/right lung lower lobe,"solid mass, ground glass density, areas of increased density, cavitary mass, mass",Yes.
train_36_b_1.nii.gz,lung/lung/lung lower lobe,"cavitary nodule, cavitary lesion, solid mass, ground glass density, areas of increased density, cavitary mass, mass",Yes.
train_36_b_1.nii.gz,lung/lung/lung lower lobe/left lung lower lobe,"cavitary nodule, cavitary lesion",Yes.
train_36_b_1.nii.gz,lung/lung/lung lower lobe/right lung lower lobe,"solid mass, ground glass density, areas of increased density, cavitary mass, mass",Yes.
train_36_b_1.nii.gz,lung/lung/lung upper lobe,mass,Yes.
train_36_b_1.nii.gz,lung/lung/lung upper lobe/left lung upper lobe,mass,Yes.
train_36_b_1.nii.gz,mediastinum,"lymph node with a short diameter of 18 mm at the paratracheal level, lymphadenopathies",Yes.
train_36_b_1.nii.gz,mediastinum/mediastinal tissue,"lymph node with a short diameter of 18 mm at the paratracheal level, lymphadenopathies",Yes.
train_36_b_1.nii.gz,abdomen,mildly hypodense lesion,Yes.
train_36_b_1.nii.gz,abdomen/abdomen,mildly hypodense lesion,Yes.
train_36_b_1.nii.gz,abdomen/abdomen/liver,mildly hypodense lesion,Yes.
train_55_a_1.nii.gz,abdomen,"stones, stones and sludge",Yes.
train_55_a_1.nii.gz,abdomen/abdomen,"stones, stones and sludge",Yes.
train_55_a_1.nii.gz,abdomen/abdomen/abdominal tissue,"stones, stones and sludge",Yes.
train_55_a_1.nii.gz,abdomen/abdomen/gallbladder,"stones, stones and sludge",Yes.
train_65_a_1.nii.gz,lung,"bronchopneumonic infiltrates, centriacinar ground glass nodules",Yes.
train_65_a_1.nii.gz,lung/lung,"bronchopneumonic infiltrates, centriacinar ground glass nodules",Yes.
train_65_a_1.nii.gz,lung/lung/right lung,"bronchopneumonic infiltrates, centriacinar ground glass nodules",Yes.
train_65_a_1.nii.gz,lung/lung/right lung/right lung upper lobe,"bronchopneumonic infiltrates, centriacinar ground glass nodules",Yes.
train_65_a_1.nii.gz,lung/lung/lung lower lobe,"bronchopneumonic infiltrates, centriacinar ground glass nodules",Yes.
train_65_a_1.nii.gz,lung/lung/lung upper lobe,"bronchopneumonic infiltrates, centriacinar ground glass nodules",Yes.
train_65_a_1.nii.gz,lung/lung/lung upper lobe/right lung upper lobe,"bronchopneumonic infiltrates, centriacinar ground glass nodules",Yes.
train_65_a_1.nii.gz,bone,aerial images,Yes.
train_65_a_1.nii.gz,bone/bone,aerial images,Yes.
train_65_a_1.nii.gz,bone/bone/clavicle,aerial images,Yes.
train_65_a_1.nii.gz,bone/bone/clavicle/left clavicle,aerial images,Yes.
train_65_a_1.nii.gz,thyroid,epiglottitis,Yes.
train_65_a_1.nii.gz,thyroid/thyroid,epiglottitis,Yes.
train_65_a_1.nii.gz,abdomen,cystic density lesion,Yes.
train_65_a_1.nii.gz,abdomen/abdomen,cystic density lesion,Yes.
train_65_a_1.nii.gz,abdomen/abdomen/liver,cystic density lesion,Yes.
train_65_a_1.nii.gz,others,epiglottitis,Yes.
train_65_a_1.nii.gz,others/larynx,epiglottitis,Yes.
train_53_b_1.nii.gz,lung,"sequelae changes, heterogeneous internally structured nodule, pleuroparenchymal sequelae, irregular borders, density increases",Yes.
train_53_b_1.nii.gz,lung/lung,"sequelae changes, heterogeneous internally structured nodule, pleuroparenchymal sequelae, irregular borders, density increases",Yes.
train_53_b_1.nii.gz,lung/lung/left lung,sequelae changes,Yes.
train_53_b_1.nii.gz,lung/lung/right lung,"heterogeneous internally structured nodule, irregular borders",Yes.
train_53_b_1.nii.gz,lung/lung/right lung/right lung upper lobe,"heterogeneous internally structured nodule, irregular borders",Yes.
train_53_b_1.nii.gz,lung/lung/lung upper lobe,"heterogeneous internally structured nodule, pleuroparenchymal sequelae, irregular borders, density increases",Yes.
train_53_b_1.nii.gz,lung/lung/lung upper lobe/right lung upper lobe,"heterogeneous internally structured nodule, irregular borders",Yes.
train_53_b_1.nii.gz,esophagus,hiatal hernia,Yes.
train_53_b_1.nii.gz,esophagus/esophagus,hiatal hernia,Yes.
train_53_b_1.nii.gz,abdomen,hiatal hernia,Yes.
train_53_b_1.nii.gz,abdomen/abdomen,hiatal hernia,Yes.
train_53_b_1.nii.gz,abdomen/abdomen/stomach,hiatal hernia,Yes.
train_21_a_1.nii.gz,lung,millimetric nonspecific nodule,Yes.
train_21_a_1.nii.gz,lung/lung,millimetric nonspecific nodule,Yes.
train_21_a_1.nii.gz,lung/lung/right lung,millimetric nonspecific nodule,Yes.
train_21_a_1.nii.gz,lung/lung/right lung/right lung upper lobe,millimetric nonspecific nodule,Yes.
train_21_a_1.nii.gz,lung/lung/lung upper lobe,millimetric nonspecific nodule,Yes.
train_21_a_1.nii.gz,lung/lung/lung upper lobe/right lung upper lobe,millimetric nonspecific nodule,Yes.
train_21_a_1.nii.gz,trachea and bronchie,"diffuse peribronchial thickness increases, ectasia",Yes.
train_21_a_1.nii.gz,trachea and bronchie/bronchie,"diffuse peribronchial thickness increases, ectasia",Yes.
train_21_a_1.nii.gz,mediastinum,calcified atheroma plaques,Yes.
train_21_a_1.nii.gz,mediastinum/aorta,calcified atheroma plaques,Yes.
train_21_a_1.nii.gz,heart,pericardial effusion,Yes.
train_21_a_1.nii.gz,heart/heart,pericardial effusion,Yes.
train_21_a_1.nii.gz,heart/heart/heart tissue,pericardial effusion,Yes.
train_21_a_1.nii.gz,bone,osteophytic degenerative changes,Yes.
train_21_a_1.nii.gz,bone/bone,osteophytic degenerative changes,Yes.
train_21_a_1.nii.gz,bone/bone/vertebrae,osteophytic degenerative changes,Yes.
train_21_a_1.nii.gz,abdomen,"lesion, low-density adenoma, calcified atheroma plaques",Yes.
train_21_a_1.nii.gz,abdomen/abdomen,"lesion, low-density adenoma, calcified atheroma plaques",Yes.
train_21_a_1.nii.gz,abdomen/abdomen/adrenal gland,"lesion, low-density adenoma",Yes.
train_21_a_1.nii.gz,abdomen/abdomen/adrenal gland/left adrenal gland,"lesion, low-density adenoma",Yes.
train_21_a_1.nii.gz,abdomen/abdomen/aorta,calcified atheroma plaques,Yes.
train_19_a_1.nii.gz,lung,"linear atelectasis area, parenchymal distortion",Yes.
train_19_a_1.nii.gz,lung/lung,"linear atelectasis area, parenchymal distortion",Yes.
train_19_a_1.nii.gz,lung/lung/left lung,"linear atelectasis area, parenchymal distortion",Yes.
train_19_a_1.nii.gz,lung/lung/left lung/left lung lower lobe,"linear atelectasis area, parenchymal distortion",Yes.
train_19_a_1.nii.gz,lung/lung/right lung,"linear atelectasis area, parenchymal distortion",Yes.
train_19_a_1.nii.gz,lung/lung/right lung/right lung upper lobe,"linear atelectasis area, parenchymal distortion",Yes.
train_19_a_1.nii.gz,lung/lung/lung lower lobe,"linear atelectasis area, parenchymal distortion",Yes.
train_19_a_1.nii.gz,lung/lung/lung lower lobe/left lung lower lobe,"linear atelectasis area, parenchymal distortion",Yes.
train_19_a_1.nii.gz,lung/lung/lung upper lobe,"linear atelectasis area, parenchymal distortion",Yes.
train_19_a_1.nii.gz,lung/lung/lung upper lobe/right lung upper lobe,"linear atelectasis area, parenchymal distortion",Yes.
train_19_a_1.nii.gz,trachea and bronchie,wall thickness,Yes.
train_19_a_1.nii.gz,trachea and bronchie/bronchie,wall thickness,Yes.
train_19_a_1.nii.gz,heart,pericardial effusion,Yes.
train_19_a_1.nii.gz,heart/heart,pericardial effusion,Yes.
train_19_a_1.nii.gz,heart/heart/heart tissue,pericardial effusion,Yes.
train_19_a_1.nii.gz,abdomen,"thinning of the parenchyma thickness, partially sectioned, kidneys, dilatation in the collecting system",Yes.
train_19_a_1.nii.gz,abdomen/abdomen,"thinning of the parenchyma thickness, partially sectioned, kidneys, dilatation in the collecting system",Yes.
train_19_a_1.nii.gz,abdomen/abdomen/kidney,"thinning of the parenchyma thickness, partially sectioned, kidneys, dilatation in the collecting system",Yes.
train_44_b_1.nii.gz,lung,parenchymal damage,Yes.
train_44_b_1.nii.gz,lung/lung,parenchymal damage,Yes.
train_44_b_1.nii.gz,lung/lung/left lung,parenchymal damage,Yes.
train_44_b_1.nii.gz,pleura,pleural effusion,Yes.
train_44_b_1.nii.gz,pleura/pleura,pleural effusion,Yes.
train_93_a_1.nii.gz,lung,"band atelectasis, peribronchovascular structures, millimetric nonspecific nodules",Yes.
train_93_a_1.nii.gz,lung/lung,"band atelectasis, peribronchovascular structures, millimetric nonspecific nodules",Yes.
train_93_a_1.nii.gz,lung/lung/right lung,band atelectasis,Yes.
train_93_a_1.nii.gz,heart,pericardial effusion,Yes.
train_93_a_1.nii.gz,heart/heart,pericardial effusion,Yes.
train_93_a_1.nii.gz,heart/heart/heart tissue,pericardial effusion,Yes.
train_93_a_1.nii.gz,bone,degenerative changes,Yes.
train_93_a_1.nii.gz,bone/bone,degenerative changes,Yes.
train_93_a_1.nii.gz,bone/bone/vertebrae,degenerative changes,Yes.
train_28_a_1.nii.gz,lung,"consolidation areas, covid pneumonia, pneumonic infiltration, ground glass density",Yes.
train_28_a_1.nii.gz,lung/lung,"consolidation areas, covid pneumonia, pneumonic infiltration, ground glass density",Yes.
train_28_a_1.nii.gz,lung/lung/lung lower lobe,"consolidation areas, ground glass density",Yes.
train_28_a_1.nii.gz,lung/lung/lung upper lobe,"consolidation areas, ground glass density",Yes.
train_28_a_1.nii.gz,mediastinum,Mediastinal millimetric lymph nodes thought to be reactive,Yes.
train_28_a_1.nii.gz,mediastinum/mediastinal tissue,Mediastinal millimetric lymph nodes thought to be reactive,Yes.
train_28_a_1.nii.gz,heart,"aortic valve calcification, focal calcific plaque, left ventricular diameter, pericardial effusion",Yes.
train_28_a_1.nii.gz,heart/heart,"aortic valve calcification, focal calcific plaque, left ventricular diameter, pericardial effusion",Yes.
train_28_a_1.nii.gz,heart/heart/heart ventricle,left ventricular diameter,Yes.
train_28_a_1.nii.gz,heart/heart/heart tissue,"focal calcific plaque, aortic valve calcification, pericardial effusion",Yes.
train_142_a_1.nii.gz,heart,pericardial effusion,Yes.
train_142_a_1.nii.gz,heart/heart,pericardial effusion,Yes.
train_142_a_1.nii.gz,heart/heart/heart tissue,pericardial effusion,Yes.
train_142_a_1.nii.gz,abdomen,mild steatosis,Yes.
train_142_a_1.nii.gz,abdomen/abdomen,mild steatosis,Yes.
train_142_a_1.nii.gz,abdomen/abdomen/liver,mild steatosis,Yes.
train_90_b_1.nii.gz,lung,"pleuroparenchymal sequelae density increases, mild emphysematous changes, infectious process, acinar opacities",Yes.
train_90_b_1.nii.gz,lung/lung,"pleuroparenchymal sequelae density increases, mild emphysematous changes, infectious process, acinar opacities",Yes.
train_90_b_1.nii.gz,lung/lung/left lung,"pleuroparenchymal sequelae density increases, acinar opacities",Yes.
train_90_b_1.nii.gz,lung/lung/left lung/left lung lower lobe,pleuroparenchymal sequelae density increases,Yes.
train_90_b_1.nii.gz,lung/lung/left lung/left lung upper lobe,acinar opacities,Yes.
train_90_b_1.nii.gz,lung/lung/right lung,infectious process,Yes.
train_90_b_1.nii.gz,lung/lung/right lung/right lung upper lobe,infectious process,Yes.
train_90_b_1.nii.gz,lung/lung/lung lower lobe,"acinar opacities, pleuroparenchymal sequelae density increases",Yes.
train_90_b_1.nii.gz,lung/lung/lung lower lobe/left lung lower lobe,pleuroparenchymal sequelae density increases,Yes.
train_90_b_1.nii.gz,lung/lung/lung upper lobe,"acinar opacities, infectious process",Yes.
train_90_b_1.nii.gz,lung/lung/lung upper lobe/left lung upper lobe,acinar opacities,Yes.
train_90_b_1.nii.gz,lung/lung/lung upper lobe/right lung upper lobe,infectious process,Yes.
train_90_b_1.nii.gz,esophagus,siliding type hiatal hernia,Yes.
train_90_b_1.nii.gz,esophagus/esophagus,siliding type hiatal hernia,Yes.
train_90_b_1.nii.gz,pleura,free pleural effusion,Yes.
train_90_b_1.nii.gz,pleura/pleura,free pleural effusion,Yes.
train_90_b_1.nii.gz,bone,lytic lesions,Yes.
train_90_b_1.nii.gz,bone/bone,lytic lesions,Yes.
train_86_a_1.nii.gz,lung,vascular prominence,Yes.
train_86_a_1.nii.gz,lung/lung,vascular prominence,Yes.
train_86_a_1.nii.gz,heart,replacement,Yes.
train_86_a_1.nii.gz,heart/heart,replacement,Yes.
train_86_a_1.nii.gz,pleura,"pleural effusion, bilateral minimal pleural effusion",Yes.
train_86_a_1.nii.gz,pleura/pleura,"pleural effusion, bilateral minimal pleural effusion",Yes.
train_86_a_1.nii.gz,bone,s scoliosis,Yes.
train_86_a_1.nii.gz,bone/bone,s scoliosis,Yes.
train_86_a_1.nii.gz,bone/bone/vertebrae,s scoliosis,Yes.
train_80_a_1.nii.gz,lung,"nonspecific nodules, emphysematous changes",Yes.
train_80_a_1.nii.gz,lung/lung,"nonspecific nodules, emphysematous changes",Yes.
train_133_a_1.nii.gz,lung,"uniform interlobular septal thickenings, emphysematous appearance, sequelae thickening, diffuse pleuroparenchymal fibroateletatic sequelae, passive atelectatic changes, cardiac failure",Yes.
train_133_a_1.nii.gz,lung/lung,"uniform interlobular septal thickenings, emphysematous appearance, sequelae thickening, diffuse pleuroparenchymal fibroateletatic sequelae, passive atelectatic changes, cardiac failure",Yes.
train_133_a_1.nii.gz,lung/lung/left lung,"sequelae thickening, diffuse pleuroparenchymal fibroateletatic sequelae, cardiac failure, uniform interlobular septal thickenings",Yes.
train_133_a_1.nii.gz,lung/lung/right lung,"passive atelectatic changes, cardiac failure, uniform interlobular septal thickenings",Yes.
train_133_a_1.nii.gz,lung/lung/lung lower lobe,"diffuse pleuroparenchymal fibroateletatic sequelae, cardiac failure, uniform interlobular septal thickenings",Yes.
train_133_a_1.nii.gz,lung/lung/lung upper lobe,emphysematous appearance,Yes.
train_133_a_1.nii.gz,trachea and bronchie,peribronchial thickening,Yes.
train_133_a_1.nii.gz,trachea and bronchie/bronchie,peribronchial thickening,Yes.
train_133_a_1.nii.gz,mediastinum,"calcified atherosclerotic changes, diffuse atherosclerotic wall calcifications",Yes.
train_133_a_1.nii.gz,mediastinum/aorta,"calcified atherosclerotic changes, diffuse atherosclerotic wall calcifications",Yes.
train_133_a_1.nii.gz,heart,pericardial effusion,Yes.
train_133_a_1.nii.gz,heart/heart,pericardial effusion,Yes.
train_133_a_1.nii.gz,heart/heart/heart tissue,pericardial effusion,Yes.
train_133_a_1.nii.gz,pleura,"calcifications, pleural thickening, minimal sequela of pleural thickening",Yes.
train_133_a_1.nii.gz,pleura/pleura,"calcifications, pleural thickening, minimal sequela of pleural thickening",Yes.
train_133_a_1.nii.gz,bone,diffuse osteodegenerative changes,Yes.
train_133_a_1.nii.gz,bone/bone,diffuse osteodegenerative changes,Yes.
train_133_a_1.nii.gz,abdomen,"calcified atherosclerotic changes, cortical cysts, diffuse atherosclerotic wall calcifications",Yes.
train_133_a_1.nii.gz,abdomen/abdomen,"calcified atherosclerotic changes, cortical cysts, diffuse atherosclerotic wall calcifications",Yes.
train_133_a_1.nii.gz,abdomen/abdomen/aorta,"calcified atherosclerotic changes, diffuse atherosclerotic wall calcifications",Yes.
train_133_a_1.nii.gz,abdomen/abdomen/kidney,cortical cysts,Yes.
train_25_a_1.nii.gz,lung,"nonspecific nodule, 5 . 9 mm diameter nonspecific nodule",Yes.
train_25_a_1.nii.gz,lung/lung,"nonspecific nodule, 5 . 9 mm diameter nonspecific nodule",Yes.
train_25_a_1.nii.gz,lung/lung/left lung,"nonspecific nodule, 5 . 9 mm diameter nonspecific nodule",Yes.
train_25_a_1.nii.gz,lung/lung/left lung/left lung lower lobe,"nonspecific nodule, 5 . 9 mm diameter nonspecific nodule",Yes.
train_25_a_1.nii.gz,lung/lung/lung lower lobe,"nonspecific nodule, 5 . 9 mm diameter nonspecific nodule",Yes.
train_25_a_1.nii.gz,lung/lung/lung lower lobe/left lung lower lobe,"nonspecific nodule, 5 . 9 mm diameter nonspecific nodule",Yes.
train_25_a_1.nii.gz,heart,pericardial effusion,Yes.
train_25_a_1.nii.gz,heart/heart,pericardial effusion,Yes.
train_25_a_1.nii.gz,heart/heart/heart tissue,pericardial effusion,Yes.
train_100_a_1.nii.gz,lung,"millimetric nodules, consolidation, pneumonic infiltration, atelectasis, area of increased density, effusion, emphysematous changes, compressive atelectasis",Yes.
train_100_a_1.nii.gz,lung/lung,"millimetric nodules, consolidation, pneumonic infiltration, atelectasis, area of increased density, effusion, emphysematous changes, compressive atelectasis",Yes.
train_100_a_1.nii.gz,lung/lung/left lung,"millimetric nodules, consolidation",Yes.
train_100_a_1.nii.gz,lung/lung/left lung/left lung lower lobe,consolidation,Yes.
train_100_a_1.nii.gz,lung/lung/right lung,effusion,Yes.
train_100_a_1.nii.gz,lung/lung/lung lower lobe,consolidation,Yes.
train_100_a_1.nii.gz,lung/lung/lung lower lobe/left lung lower lobe,consolidation,Yes.
train_100_a_1.nii.gz,mediastinum,wider than normal,Yes.
train_100_a_1.nii.gz,mediastinum/pulmonary artery,wider than normal,Yes.
train_100_a_1.nii.gz,heart,pericardial effusion,Yes.
train_100_a_1.nii.gz,heart/heart,pericardial effusion,Yes.
train_100_a_1.nii.gz,heart/heart/heart tissue,pericardial effusion,Yes.
train_100_a_1.nii.gz,abdomen,"peritoneal carcinomatosis, hypodense lesions",Yes.
train_100_a_1.nii.gz,abdomen/abdomen,"peritoneal carcinomatosis, hypodense lesions",Yes.
train_100_a_1.nii.gz,abdomen/abdomen/liver,"peritoneal carcinomatosis, hypodense lesions",Yes.
train_100_a_1.nii.gz,abdomen/abdomen/spleen,"peritoneal carcinomatosis, hypodense lesions",Yes.
train_90_a_1.nii.gz,lung,budding tree images,Yes.
train_90_a_1.nii.gz,lung/lung,budding tree images,Yes.
train_90_a_1.nii.gz,lung/lung/right lung,budding tree images,Yes.
train_90_a_1.nii.gz,lung/lung/right lung/right lung upper lobe,budding tree images,Yes.
train_90_a_1.nii.gz,lung/lung/lung upper lobe,budding tree images,Yes.
train_90_a_1.nii.gz,lung/lung/lung upper lobe/right lung upper lobe,budding tree images,Yes.
train_90_a_1.nii.gz,trachea and bronchie,bronchiolitis,Yes.
train_90_a_1.nii.gz,trachea and bronchie/bronchie,bronchiolitis,Yes.
train_90_a_1.nii.gz,mediastinum,"hypodense findings, oval-shaped hypodense findings, Oval-shaped hypodense findings measuring up to 24x15 mm in the paratracheal and aorticopulmonary window",Yes.
train_90_a_1.nii.gz,mediastinum/mediastinal tissue,"hypodense findings, oval-shaped hypodense findings, Oval-shaped hypodense findings measuring up to 24x15 mm in the paratracheal and aorticopulmonary window",Yes.
train_90_a_1.nii.gz,heart,pericardial effusion,Yes.
train_90_a_1.nii.gz,heart/heart,pericardial effusion,Yes.
train_90_a_1.nii.gz,heart/heart/heart tissue,pericardial effusion,Yes.
train_90_a_1.nii.gz,bone,"multiple myeloma, lytic lesions",Yes.
train_90_a_1.nii.gz,bone/bone,"multiple myeloma, lytic lesions",Yes.
train_37_c_1.nii.gz,lung,"centriacinar nodular infiltrates, budding tree appearance, infective pathologies, manifestations",Yes.
train_37_c_1.nii.gz,lung/lung,"centriacinar nodular infiltrates, budding tree appearance, infective pathologies, manifestations",Yes.
train_37_c_1.nii.gz,lung/lung/lung lower lobe,"centriacinar nodular infiltrates, budding tree appearance",Yes.
train_37_c_1.nii.gz,lung/lung/lung upper lobe,"centriacinar nodular infiltrates, budding tree appearance",Yes.
train_37_c_1.nii.gz,heart,pericardial effusion,Yes.
train_37_c_1.nii.gz,heart/heart,pericardial effusion,Yes.
train_37_c_1.nii.gz,heart/heart/heart tissue,pericardial effusion,Yes.
train_37_c_1.nii.gz,breast,bilateral gynecomastia,Yes.
train_37_c_1.nii.gz,breast/breast,bilateral gynecomastia,Yes.
train_37_c_1.nii.gz,abdomen,"heterogeneous, millimetric calculi",Yes.
train_37_c_1.nii.gz,abdomen/abdomen,"heterogeneous, millimetric calculi",Yes.
train_37_c_1.nii.gz,abdomen/abdomen/abdominal tissue,heterogeneous,Yes.
train_37_c_1.nii.gz,abdomen/abdomen/gallbladder,millimetric calculi,Yes.
train_84_a_1.nii.gz,heart,pericardial effusion,Yes.
train_84_a_1.nii.gz,heart/heart,pericardial effusion,Yes.
train_84_a_1.nii.gz,heart/heart/heart tissue,pericardial effusion,Yes.
train_84_a_1.nii.gz,pleura,pleural effusion,Yes.
train_84_a_1.nii.gz,pleura/pleura,pleural effusion,Yes.
train_122_a_1.nii.gz,lung,"consolidative changes, necrotic changes, mass lesion, ground glass density increases, subsegmental atelectasis, emphysematous changes",Yes.
train_122_a_1.nii.gz,lung/lung,"consolidative changes, necrotic changes, mass lesion, ground glass density increases, subsegmental atelectasis, emphysematous changes",Yes.
train_122_a_1.nii.gz,lung/lung/right lung,"consolidative changes, subsegmental atelectasis, mass lesion, ground glass density increases",Yes.
train_122_a_1.nii.gz,lung/lung/right lung/right lung lower lobe,"consolidative changes, subsegmental atelectasis, ground glass density increases",Yes.
train_122_a_1.nii.gz,lung/lung/right lung/right lung upper lobe,mass lesion,Yes.
train_122_a_1.nii.gz,lung/lung/lung lower lobe,"consolidative changes, mass lesion, subsegmental atelectasis, ground glass density increases",Yes.
train_122_a_1.nii.gz,lung/lung/lung lower lobe/right lung lower lobe,"consolidative changes, subsegmental atelectasis, ground glass density increases",Yes.
train_122_a_1.nii.gz,lung/lung/lung upper lobe,mass lesion,Yes.
train_122_a_1.nii.gz,lung/lung/lung upper lobe/right lung upper lobe,mass lesion,Yes.
train_122_a_1.nii.gz,others,mass,Yes.
train_122_a_1.nii.gz,others/thoracic cavity,mass,Yes.
train_95_a_1.nii.gz,heart,pericardial effusion,Yes.
train_95_a_1.nii.gz,heart/heart,pericardial effusion,Yes.
train_95_a_1.nii.gz,heart/heart/heart tissue,pericardial effusion,Yes.
train_95_a_1.nii.gz,bone,shallow schmorl nodules,Yes.
train_95_a_1.nii.gz,bone/bone,shallow schmorl nodules,Yes.
train_95_a_1.nii.gz,bone/bone/vertebrae,shallow schmorl nodules,Yes.
train_95_a_1.nii.gz,bone/bone/vertebrae/thoracic vertebrae,shallow schmorl nodules,Yes.
train_95_a_1.nii.gz,abdomen,liver cc,Yes.
train_95_a_1.nii.gz,abdomen/abdomen,liver cc,Yes.
train_95_a_1.nii.gz,abdomen/abdomen/liver,liver cc,Yes.
train_69_a_1.nii.gz,lung,millimetric nonspecific parenchymal nodules,Yes.
train_69_a_1.nii.gz,lung/lung,millimetric nonspecific parenchymal nodules,Yes.
train_69_a_1.nii.gz,heart,"calcified atherosclerotic changes, mild calcified atherosclerotic changes, cardiomegaly",Yes.
train_69_a_1.nii.gz,heart/heart,"calcified atherosclerotic changes, mild calcified atherosclerotic changes, cardiomegaly",Yes.
train_69_a_1.nii.gz,heart/heart/heart tissue,"calcified atherosclerotic changes, mild calcified atherosclerotic changes",Yes.
train_69_a_1.nii.gz,esophagus,sliding type hiatal hernia,Yes.
train_69_a_1.nii.gz,esophagus/esophagus,sliding type hiatal hernia,Yes.
train_69_a_1.nii.gz,bone,"diffuse degenerative changes, vacuum phenomenon",Yes.
train_69_a_1.nii.gz,bone/bone,"diffuse degenerative changes, vacuum phenomenon",Yes.
train_69_a_1.nii.gz,bone/bone/vertebrae,"diffuse degenerative changes, vacuum phenomenon",Yes.
train_69_a_1.nii.gz,bone/bone/vertebrae/lumbar vertebrae,"diffuse degenerative changes, vacuum phenomenon",Yes.
train_69_a_1.nii.gz,bone/bone/vertebrae/lumbar vertebrae/lumbar vertebrae 3 (l3),"diffuse degenerative changes, vacuum phenomenon",Yes.
train_22_a_1.nii.gz,mediastinum,postoperative changes,Yes.
train_22_a_1.nii.gz,mediastinum/mediastinal tissue,postoperative changes,Yes.
train_22_a_1.nii.gz,heart,"calcific atheromatous plaques, pericardial effusion",Yes.
train_22_a_1.nii.gz,heart/heart,"calcific atheromatous plaques, pericardial effusion",Yes.
train_22_a_1.nii.gz,heart/heart/heart tissue,"calcific atheromatous plaques, pericardial effusion",Yes.
train_22_a_1.nii.gz,pleura,"consolidated lesion, parenchymal recessions",Yes.
train_22_a_1.nii.gz,pleura/pleura,"consolidated lesion, parenchymal recessions",Yes.
train_22_a_1.nii.gz,bone,degenerative changes,Yes.
train_22_a_1.nii.gz,bone/bone,degenerative changes,Yes.
train_22_a_1.nii.gz,bone/bone/vertebrae,degenerative changes,Yes.
train_15_a_1.nii.gz,lung,"pleuroparenchymal sequelae density increases, appearance, early viral pneumonia, sequelae",Yes.
train_15_a_1.nii.gz,lung/lung,"pleuroparenchymal sequelae density increases, appearance, early viral pneumonia, sequelae",Yes.
train_15_a_1.nii.gz,heart,pericardial effusion,Yes.
train_15_a_1.nii.gz,heart/heart,pericardial effusion,Yes.
train_15_a_1.nii.gz,heart/heart/heart tissue,pericardial effusion,Yes.
train_15_a_1.nii.gz,pleura,"focal thickening of the pleura, ground-glass opacities",Yes.
train_15_a_1.nii.gz,pleura/pleura,"focal thickening of the pleura, ground-glass opacities",Yes.
train_15_a_1.nii.gz,abdomen,accessory spleen,Yes.
train_15_a_1.nii.gz,abdomen/abdomen,accessory spleen,Yes.
train_15_a_1.nii.gz,abdomen/abdomen/spleen,accessory spleen,Yes.
train_29_b_1.nii.gz,heart,pericardial minimal effusion,Yes.
train_29_b_1.nii.gz,heart/heart,pericardial minimal effusion,Yes.
train_29_b_1.nii.gz,heart/heart/heart tissue,pericardial minimal effusion,Yes.
train_138_b_1.nii.gz,lung,"subacute form, interlobular septal thickenings, paramediastinal band atelectasis, peribronchial ground glass densities, tubular bronchiectasis, covid-19 pneumonia",Yes.
train_138_b_1.nii.gz,lung/lung,"subacute form, interlobular septal thickenings, paramediastinal band atelectasis, peribronchial ground glass densities, tubular bronchiectasis, covid-19 pneumonia",Yes.
train_138_b_1.nii.gz,lung/lung/right lung,"tubular bronchiectasis, paramediastinal band atelectasis",Yes.
train_138_b_1.nii.gz,mediastinum,"plonjan goiter, lymph node",Yes.
train_138_b_1.nii.gz,mediastinum/mediastinal tissue,"plonjan goiter, lymph node",Yes.
train_138_b_1.nii.gz,heart,pericardial effusion,Yes.
train_138_b_1.nii.gz,heart/heart,pericardial effusion,Yes.
train_138_b_1.nii.gz,heart/heart/heart tissue,pericardial effusion,Yes.
train_138_b_1.nii.gz,pleura,subpleural striations,Yes.
train_138_b_1.nii.gz,pleura/pleura,subpleural striations,Yes.
train_138_b_1.nii.gz,abdomen,hepatosteatosis,Yes.
train_138_b_1.nii.gz,abdomen/abdomen,hepatosteatosis,Yes.
train_138_b_1.nii.gz,abdomen/abdomen/liver,hepatosteatosis,Yes.
train_99_a_1.nii.gz,lung,"mass, lymph nodes in pathological size and appearance",No.
train_99_a_1.nii.gz,lung/lung,"mass, lymph nodes in pathological size and appearance",No.
train_99_a_1.nii.gz,mediastinum,lymph nodes in pathological size and appearance,No.
train_128_a_1.nii.gz,lung,"mass, infiltrative lesion",No.
train_128_a_1.nii.gz,lung/lung,"mass, infiltrative lesion",No.
train_128_a_1.nii.gz,mediastinum,pathologically enlarged lymph nodes,No.
train_128_a_1.nii.gz,mediastinum/mediastinal tissue,pathologically enlarged lymph nodes,No.
train_128_a_1.nii.gz,esophagus,pathological increase in wall thickness,No.
train_128_a_1.nii.gz,esophagus/esophagus,pathological increase in wall thickness,No.
train_128_a_1.nii.gz,bone,lytic-destructive lesions,No.
train_128_a_1.nii.gz,bone/bone,lytic-destructive lesions,No.
train_128_a_1.nii.gz,abdomen,"upper abdominal free fluid-collection, pathologically enlarged lymph nodes",No.
train_128_a_1.nii.gz,abdomen/abdomen,"upper abdominal free fluid-collection, pathologically enlarged lymph nodes",No.
train_128_a_1.nii.gz,abdomen/abdomen/gallbladder,pathologically enlarged lymph nodes,No.
train_6_a_1.nii.gz,lung,new lesion,No.
train_6_a_1.nii.gz,lung/lung,new lesion,No.
train_61_b_1.nii.gz,abdomen,metastases,No.
train_61_b_1.nii.gz,abdomen/abdomen,metastases,No.
train_61_b_1.nii.gz,abdomen/abdomen/liver,metastases,No.
train_14_a_1.nii.gz,esophagus,tumoral wall thickening,No.
train_14_a_1.nii.gz,esophagus/esophagus,tumoral wall thickening,No.
train_139_b_1.nii.gz,pleura,subpleural ground glass densities,No.
train_139_b_1.nii.gz,pleura/pleura,subpleural ground glass densities,No.
train_105_b_1.nii.gz,lung,pneumonic infiltration-mass,No.
train_105_b_1.nii.gz,lung/lung,pneumonic infiltration-mass,No.
train_105_b_1.nii.gz,pleura,"pleural effusion-thickening, pleural effusion",No.
train_105_b_1.nii.gz,pleura/pleura,"pleural effusion-thickening, pleural effusion",No.
train_105_b_1.nii.gz,bone,fractures,No.
train_105_b_1.nii.gz,bone/bone,fractures,No.
train_105_b_1.nii.gz,abdomen,"intra-abdominal free fluid, air image",No.
train_105_b_1.nii.gz,abdomen/abdomen,"intra-abdominal free fluid, air image",No.
train_51_c_1.nii.gz,lung,newly developed nodules,No.
train_51_c_1.nii.gz,lung/lung,newly developed nodules,No.
train_51_c_1.nii.gz,abdomen,"intra-abdominal free fluid, loculated fluid",No.
train_51_c_1.nii.gz,abdomen/abdomen,"intra-abdominal free fluid, loculated fluid",No.
train_86_c_1.nii.gz,pleura,"pleural effusion-thickening, pleural effusion",No.
train_86_c_1.nii.gz,pleura/pleura,"pleural effusion-thickening, pleural effusion",No.
train_55_b_1.nii.gz,lung,infiltrative lesion,No.
train_55_b_1.nii.gz,lung/lung,infiltrative lesion,No.
train_3_b_1.nii.gz,lung,mass,No.
train_3_b_1.nii.gz,lung/lung,mass,No.
train_3_b_1.nii.gz,esophagus,pathological wall thickness increase,No.
train_3_b_1.nii.gz,esophagus/esophagus,pathological wall thickness increase,No.
train_3_b_1.nii.gz,abdomen,upper abdominal free fluid-collection,No.
train_3_b_1.nii.gz,abdomen/abdomen,upper abdominal free fluid-collection,No.
train_147_a_1.nii.gz,lung,"mass, infiltrative lesion",No.
train_147_a_1.nii.gz,lung/lung,"mass, infiltrative lesion",No.
train_147_a_1.nii.gz,abdomen,"discernible mass, upper abdominal free fluid-collection",No.
train_147_a_1.nii.gz,abdomen/abdomen,"discernible mass, upper abdominal free fluid-collection",No.
train_41_a_1.nii.gz,lung,"mass, infiltration",No.
train_41_a_1.nii.gz,lung/lung,"mass, infiltration",No.
train_41_a_1.nii.gz,mediastinum,pathological lap,No.
train_41_a_1.nii.gz,mediastinum/mediastinal tissue,pathological lap,No.
train_41_a_1.nii.gz,pleura,"pleural effusion-thickening, pleural effusion",No.
train_41_a_1.nii.gz,pleura/pleura,"pleural effusion-thickening, pleural effusion",No.
train_48_a_1.nii.gz,lung,"suspicious mass, nodular space-occupying lesion",No.
train_48_a_1.nii.gz,lung/lung,"suspicious mass, nodular space-occupying lesion",No.
train_64_a_1.nii.gz,lung,mass,No.
train_64_a_1.nii.gz,lung/lung,mass,No.
train_109_a_1.nii.gz,lung,"mass lesion, active infiltration",No.
train_109_a_1.nii.gz,lung/lung,"mass lesion, active infiltration",No.
train_13_a_1.nii.gz,abdomen,space-occupying lesion,No.
train_13_a_1.nii.gz,abdomen/abdomen,space-occupying lesion,No.
train_13_a_1.nii.gz,abdomen/abdomen/liver,space-occupying lesion,No.
train_34_a_1.nii.gz,lung,"mass, infiltrative lesion",No.
train_34_a_1.nii.gz,lung/lung,"mass, infiltrative lesion",No.
train_34_a_1.nii.gz,mediastinum,pathologically enlarged lymph nodes,No.
train_34_a_1.nii.gz,mediastinum/mediastinal tissue,pathologically enlarged lymph nodes,No.
train_34_a_1.nii.gz,abdomen,upper abdominal free fluid-collection,No.
train_34_a_1.nii.gz,abdomen/abdomen,upper abdominal free fluid-collection,No.
train_52_a_1.nii.gz,mediastinum,enlarged lymph nodes,No.
train_52_a_1.nii.gz,mediastinum/mediastinal tissue,enlarged lymph nodes,No.
train_102_b_1.nii.gz,lung,pathology,No.
train_102_b_1.nii.gz,lung/lung,pathology,No.
train_11_a_1.nii.gz,lung,infiltrative lesion,No.
train_11_a_1.nii.gz,lung/lung,infiltrative lesion,No.
train_29_a_1.nii.gz,mediastinum,pathological lap,No.
train_29_a_1.nii.gz,mediastinum/mediastinal tissue,pathological lap,No.
train_29_a_1.nii.gz,pleura,"pleural effusion-thickening, pleural effusion",No.
train_29_a_1.nii.gz,pleura/pleura,"pleural effusion-thickening, pleural effusion",No.
train_51_a_1.nii.gz,abdomen,"intra-abdominal free fluid, pathologically enlarged lymph nodes",No.
train_51_a_1.nii.gz,abdomen/abdomen,"intra-abdominal free fluid, pathologically enlarged lymph nodes",No.
train_27_a_1.nii.gz,lung,mass lesion,No.
train_27_a_1.nii.gz,lung/lung,mass lesion,No.
train_113_a_1.nii.gz,lung,"mass, infiltrative lesion",No.
train_113_a_1.nii.gz,lung/lung,"mass, infiltrative lesion",No.
train_113_a_1.nii.gz,pleura,pericardial effusion,No.
train_113_a_1.nii.gz,pleura/pleura,pericardial effusion,No.
train_113_a_1.nii.gz,abdomen,upper abdominal free fluid-collection,No.
train_113_a_1.nii.gz,abdomen/abdomen,upper abdominal free fluid-collection,No.
train_141_a_1.nii.gz,abdomen,space-occupying lesion,No.
train_141_a_1.nii.gz,abdomen/abdomen,space-occupying lesion,No.
train_96_a_1.nii.gz,abdomen,"space occupying lesion, space-occupying lesion",No.
train_96_a_1.nii.gz,abdomen/abdomen,"space occupying lesion, space-occupying lesion",No.
train_96_a_1.nii.gz,abdomen/abdomen/liver,space occupying lesion,No.
train_97_a_1.nii.gz,esophagus,tumoral wall thickening,No.
train_97_a_1.nii.gz,esophagus/esophagus,tumoral wall thickening,No.
train_97_a_1.nii.gz,bone,"fractures, lytic lesions",No.
train_97_a_1.nii.gz,bone/bone,"fractures, lytic lesions",No.
train_135_a_1.nii.gz,lung,mass lesions,No.
train_135_a_1.nii.gz,lung/lung,mass lesions,No.
train_135_a_1.nii.gz,mediastinum,pathological lymphadenopathy,No.
train_135_a_1.nii.gz,abdomen,natural appearance,No.
train_135_a_1.nii.gz,abdomen/abdomen,natural appearance,No.
train_83_a_1.nii.gz,lung,"pneumonia, lymph nodes in pathological size, pathological size and configuration",No.
train_83_a_1.nii.gz,lung/lung,"pneumonia, lymph nodes in pathological size, pathological size and configuration",No.
train_83_a_1.nii.gz,esophagus,tumoral wall thickening,No.
train_83_a_1.nii.gz,esophagus/esophagus,tumoral wall thickening,No.
train_83_a_1.nii.gz,abdomen,space-occupying lesion,No.
train_83_a_1.nii.gz,abdomen/abdomen,space-occupying lesion,No.
train_8_b_1.nii.gz,lung,symmetrical,No.
train_8_b_1.nii.gz,lung/lung,symmetrical,No.
train_8_b_1.nii.gz,mediastinum,"natural, lymph nodes in pathological size, pathological size and configuration",No.
train_8_b_1.nii.gz,esophagus,pathological wall thickening,No.
train_8_b_1.nii.gz,esophagus/esophagus,pathological wall thickening,No.
train_8_b_1.nii.gz,pleura,"pneumothorax, pneumonia, pleural effusion",No.
train_8_b_1.nii.gz,pleura/pleura,"pneumothorax, pneumonia, pleural effusion",No.
train_130_a_1.nii.gz,lung,"lymph nodes in pathological size and appearance, mass nodule-infiltration",No.
train_130_a_1.nii.gz,lung/lung,"lymph nodes in pathological size and appearance, mass nodule-infiltration",No.
train_6_b_1.nii.gz,lung,lymph nodes in pathological size and appearance,No.
train_6_b_1.nii.gz,lung/lung,lymph nodes in pathological size and appearance,No.
train_6_b_1.nii.gz,mediastinum,lymph nodes in pathological size and appearance,No.
train_78_a_1.nii.gz,lung,"mass lesion, active infiltration",No.
train_78_a_1.nii.gz,lung/lung,"mass lesion, active infiltration",No.
train_63_a_1.nii.gz,heart,pericardial thickening-effusion,No.
train_63_a_1.nii.gz,heart/heart,pericardial thickening-effusion,No.
train_63_a_1.nii.gz,esophagus,pathological wall thickening,No.
train_63_a_1.nii.gz,esophagus/esophagus,pathological wall thickening,No.
train_63_a_1.nii.gz,bone,lytic-destructive lesion,No.
train_63_a_1.nii.gz,bone/bone,lytic-destructive lesion,No.
train_58_a_1.nii.gz,lung,symmetrical,No.
train_58_a_1.nii.gz,lung/lung,symmetrical,No.
train_58_a_1.nii.gz,mediastinum,"natural, lymph nodes in pathological size",No.
train_58_a_1.nii.gz,mediastinum/mediastinal tissue,"natural, lymph nodes in pathological size",No.
train_58_a_1.nii.gz,esophagus,tumoral wall thickening,No.
train_58_a_1.nii.gz,esophagus/esophagus,tumoral wall thickening,No.
train_58_a_1.nii.gz,pleura,"pneumothorax, pneumonia, pleural effusion",No.
train_58_a_1.nii.gz,pleura/pleura,"pneumothorax, pneumonia, pleural effusion",No.
train_17_a_1.nii.gz,abdomen,space-occupying lesion,No.
train_17_a_1.nii.gz,abdomen/abdomen,space-occupying lesion,No.
train_118_a_1.nii.gz,lung,mass lesion-active infiltration,No.
train_118_a_1.nii.gz,lung/lung,mass lesion-active infiltration,No.
train_118_a_1.nii.gz,esophagus,pathological wall thickening,No.
train_118_a_1.nii.gz,esophagus/esophagus,pathological wall thickening,No.
train_39_a_1.nii.gz,lung,mass nodule-infiltration,No.
train_39_a_1.nii.gz,lung/lung,mass nodule-infiltration,No.
train_39_a_1.nii.gz,bone,lytic-destructive lesion,No.
train_39_a_1.nii.gz,bone/bone,lytic-destructive lesion,No.
train_43_a_1.nii.gz,lung,"lymph nodes in pathological size and appearance, mass-infiltration",No.
train_43_a_1.nii.gz,lung/lung,"lymph nodes in pathological size and appearance, mass-infiltration",No.
train_134_a_1.nii.gz,lung,mass lesion-active infiltration,No.
train_134_a_1.nii.gz,lung/lung,mass lesion-active infiltration,No.
train_4_a_1.nii.gz,lung,mass lesion-active infiltration,No.
train_4_a_1.nii.gz,lung/lung,mass lesion-active infiltration,No.
train_87_a_1.nii.gz,lung,"bilaterally pathologically sized and configured lymph nodes at both hilar levels, symmetrical",No.
train_87_a_1.nii.gz,lung/lung,"bilaterally pathologically sized and configured lymph nodes at both hilar levels, symmetrical",No.
train_87_a_1.nii.gz,mediastinum,lymph nodes in pathological size,No.
train_87_a_1.nii.gz,abdomen,"natural, space-occupying lesion",No.
train_87_a_1.nii.gz,abdomen/abdomen,"natural, space-occupying lesion",No.
train_31_a_1.nii.gz,lung,lymph nodes in pathological size and appearance,No.
train_31_a_1.nii.gz,lung/lung,lymph nodes in pathological size and appearance,No.
train_70_a_1.nii.gz,lung,mass lesions,No.
train_70_a_1.nii.gz,lung/lung,mass lesions,No.
train_68_a_1.nii.gz,lung,"consolidation area, mass-occupying lesion",No.
train_68_a_1.nii.gz,lung/lung,"consolidation area, mass-occupying lesion",No.
train_117_a_1.nii.gz,lung,mass lesion-active infiltration,No.
train_117_a_1.nii.gz,lung/lung,mass lesion-active infiltration,No.
train_117_a_1.nii.gz,esophagus,pathological wall thickening,No.
train_117_a_1.nii.gz,esophagus/esophagus,pathological wall thickening,No.
train_54_a_1.nii.gz,lung,"apparent effusion, pneumothorax, pneumonia",No.
train_54_a_1.nii.gz,lung/lung,"apparent effusion, pneumothorax, pneumonia",No.
train_92_a_1.nii.gz,lung,mass,No.
train_92_a_1.nii.gz,lung/lung,mass,No.
train_92_a_1.nii.gz,bone,lesions,No.
train_92_a_1.nii.gz,bone/bone,lesions,No.
train_51_b_1.nii.gz,lung,lymph nodes in pathological size and appearance,No.
train_51_b_1.nii.gz,lung/lung,lymph nodes in pathological size and appearance,No.
train_51_b_1.nii.gz,mediastinum,"natural, lymph nodes in pathological size and appearance",No.
train_51_b_1.nii.gz,pleura,bilateral pleural thickening-effusion,No.
train_51_b_1.nii.gz,pleura/pleura,bilateral pleural thickening-effusion,No.
train_51_b_1.nii.gz,bone,lytic-destructive lesion,No.
train_51_b_1.nii.gz,bone/bone,lytic-destructive lesion,No.
train_51_b_1.nii.gz,abdomen,free fluid,No.
train_51_b_1.nii.gz,abdomen/abdomen,free fluid,No.
train_24_a_1.nii.gz,lung,"consolidation area, pneumonic infiltration",No.
train_24_a_1.nii.gz,lung/lung,"consolidation area, pneumonic infiltration",No.
train_24_a_1.nii.gz,mediastinum,lymph nodes in pathological size and appearance,No.
train_9_a_1.nii.gz,lung,pneumonic infiltration,No.
train_9_a_1.nii.gz,lung/lung,pneumonic infiltration,No.
train_125_a_1.nii.gz,lung,mass,No.
train_125_a_1.nii.gz,lung/lung,mass,No.
train_125_a_1.nii.gz,abdomen,upper abdominal collection,No.
train_125_a_1.nii.gz,abdomen/abdomen,upper abdominal collection,No.
train_88_a_1.nii.gz,lung,"mass, infiltrative lesion",No.
train_88_a_1.nii.gz,lung/lung,"mass, infiltrative lesion",No.
train_88_a_1.nii.gz,mediastinum,"enlarged lymph nodes, pathologically enlarged lymph nodes",No.
train_88_a_1.nii.gz,abdomen,upper abdominal free fluid-collection,No.
train_88_a_1.nii.gz,abdomen/abdomen,upper abdominal free fluid-collection,No.
train_76_a_1.nii.gz,lung,mass lesion,No.
train_76_a_1.nii.gz,lung/lung,mass lesion,No.
train_76_a_1.nii.gz,bone,"lytic-destructive lesion, metastasis",No.
train_76_a_1.nii.gz,bone/bone,"lytic-destructive lesion, metastasis",No.
train_46_a_1.nii.gz,lung,mass lesion-active infiltration,No.
train_46_a_1.nii.gz,lung/lung,mass lesion-active infiltration,No.
train_46_a_1.nii.gz,mediastinum,enlarged lymph nodes,No.
train_46_a_1.nii.gz,abdomen,space-occupying lesion,No.
train_46_a_1.nii.gz,abdomen/abdomen,space-occupying lesion,No.
train_46_a_1.nii.gz,abdomen/abdomen/liver,space-occupying lesion,No.
train_140_a_1.nii.gz,esophagus,tumoral wall thickening,No.
train_140_a_1.nii.gz,esophagus/esophagus,tumoral wall thickening,No.
train_5_a_1.nii.gz,lung,"mass lesion, active infiltration",No.
train_5_a_1.nii.gz,lung/lung,"mass lesion, active infiltration",No.
train_5_a_1.nii.gz,trachea and bronchie,obstructive pathology,No.
train_5_a_1.nii.gz,trachea and bronchie/bronchie,obstructive pathology,No.
train_5_a_1.nii.gz,mediastinum,lymph nodes in pathological size and appearance,No.
train_5_a_1.nii.gz,esophagus,pathological increase in wall thickness,No.
train_5_a_1.nii.gz,esophagus/esophagus,pathological increase in wall thickness,No.
train_5_a_1.nii.gz,abdomen,"solid mass, loculated collection, free fluid",No.
train_5_a_1.nii.gz,abdomen/abdomen,"solid mass, loculated collection, free fluid",No.
train_72_a_1.nii.gz,esophagus,pathological increase in diameter,No.
train_72_a_1.nii.gz,esophagus/esophagus,pathological increase in diameter,No.
train_39_d_1.nii.gz,abdomen,space-occupying lesion,No.
train_39_d_1.nii.gz,abdomen/abdomen,space-occupying lesion,No.
train_101_b_1.nii.gz,abdomen,right adrenal gland,No.
train_101_b_1.nii.gz,abdomen/abdomen,right adrenal gland,No.
train_101_b_1.nii.gz,abdomen/abdomen/adrenal gland,right adrenal gland,No.
train_3_a_1.nii.gz,lung,"active infiltrative, consolidation",No.
train_3_a_1.nii.gz,lung/lung,"active infiltrative, consolidation",No.
train_3_a_1.nii.gz,mediastinum,lymphadenopathy,No.
train_3_a_1.nii.gz,mediastinum/mediastinal tissue,lymphadenopathy,No.
train_3_a_1.nii.gz,pleura,"increased thickness, pleural effusion",No.
train_3_a_1.nii.gz,pleura/pleura,"increased thickness, pleural effusion",No.
train_3_a_1.nii.gz,bone,"fracture, lytic-sclerotic lesion",No.
train_3_a_1.nii.gz,bone/bone,"fracture, lytic-sclerotic lesion",No.
train_91_a_1.nii.gz,lung,"mass lesion, active infiltration",No.
train_91_a_1.nii.gz,lung/lung,"mass lesion, active infiltration",No.
train_91_a_1.nii.gz,bone,lytic-destructive lesion,No.
train_91_a_1.nii.gz,bone/bone,lytic-destructive lesion,No.
train_91_a_1.nii.gz,bone/bone/vertebrae,lytic-destructive lesion,No.
train_85_a_1.nii.gz,lung,"mass, infiltrative lesion",No.
train_85_a_1.nii.gz,lung/lung,"mass, infiltrative lesion",No.
train_85_a_1.nii.gz,bone,"significant difference, metastatic lesions",No.
train_85_a_1.nii.gz,bone/bone,"significant difference, metastatic lesions",No.
train_85_a_1.nii.gz,breast,"mass, pathologically enlarged lymph nodes",No.
train_85_a_1.nii.gz,breast/breast,"mass, pathologically enlarged lymph nodes",No.
train_53_a_1.nii.gz,mediastinum,enlarged lymph nodes,No.
train_53_a_1.nii.gz,esophagus,pathological wall thickening,No.
train_53_a_1.nii.gz,esophagus/esophagus,pathological wall thickening,No.
train_53_a_1.nii.gz,bone,lytic-destructive lesion,No.
train_53_a_1.nii.gz,bone/bone,lytic-destructive lesion,No.
train_53_a_1.nii.gz,bone/bone/vertebrae,lytic-destructive lesion,No.
train_53_a_1.nii.gz,bone/bone/vertebrae/thoracic vertebrae,lytic-destructive lesion,No.
train_42_a_1.nii.gz,lung,lymph nodes in pathological size and appearance,No.
train_42_a_1.nii.gz,lung/lung,lymph nodes in pathological size and appearance,No.
train_42_a_1.nii.gz,mediastinum,"dilatation, lymph nodes in pathological size and appearance",No.
train_42_a_1.nii.gz,mediastinum/mediastinal tissue,lymph nodes in pathological size and appearance,No.
train_127_a_1.nii.gz,lung,"mass, infiltrative lesion",No.
train_127_a_1.nii.gz,lung/lung,"mass, infiltrative lesion",No.
train_40_a_1.nii.gz,lung,"mass lesion, active infiltration",No.
train_40_a_1.nii.gz,lung/lung,"mass lesion, active infiltration",No.
train_40_a_1.nii.gz,trachea and bronchie,occlusive pathology,No.
train_40_a_1.nii.gz,trachea and bronchie/trachea,occlusive pathology,No.
train_40_a_1.nii.gz,trachea and bronchie/bronchie,occlusive pathology,No.
train_40_a_1.nii.gz,abdomen,"intraabdominal free fluid, loculated collection",No.
train_40_a_1.nii.gz,abdomen/abdomen,"intraabdominal free fluid, loculated collection",No.
train_7_a_1.nii.gz,lung,lymph nodes in pathological size and appearance,No.
train_7_a_1.nii.gz,lung/lung,lymph nodes in pathological size and appearance,No.
train_107_a_1.nii.gz,lung,"mass lesion, active infiltration",No.
train_107_a_1.nii.gz,lung/lung,"mass lesion, active infiltration",No.
train_107_a_1.nii.gz,trachea and bronchie,obstructive pathology,No.
train_107_a_1.nii.gz,trachea and bronchie/bronchie,obstructive pathology,No.
train_47_a_1.nii.gz,lung,mass lesion,No.
train_47_a_1.nii.gz,lung/lung,mass lesion,No.
train_47_a_1.nii.gz,abdomen,space-occupying lesion,No.
train_47_a_1.nii.gz,abdomen/abdomen,space-occupying lesion,No.
train_149_a_1.nii.gz,esophagus,pathological wall thickening,No.
train_149_a_1.nii.gz,esophagus/esophagus,pathological wall thickening,No.
train_126_a_1.nii.gz,heart,pericardial thickening,No.
train_126_a_1.nii.gz,heart/heart,pericardial thickening,No.
train_103_a_1.nii.gz,abdomen,space-occupying lesion,No.
train_103_a_1.nii.gz,abdomen/abdomen,space-occupying lesion,No.
train_61_c_1.nii.gz,abdomen,"upper abdominal free fluid-collection, pathologically enlarged lymph nodes",No.
train_61_c_1.nii.gz,abdomen/abdomen,"upper abdominal free fluid-collection, pathologically enlarged lymph nodes",No.
train_61_c_1.nii.gz,abdomen/abdomen/abdominal tissue,"upper abdominal free fluid-collection, pathologically enlarged lymph nodes",No.
train_129_a_1.nii.gz,lung,"pneumonic consolidation, fissural edema",No.
train_129_a_1.nii.gz,lung/lung,"pneumonic consolidation, fissural edema",No.
train_129_a_1.nii.gz,mediastinum,lymph nodes in pathological size and appearance,No.
train_129_a_1.nii.gz,mediastinum/mediastinal tissue,lymph nodes in pathological size and appearance,No.
train_129_a_1.nii.gz,bone,"lytic-destructive lesions, lymph nodes in pathological size and appearance",No.
train_129_a_1.nii.gz,bone/bone,"lytic-destructive lesions, lymph nodes in pathological size and appearance",No.
train_48_b_1.nii.gz,lung,"mass, infiltrative lesion",No.
train_48_b_1.nii.gz,lung/lung,"mass, infiltrative lesion",No.
train_48_b_1.nii.gz,mediastinum,"enlarged lymph nodes, pathologically enlarged lymph nodes",No.
train_48_b_1.nii.gz,abdomen,upper abdominal free fluid-collection,No.
train_48_b_1.nii.gz,abdomen/abdomen,upper abdominal free fluid-collection,No.
train_77_a_1.nii.gz,lung,lymph nodes in pathological size and appearance,No.
train_77_a_1.nii.gz,lung/lung,lymph nodes in pathological size and appearance,No.
train_77_a_1.nii.gz,abdomen,dilatation,No.
train_77_a_1.nii.gz,abdomen/abdomen,dilatation,No.
train_121_a_1.nii.gz,lung,"mass, lymph nodes in pathological size and appearance",No.
train_121_a_1.nii.gz,lung/lung,"mass, lymph nodes in pathological size and appearance",No.
train_121_a_1.nii.gz,heart,pericardial thickening,No.
train_121_a_1.nii.gz,heart/heart,pericardial thickening,No.
train_121_a_1.nii.gz,heart/heart/heart tissue,pericardial thickening,No.
train_121_a_1.nii.gz,abdomen,gall bladder,No.
train_121_a_1.nii.gz,abdomen/abdomen,gall bladder,No.
train_37_b_1.nii.gz,lung,"mass, significant difference",No.
train_37_b_1.nii.gz,lung/lung,"mass, significant difference",No.
train_37_b_1.nii.gz,mediastinum,pathologically enlarged lymph nodes,No.
train_37_b_1.nii.gz,abdomen,upper abdominal free fluid-collection,No.
train_37_b_1.nii.gz,abdomen/abdomen,upper abdominal free fluid-collection,No.
train_1_a_1.nii.gz,mediastinum,enlarged lymph nodes,No.
train_1_a_1.nii.gz,abdomen,space-occupying lesion,No.
train_1_a_1.nii.gz,abdomen/abdomen,space-occupying lesion,No.
train_20_a_1.nii.gz,lung,mass,No.
train_20_a_1.nii.gz,lung/lung,mass,No.
train_57_a_1.nii.gz,lung,"mass lesion, active infiltration",No.
train_57_a_1.nii.gz,lung/lung,"mass lesion, active infiltration",No.
train_61_a_1.nii.gz,lung,covid-19 pneumonia,No.
train_61_a_1.nii.gz,lung/lung,covid-19 pneumonia,No.
train_33_a_1.nii.gz,lung,mass,No.
train_33_a_1.nii.gz,lung/lung,mass,No.
train_33_a_1.nii.gz,mediastinum,pathologically enlarged lymph nodes,No.
train_33_a_1.nii.gz,abdomen,"upper abdominal free fluid-collection, pathologically enlarged lymph nodes",No.
train_33_a_1.nii.gz,abdomen/abdomen,"upper abdominal free fluid-collection, pathologically enlarged lymph nodes",No.
train_53_c_1.nii.gz,lung,"mass lesion, active infiltration",No.
train_53_c_1.nii.gz,lung/lung,"mass lesion, active infiltration",No.
train_53_c_1.nii.gz,esophagus,pathological increase in wall thickness,No.
train_53_c_1.nii.gz,esophagus/esophagus,pathological increase in wall thickness,No.
train_82_a_1.nii.gz,trachea and bronchie,occlusive pathology,No.
train_82_a_1.nii.gz,trachea and bronchie/bronchie,occlusive pathology,No.
train_82_a_1.nii.gz,mediastinum,"dilatation, lymph nodes in pathological size and appearance",No.
train_82_a_1.nii.gz,mediastinum/aorta,dilatation,No.
train_82_a_1.nii.gz,bone,lytic-destructive lesion,No.
train_82_a_1.nii.gz,bone/bone,lytic-destructive lesion,No.
train_82_a_1.nii.gz,abdomen,dilatation,No.
train_82_a_1.nii.gz,abdomen/abdomen,dilatation,No.
train_82_a_1.nii.gz,abdomen/abdomen/aorta,dilatation,No.
train_59_a_1.nii.gz,lung,"mass, infiltrative lesion",No.
train_59_a_1.nii.gz,lung/lung,"mass, infiltrative lesion",No.
train_60_b_1.nii.gz,lung,mass lesion,No.
train_60_b_1.nii.gz,lung/lung,mass lesion,No.
train_60_b_1.nii.gz,abdomen,space-occupying lesion,No.
train_60_b_1.nii.gz,abdomen/abdomen,space-occupying lesion,No.
train_30_a_1.nii.gz,lung,symmetrical,No.
train_30_a_1.nii.gz,lung/lung,symmetrical,No.
train_30_a_1.nii.gz,abdomen,"natural, space-occupying lesion",No.
train_30_a_1.nii.gz,abdomen/abdomen,"natural, space-occupying lesion",No.
train_46_b_1.nii.gz,lung,"mass, infiltrative lesion",No.
train_46_b_1.nii.gz,lung/lung,"mass, infiltrative lesion",No.
train_46_b_1.nii.gz,abdomen,"upper abdominal free fluid-collection, pathologically enlarged lymph nodes",No.
train_46_b_1.nii.gz,abdomen/abdomen,"upper abdominal free fluid-collection, pathologically enlarged lymph nodes",No.
train_12_a_1.nii.gz,lung,mass lesion-active infiltration,No.
train_12_a_1.nii.gz,lung/lung,mass lesion-active infiltration,No.
train_12_a_1.nii.gz,mediastinum,"natural, enlarged lymph nodes",No.
train_12_a_1.nii.gz,abdomen,space-occupying lesion,No.
train_12_a_1.nii.gz,abdomen/abdomen,space-occupying lesion,No.
train_49_a_1.nii.gz,lung,mass lesion-active infiltration,No.
train_49_a_1.nii.gz,lung/lung,mass lesion-active infiltration,No.
train_105_a_1.nii.gz,lung,"pneumothorax, suspicious mass lesion, pulmonary hematoma, pneumonic infiltration",No.
train_105_a_1.nii.gz,lung/lung,"pneumothorax, suspicious mass lesion, pulmonary hematoma, pneumonic infiltration",No.
train_105_a_1.nii.gz,abdomen,"free air image, free fluid",No.
train_105_a_1.nii.gz,abdomen/abdomen,"free air image, free fluid",No.
train_107_b_1.nii.gz,lung,mass,No.
train_107_b_1.nii.gz,lung/lung,mass,No.
train_144_a_1.nii.gz,lung,"lymph nodes in pathological size and appearance, mass nodule-infiltration",No.
train_144_a_1.nii.gz,lung/lung,"lymph nodes in pathological size and appearance, mass nodule-infiltration",No.
train_66_a_1.nii.gz,lung,mass,No.
train_66_a_1.nii.gz,lung/lung,mass,No.
train_66_a_1.nii.gz,abdomen,space-occupying lesion,No.
train_66_a_1.nii.gz,abdomen/abdomen,space-occupying lesion,No.
train_60_c_1.nii.gz,lung,lymph nodes in pathological size and appearance,No.
train_60_c_1.nii.gz,lung/lung,lymph nodes in pathological size and appearance,No.
train_60_c_1.nii.gz,mediastinum,dilatation,No.
train_45_a_1.nii.gz,lung,"discernible mass, mass",No.
train_45_a_1.nii.gz,lung/lung,"discernible mass, mass",No.
train_45_a_1.nii.gz,mediastinum,lymph nodes in pathological size and appearance,No.
train_45_a_1.nii.gz,esophagus,pathological increase in wall thickness,No.
train_45_a_1.nii.gz,esophagus/esophagus,pathological increase in wall thickness,No.
train_60_a_1.nii.gz,abdomen,space-occupying lesion,No.
train_60_a_1.nii.gz,abdomen/abdomen,space-occupying lesion,No.
train_119_a_1.nii.gz,abdomen,significant pathology,No.
train_119_a_1.nii.gz,abdomen/abdomen,significant pathology,No.
train_67_a_1.nii.gz,lung,nodular lesions,No.
train_67_a_1.nii.gz,lung/lung,nodular lesions,No.
train_37_a_1.nii.gz,heart,"obvious pathology, pericardial effusion, thickening",No.
train_37_a_1.nii.gz,heart/heart,"obvious pathology, pericardial effusion, thickening",No.
train_37_a_1.nii.gz,heart/heart/heart tissue,"obvious pathology, pericardial effusion, thickening",No.
train_39_b_1.nii.gz,lung,mass nodule infiltration,No.
train_39_b_1.nii.gz,lung/lung,mass nodule infiltration,No.
train_52_b_1.nii.gz,mediastinum,enlarged lymph nodes,No.
train_52_b_1.nii.gz,mediastinum/mediastinal tissue,enlarged lymph nodes,No.
train_35_a_1.nii.gz,lung,lymph nodes in pathological size and appearance,No.
train_35_a_1.nii.gz,lung/lung,lymph nodes in pathological size and appearance,No.
train_35_a_1.nii.gz,abdomen,"cystic mass, space-occupying solid, cystic mass lesion, tumoral wall thickening, intraabdominal free-loculated fluid, enlargement, obstruction-dilatation, stenosis-occlusion, space-occupying lesion",No.
train_35_a_1.nii.gz,abdomen/abdomen,"cystic mass, space-occupying solid, cystic mass lesion, tumoral wall thickening, intraabdominal free-loculated fluid, enlargement, obstruction-dilatation, stenosis-occlusion, space-occupying lesion",No.
train_35_a_1.nii.gz,abdomen/abdomen/abdominal tissue,intraabdominal free-loculated fluid,No.
train_35_a_1.nii.gz,abdomen/abdomen/liver,"space-occupying solid, cystic mass lesion",No.
train_148_a_1.nii.gz,lung,mass,No.
train_148_a_1.nii.gz,lung/lung,mass,No.
train_44_a_1.nii.gz,mediastinum,"injury, lymphadenopathy",No.
train_44_a_1.nii.gz,mediastinum/mediastinal tissue,"injury, lymphadenopathy",No.
train_138_a_1.nii.gz,mediastinum,pathological lap,No.
train_138_a_1.nii.gz,mediastinum/mediastinal tissue,pathological lap,No.
train_82_b_1.nii.gz,lung,"volume loss, mass",No.
train_82_b_1.nii.gz,lung/lung,"volume loss, mass",No.
train_23_a_1.nii.gz,mediastinum,natural,No.
train_23_a_1.nii.gz,mediastinum/mediastinal tissue,natural,No.
train_18_a_1.nii.gz,lung,infiltrative lesion,No.
train_18_a_1.nii.gz,lung/lung,infiltrative lesion,No.
train_18_a_1.nii.gz,mediastinum,enlarged lymph nodes,No.
train_18_a_1.nii.gz,mediastinum/mediastinal tissue,enlarged lymph nodes,No.
train_18_a_1.nii.gz,abdomen,space-occupying lesion,No.
train_18_a_1.nii.gz,abdomen/abdomen,space-occupying lesion,No.
train_36_a_1.nii.gz,lung,"obstructive pathology, active infiltration",No.
train_36_a_1.nii.gz,lung/lung,"obstructive pathology, active infiltration",No.
train_36_a_1.nii.gz,pleura,pleural effusion,No.
train_36_a_1.nii.gz,pleura/pleura,pleural effusion,No.
train_131_a_1.nii.gz,mediastinum,"pathologically sized and configured lymph nodes, mass effect, pathologically sized and configured",No.
train_131_a_1.nii.gz,mediastinum/mediastinal tissue,"pathologically sized and configured lymph nodes, mass effect, pathologically sized and configured",No.
train_131_a_1.nii.gz,pleura,"pneumothorax, pneumonia, bilateral pleural effusion",No.
train_131_a_1.nii.gz,pleura/pleura,"pneumothorax, pneumonia, bilateral pleural effusion",No.
train_131_a_1.nii.gz,abdomen,space-occupying lesion,No.
train_131_a_1.nii.gz,abdomen/abdomen,space-occupying lesion,No.
train_131_a_1.nii.gz,abdomen/abdomen/liver,space-occupying lesion,No.
train_79_a_1.nii.gz,lung,"mass, infiltrative lesion",No.
train_79_a_1.nii.gz,lung/lung,"mass, infiltrative lesion",No.
train_94_a_1.nii.gz,esophagus,pathological wall thickening,No.
train_94_a_1.nii.gz,esophagus/esophagus,pathological wall thickening,No.
train_101_a_1.nii.gz,lung,mass lesion,No.
train_101_a_1.nii.gz,lung/lung,mass lesion,No.
train_101_a_1.nii.gz,mediastinum,pathologically enlarged lymph nodes,No.
train_101_a_1.nii.gz,esophagus,tumoral wall thickening,No.
train_101_a_1.nii.gz,esophagus/esophagus,tumoral wall thickening,No.
train_101_a_1.nii.gz,bone,lymph nodes in pathological size and appearance,No.
train_101_a_1.nii.gz,bone/bone,lymph nodes in pathological size and appearance,No.
train_139_a_1.nii.gz,esophagus,tumoral wall thickening,No.
train_139_a_1.nii.gz,esophagus/esophagus,tumoral wall thickening,No.
train_139_a_1.nii.gz,abdomen,space-occupying lesion,No.
train_139_a_1.nii.gz,abdomen/abdomen,space-occupying lesion,No.
train_115_a_1.nii.gz,lung,"mass, infiltrative lesion",No.
train_115_a_1.nii.gz,lung/lung,"mass, infiltrative lesion",No.
train_32_a_1.nii.gz,pleura,"pleural effusion, thickening",No.
train_32_a_1.nii.gz,pleura/pleura,"pleural effusion, thickening",No.
train_75_a_1.nii.gz,lung,mass lesion-active infiltration,No.
train_75_a_1.nii.gz,lung/lung,mass lesion-active infiltration,No.
train_120_a_1.nii.gz,lung,lymph nodes in pathological size and appearance,No.
train_120_a_1.nii.gz,lung/lung,lymph nodes in pathological size and appearance,No.
train_120_a_1.nii.gz,abdomen,"gall bladder, dilatation, space-occupying lesion",No.
train_120_a_1.nii.gz,abdomen/abdomen,"gall bladder, dilatation, space-occupying lesion",No.
train_71_a_1.nii.gz,lung,"lymph nodes in pathological size, pathological size and configuration",No.
train_71_a_1.nii.gz,lung/lung,"lymph nodes in pathological size, pathological size and configuration",No.
train_2_a_1.nii.gz,lung,mass lesion-active infiltration,No.
train_2_a_1.nii.gz,lung/lung,mass lesion-active infiltration,No.
train_2_a_1.nii.gz,mediastinum,enlarged lymph nodes,No.
train_98_a_1.nii.gz,lung,symmetrical,No.
train_98_a_1.nii.gz,lung/lung,symmetrical,No.
train_98_a_1.nii.gz,esophagus,tumoral wall thickening,No.
train_98_a_1.nii.gz,esophagus/esophagus,tumoral wall thickening,No.
train_98_a_1.nii.gz,abdomen,space-occupying lesion,No.
train_98_a_1.nii.gz,abdomen/abdomen,space-occupying lesion,No.
train_84_c_1.nii.gz,abdomen,newly developed pathology,No.
train_84_c_1.nii.gz,abdomen/abdomen,newly developed pathology,No.
train_84_c_1.nii.gz,abdomen/abdomen/liver,newly developed pathology,No.
train_137_a_1.nii.gz,lung,"discernible mass, mass",No.
train_137_a_1.nii.gz,lung/lung,"discernible mass, mass",No.
train_137_a_1.nii.gz,esophagus,pathological increase in wall thickness,No.
train_137_a_1.nii.gz,esophagus/esophagus,pathological increase in wall thickness,No.
train_137_a_1.nii.gz,bone,lytic-destructive lesions,No.
train_137_a_1.nii.gz,bone/bone,lytic-destructive lesions,No.
train_137_a_1.nii.gz,abdomen,mass with discernible borders,No.
train_137_a_1.nii.gz,abdomen/abdomen,mass with discernible borders,No.
train_65_a_1.nii.gz,bone,lymph nodes in pathological size and appearance,No.
train_65_a_1.nii.gz,bone/bone,lymph nodes in pathological size and appearance,No.
train_65_a_1.nii.gz,abdomen,additional features,No.
train_65_a_1.nii.gz,abdomen/abdomen,additional features,No.
train_53_b_1.nii.gz,lung,"pathological size and configuration, lymph nodes in pathological size, symmetrical",No.
train_53_b_1.nii.gz,lung/lung,"pathological size and configuration, lymph nodes in pathological size, symmetrical",No.
train_53_b_1.nii.gz,abdomen,"gallbladder, natural",No.
train_53_b_1.nii.gz,abdomen/abdomen,"gallbladder, natural",No.
train_21_a_1.nii.gz,lung,"mass lesion, active infiltration",No.
train_21_a_1.nii.gz,lung/lung,"mass lesion, active infiltration",No.
train_21_a_1.nii.gz,trachea and bronchie,obstructive pathology,No.
train_21_a_1.nii.gz,trachea and bronchie/bronchie,obstructive pathology,No.
train_21_a_1.nii.gz,mediastinum,lymph nodes in pathological size and appearance,No.
train_21_a_1.nii.gz,abdomen,"loculated collection, free fluid",No.
train_21_a_1.nii.gz,abdomen/abdomen,"loculated collection, free fluid",No.
train_19_a_1.nii.gz,lung,"consolidation area, pneumonic infiltration",No.
train_19_a_1.nii.gz,lung/lung,"consolidation area, pneumonic infiltration",No.
train_19_a_1.nii.gz,abdomen,free fluid,No.
train_19_a_1.nii.gz,abdomen/abdomen,free fluid,No.
train_28_a_1.nii.gz,mediastinum,lymph nodes in pathological size and appearance,No.
train_28_a_1.nii.gz,mediastinum/mediastinal tissue,lymph nodes in pathological size and appearance,No.
train_142_a_1.nii.gz,abdomen,space-occupying lesion,No.
train_142_a_1.nii.gz,abdomen/abdomen,space-occupying lesion,No.
train_90_b_1.nii.gz,esophagus,pathological wall thickening,No.
train_90_b_1.nii.gz,esophagus/esophagus,pathological wall thickening,No.
train_80_a_1.nii.gz,lung,"mass, infiltrative lesion",No.
train_80_a_1.nii.gz,lung/lung,"mass, infiltrative lesion",No.
train_133_a_1.nii.gz,lung,mass lesion-active infiltration,No.
train_133_a_1.nii.gz,lung/lung,mass lesion-active infiltration,No.
train_133_a_1.nii.gz,mediastinum,enlarged lymph nodes,No.
train_25_a_1.nii.gz,lung,mass lesion-active infiltration,No.
train_25_a_1.nii.gz,lung/lung,mass lesion-active infiltration,No.
train_100_a_1.nii.gz,lung,mass lesion,No.
train_100_a_1.nii.gz,lung/lung,mass lesion,No.
train_100_a_1.nii.gz,mediastinum,lymph nodes in pathological size and appearance,No.
train_37_c_1.nii.gz,lung,mass,No.
train_37_c_1.nii.gz,lung/lung,mass,No.
train_37_c_1.nii.gz,abdomen,upper abdominal free fluid-collection,No.
train_37_c_1.nii.gz,abdomen/abdomen,upper abdominal free fluid-collection,No.
train_37_c_1.nii.gz,abdomen/abdomen/abdominal tissue,upper abdominal free fluid-collection,No.
train_84_a_1.nii.gz,pleura,pleural effusion,No.
train_84_a_1.nii.gz,pleura/pleura,pleural effusion,No.
train_95_a_1.nii.gz,abdomen,space-occupying lesion,No.
train_95_a_1.nii.gz,abdomen/abdomen,space-occupying lesion,No.
train_95_a_1.nii.gz,abdomen/abdomen/liver,space-occupying lesion,No.
train_69_a_1.nii.gz,lung,"lymph nodes in pathological size and appearance, mass nodule-infiltration",No.
train_69_a_1.nii.gz,lung/lung,"lymph nodes in pathological size and appearance, mass nodule-infiltration",No.
train_69_a_1.nii.gz,heart,pericardial thickening-effusion,No.
train_69_a_1.nii.gz,heart/heart,pericardial thickening-effusion,No.
train_69_a_1.nii.gz,heart/heart/heart tissue,pericardial thickening-effusion,No.
train_69_a_1.nii.gz,esophagus,pathological wall thickening,No.
train_69_a_1.nii.gz,esophagus/esophagus,pathological wall thickening,No.
train_22_a_1.nii.gz,mediastinum,enlarged lymph nodes,No.
train_22_a_1.nii.gz,mediastinum/mediastinal tissue,enlarged lymph nodes,No.
train_15_a_1.nii.gz,lung,mass lesion-active infiltration,No.
train_15_a_1.nii.gz,lung/lung,mass lesion-active infiltration,No.
train_15_a_1.nii.gz,abdomen,space-occupying lesion,No.
train_15_a_1.nii.gz,abdomen/abdomen,space-occupying lesion,No.
train_138_b_1.nii.gz,mediastinum,pathological lap,No.
train_138_b_1.nii.gz,mediastinum/mediastinal tissue,pathological lap,No.
train_138_b_1.nii.gz,pleura,"pleural effusion-thickening, pleural effusion",No.
train_138_b_1.nii.gz,pleura/pleura,"pleural effusion-thickening, pleural effusion",No.
train_99_a_1.nii.gz,trachea and bronchie,occlusive pathology,No.
train_99_a_1.nii.gz,trachea and bronchie/trachea,occlusive pathology,No.
train_99_a_1.nii.gz,trachea and bronchie/bronchie,occlusive pathology,No.
train_99_a_1.nii.gz,mediastinum/mediastinal tissue,lymph nodes in pathological size and appearance,No.
train_116_a_1.nii.gz,lung,"mass, infiltrative lesion",No.
train_116_a_1.nii.gz,lung/lung,"mass, infiltrative lesion",No.
train_116_a_1.nii.gz,trachea and bronchie,occlusive pathology,No.
train_116_a_1.nii.gz,trachea and bronchie/trachea,occlusive pathology,No.
train_116_a_1.nii.gz,trachea and bronchie/bronchie,occlusive pathology,No.
train_116_a_1.nii.gz,mediastinum,lymph nodes in pathological size and appearance,No.
train_116_a_1.nii.gz,mediastinum/mediastinal tissue,lymph nodes in pathological size and appearance,No.
train_116_a_1.nii.gz,esophagus,pathological wall thickness increase,No.
train_116_a_1.nii.gz,esophagus/esophagus,pathological wall thickness increase,No.
train_116_a_1.nii.gz,pleura,pericardial effusion,No.
train_116_a_1.nii.gz,pleura/pleura,pericardial effusion,No.
train_116_a_1.nii.gz,bone,lytic-destructive lesions,No.
train_116_a_1.nii.gz,bone/bone,lytic-destructive lesions,No.
train_116_a_1.nii.gz,abdomen,"upper abdominal free fluid-collection, mass, pathologically enlarged lymph nodes",No.
train_116_a_1.nii.gz,abdomen/abdomen,"upper abdominal free fluid-collection, mass, pathologically enlarged lymph nodes",No.
train_116_a_1.nii.gz,abdomen/abdomen/abdominal tissue,"upper abdominal free fluid-collection, mass, pathologically enlarged lymph nodes",No.
train_128_a_1.nii.gz,trachea and bronchie,occlusive pathology,No.
train_128_a_1.nii.gz,trachea and bronchie/trachea,occlusive pathology,No.
train_128_a_1.nii.gz,trachea and bronchie/bronchie,occlusive pathology,No.
train_128_a_1.nii.gz,pleura,"pericardial effusion, thickening",No.
train_128_a_1.nii.gz,pleura/pleura,"pericardial effusion, thickening",No.
train_128_a_1.nii.gz,abdomen/abdomen/abdominal tissue,upper abdominal free fluid-collection,No.
train_6_a_1.nii.gz,pleura,pleural effusion,No.
train_6_a_1.nii.gz,pleura/pleura,pleural effusion,No.
train_61_b_1.nii.gz,mediastinum,pathological lap,No.
train_61_b_1.nii.gz,mediastinum/mediastinal tissue,pathological lap,No.
train_14_a_1.nii.gz,trachea and bronchie,obstructive parotology,No.
train_14_a_1.nii.gz,trachea and bronchie/trachea,obstructive parotology,No.
train_14_a_1.nii.gz,trachea and bronchie/bronchie,obstructive parotology,No.
train_14_a_1.nii.gz,pleura,"pleural effusion-thickening, pleural effusion",No.
train_14_a_1.nii.gz,pleura/pleura,"pleural effusion-thickening, pleural effusion",No.
train_14_a_1.nii.gz,abdomen,space-occupying lesion,No.
train_14_a_1.nii.gz,abdomen/abdomen,space-occupying lesion,No.
train_14_a_1.nii.gz,abdomen/abdomen/adrenal gland,space-occupying lesion,No.
train_14_a_1.nii.gz,abdomen/abdomen/liver,space-occupying lesion,No.
train_60_e_1.nii.gz,lung,active infiltration,No.
train_60_e_1.nii.gz,lung/lung,active infiltration,No.
train_146_a_1.nii.gz,lung,"pneumonia, lymph nodes in pathological size, pathological size and configuration",No.
train_146_a_1.nii.gz,lung/lung,"pneumonia, lymph nodes in pathological size, pathological size and configuration",No.
train_146_a_1.nii.gz,mediastinum,"natural, lymph nodes in pathological size, mass effect",No.
train_146_a_1.nii.gz,mediastinum/thymus,mass effect,No.
train_146_a_1.nii.gz,mediastinum/mediastinal tissue,"natural, lymph nodes in pathological size, mass effect",No.
train_146_a_1.nii.gz,esophagus,tumoral wall thickening,No.
train_146_a_1.nii.gz,esophagus/esophagus,tumoral wall thickening,No.
train_146_a_1.nii.gz,pleura,"pneumothorax, pleural effusion",No.
train_146_a_1.nii.gz,pleura/pleura,"pneumothorax, pleural effusion",No.
train_146_a_1.nii.gz,abdomen,"natural, space-occupying lesion",No.
train_146_a_1.nii.gz,abdomen/abdomen,"natural, space-occupying lesion",No.
train_146_a_1.nii.gz,abdomen/abdomen/abdominal tissue,natural,No.
train_146_a_1.nii.gz,abdomen/abdomen/adrenal gland,space-occupying lesion,No.
train_146_a_1.nii.gz,abdomen/abdomen/liver,space-occupying lesion,No.
train_139_b_1.nii.gz,esophagus,tumoral wall thickening,No.
train_139_b_1.nii.gz,esophagus/esophagus,tumoral wall thickening,No.
train_139_b_1.nii.gz,esophagus/esophagus/cervical esophagus,tumoral wall thickening,No.
train_139_b_1.nii.gz,abdomen,space-occupying lesion,No.
train_139_b_1.nii.gz,abdomen/abdomen,space-occupying lesion,No.
train_139_b_1.nii.gz,abdomen/abdomen/adrenal gland,space-occupying lesion,No.
train_139_b_1.nii.gz,abdomen/abdomen/liver,space-occupying lesion,No.
train_105_b_1.nii.gz,trachea and bronchie,occlusive pathology,No.
train_105_b_1.nii.gz,trachea and bronchie/bronchie,occlusive pathology,No.
train_105_b_1.nii.gz,mediastinum,enlarged lymph nodes,No.
train_105_b_1.nii.gz,mediastinum/mediastinal tissue,enlarged lymph nodes,No.
train_105_b_1.nii.gz,esophagus,pathological wall thickening,No.
train_105_b_1.nii.gz,esophagus/esophagus,pathological wall thickening,No.
train_105_b_1.nii.gz,bone/bone/vertebrae,fractures,No.
train_105_b_1.nii.gz,abdomen/abdomen/abdominal tissue,"intra-abdominal free fluid, air image",No.
train_122_b_1.nii.gz,mediastinum,no difference in the mediastinum and right hilar lymph nodes,No.
train_122_b_1.nii.gz,mediastinum/mediastinal tissue,no difference in the mediastinum and right hilar lymph nodes,No.
train_122_b_1.nii.gz,esophagus,tumoral wall thickening,No.
train_122_b_1.nii.gz,esophagus/esophagus,tumoral wall thickening,No.
train_122_b_1.nii.gz,abdomen,space-occupying lesion,No.
train_122_b_1.nii.gz,abdomen/abdomen,space-occupying lesion,No.
train_122_b_1.nii.gz,abdomen/abdomen/adrenal gland,space-occupying lesion,No.
train_122_b_1.nii.gz,abdomen/abdomen/liver,space-occupying lesion,No.
train_74_a_1.nii.gz,lung,"consolidation area, nodular space-occupying lesion, suspicious mass, pneumonic infiltration",No.
train_74_a_1.nii.gz,lung/lung,"consolidation area, nodular space-occupying lesion, suspicious mass, pneumonic infiltration",No.
train_74_a_1.nii.gz,mediastinum,lymph nodes in pathological size and appearance,No.
train_74_a_1.nii.gz,mediastinum/mediastinal tissue,lymph nodes in pathological size and appearance,No.
train_74_a_1.nii.gz,bone,lytic-destructive lesions,No.
train_74_a_1.nii.gz,bone/bone,lytic-destructive lesions,No.
train_51_c_1.nii.gz,trachea and bronchie,occlusive pathology,No.
train_51_c_1.nii.gz,trachea and bronchie/trachea,occlusive pathology,No.
train_51_c_1.nii.gz,trachea and bronchie/bronchie,occlusive pathology,No.
train_51_c_1.nii.gz,mediastinum,lymph nodes in pathological size and appearance,No.
train_51_c_1.nii.gz,mediastinum/mediastinal tissue,lymph nodes in pathological size and appearance,No.
train_51_c_1.nii.gz,esophagus,pathological increase in wall thickness,No.
train_51_c_1.nii.gz,esophagus/esophagus,pathological increase in wall thickness,No.
train_51_c_1.nii.gz,pleura,pleural effusion,No.
train_51_c_1.nii.gz,pleura/pleura,pleural effusion,No.
train_51_c_1.nii.gz,bone,lytic-destructive lesion,No.
train_51_c_1.nii.gz,bone/bone,lytic-destructive lesion,No.
train_51_c_1.nii.gz,bone/bone/vertebrae,lytic-destructive lesion,No.
train_51_c_1.nii.gz,abdomen/abdomen/abdominal tissue,"intra-abdominal free fluid, loculated fluid",No.
train_143_a_1.nii.gz,esophagus,tumoral wall thickening,No.
train_143_a_1.nii.gz,esophagus/esophagus,tumoral wall thickening,No.
train_143_a_1.nii.gz,esophagus/esophagus/cervical esophagus,tumoral wall thickening,No.
train_86_c_1.nii.gz,mediastinum,pathological lymph node,No.
train_86_c_1.nii.gz,mediastinum/mediastinal tissue,pathological lymph node,No.
train_86_c_1.nii.gz,abdomen,significant pathology,No.
train_86_c_1.nii.gz,abdomen/abdomen,significant pathology,No.
train_86_c_1.nii.gz,abdomen/abdomen/abdominal tissue,significant pathology,No.
train_55_b_1.nii.gz,mediastinum,enlarged lymph nodes,No.
train_55_b_1.nii.gz,mediastinum/mediastinal tissue,enlarged lymph nodes,No.
train_55_b_1.nii.gz,esophagus,tumoral wall thickening,No.
train_55_b_1.nii.gz,esophagus/esophagus,tumoral wall thickening,No.
train_55_b_1.nii.gz,pleura,"pleural effusion-thickening, pleural effusion",No.
train_55_b_1.nii.gz,pleura/pleura,"pleural effusion-thickening, pleural effusion",No.
train_55_b_1.nii.gz,abdomen,space-occupying lesion,No.
train_55_b_1.nii.gz,abdomen/abdomen,space-occupying lesion,No.
train_55_b_1.nii.gz,abdomen/abdomen/adrenal gland,space-occupying lesion,No.
train_55_b_1.nii.gz,abdomen/abdomen/liver,space-occupying lesion,No.
train_3_b_1.nii.gz,trachea and bronchie,obstructive pathology,No.
train_3_b_1.nii.gz,trachea and bronchie/trachea,obstructive pathology,No.
train_3_b_1.nii.gz,trachea and bronchie/bronchie,obstructive pathology,No.
train_3_b_1.nii.gz,bone,"lytic-destructive lesions, fractures",No.
train_3_b_1.nii.gz,bone/bone,"lytic-destructive lesions, fractures",No.
train_3_b_1.nii.gz,abdomen/abdomen/abdominal tissue,upper abdominal free fluid-collection,No.
train_147_a_1.nii.gz,trachea and bronchie,occlusive pathology,No.
train_147_a_1.nii.gz,trachea and bronchie/trachea,occlusive pathology,No.
train_147_a_1.nii.gz,trachea and bronchie/bronchie,occlusive pathology,No.
train_147_a_1.nii.gz,mediastinum,"enlarged lymph nodes, pathologically enlarged lymph nodes",No.
train_147_a_1.nii.gz,mediastinum/mediastinal tissue,"enlarged lymph nodes, pathologically enlarged lymph nodes",No.
train_147_a_1.nii.gz,esophagus,pathological wall thickness increase,No.
train_147_a_1.nii.gz,esophagus/esophagus,pathological wall thickness increase,No.
train_147_a_1.nii.gz,pleura,pericardial effusion,No.
train_147_a_1.nii.gz,pleura/pleura,pericardial effusion,No.
train_147_a_1.nii.gz,abdomen/abdomen/abdominal tissue,"discernible mass, upper abdominal free fluid-collection",No.
train_41_a_1.nii.gz,abdomen,significant pathology,No.
train_41_a_1.nii.gz,abdomen/abdomen,significant pathology,No.
train_41_a_1.nii.gz,abdomen/abdomen/abdominal tissue,significant pathology,No.
train_48_a_1.nii.gz,bone,lytic-destructive lesions,No.
train_48_a_1.nii.gz,bone/bone,lytic-destructive lesions,No.
train_64_a_1.nii.gz,trachea and bronchie,occlusive pathology,No.
train_64_a_1.nii.gz,trachea and bronchie/trachea,occlusive pathology,No.
train_64_a_1.nii.gz,trachea and bronchie/bronchie,occlusive pathology,No.
train_64_a_1.nii.gz,mediastinum,lymph nodes in pathological size and appearance,No.
train_64_a_1.nii.gz,mediastinum/mediastinal tissue,lymph nodes in pathological size and appearance,No.
train_64_a_1.nii.gz,esophagus,pathological increase in wall thickness,No.
train_64_a_1.nii.gz,esophagus/esophagus,pathological increase in wall thickness,No.
train_64_a_1.nii.gz,pleura,"increase in thickness, bilateral pleural effusion",No.
train_64_a_1.nii.gz,pleura/pleura,"increase in thickness, bilateral pleural effusion",No.
train_64_a_1.nii.gz,bone,lytic-destructive lesion,No.
train_64_a_1.nii.gz,bone/bone,lytic-destructive lesion,No.
train_64_a_1.nii.gz,bone/bone/vertebrae,lytic-destructive lesion,No.
train_104_a_1.nii.gz,esophagus,tumoral wall thickening,No.
train_104_a_1.nii.gz,esophagus/esophagus,tumoral wall thickening,No.
train_89_a_1.nii.gz,mediastinum,enlarged lymph nodes,No.
train_89_a_1.nii.gz,mediastinum/mediastinal tissue,enlarged lymph nodes,No.
train_89_a_1.nii.gz,esophagus,pathological wall thickening,No.
train_89_a_1.nii.gz,esophagus/esophagus,pathological wall thickening,No.
train_89_a_1.nii.gz,abdomen,space-occupying lesion,No.
train_89_a_1.nii.gz,abdomen/abdomen,space-occupying lesion,No.
train_89_a_1.nii.gz,abdomen/abdomen/adrenal gland,space-occupying lesion,No.
train_89_a_1.nii.gz,abdomen/abdomen/liver,space-occupying lesion,No.
train_86_b_1.nii.gz,pleura,"left pleural effusion, pleural effusion",No.
train_86_b_1.nii.gz,pleura/pleura,"left pleural effusion, pleural effusion",No.
train_86_b_1.nii.gz,bone,"lytic-destructive lesions, lymph nodes in pathological size and appearance",No.
train_86_b_1.nii.gz,bone/bone,"lytic-destructive lesions, lymph nodes in pathological size and appearance",No.
train_86_b_1.nii.gz,bone/bone/clavicle,lymph nodes in pathological size and appearance,No.
train_109_a_1.nii.gz,trachea and bronchie,occlusive pathology,No.
train_109_a_1.nii.gz,trachea and bronchie/trachea,occlusive pathology,No.
train_109_a_1.nii.gz,trachea and bronchie/bronchie,occlusive pathology,No.
train_109_a_1.nii.gz,mediastinum,lymph nodes in pathological size and appearance,No.
train_109_a_1.nii.gz,mediastinum/mediastinal tissue,lymph nodes in pathological size and appearance,No.
train_109_a_1.nii.gz,esophagus,pathological increase in wall thickness,No.
train_109_a_1.nii.gz,esophagus/esophagus,pathological increase in wall thickness,No.
train_109_a_1.nii.gz,pleura,"pleural effusion, thickening",No.
train_109_a_1.nii.gz,pleura/pleura,"pleural effusion, thickening",No.
train_13_a_1.nii.gz,trachea and bronchie,occlusive pathology,No.
train_13_a_1.nii.gz,trachea and bronchie/bronchie,occlusive pathology,No.
train_13_a_1.nii.gz,mediastinum,enlarged lymph nodes,No.
train_13_a_1.nii.gz,mediastinum/mediastinal tissue,enlarged lymph nodes,No.
train_13_a_1.nii.gz,esophagus,tumoral wall thickening,No.
train_13_a_1.nii.gz,esophagus/esophagus,tumoral wall thickening,No.
train_13_a_1.nii.gz,esophagus/esophagus/cervical esophagus,tumoral wall thickening,No.
train_13_a_1.nii.gz,pleura,"pleural effusion-thickening, pleural effusion",No.
train_13_a_1.nii.gz,pleura/pleura,"pleural effusion-thickening, pleural effusion",No.
train_13_a_1.nii.gz,abdomen/abdomen/adrenal gland,space-occupying lesion,No.
train_26_a_1.nii.gz,mediastinum,pathological lap,No.
train_26_a_1.nii.gz,mediastinum/mediastinal tissue,pathological lap,No.
train_26_a_1.nii.gz,bone,lytic-destructive lesion,No.
train_26_a_1.nii.gz,bone/bone,lytic-destructive lesion,No.
train_34_a_1.nii.gz,trachea and bronchie,occlusive pathology,No.
train_34_a_1.nii.gz,trachea and bronchie/trachea,occlusive pathology,No.
train_34_a_1.nii.gz,trachea and bronchie/bronchie,occlusive pathology,No.
train_34_a_1.nii.gz,esophagus,pathological wall thickness increase,No.
train_34_a_1.nii.gz,esophagus/esophagus,pathological wall thickness increase,No.
train_34_a_1.nii.gz,pleura,pericardial effusion,No.
train_34_a_1.nii.gz,pleura/pleura,pericardial effusion,No.
train_34_a_1.nii.gz,bone,"lytic-destructive lesions, periosteal reaction",No.
train_34_a_1.nii.gz,bone/bone,"lytic-destructive lesions, periosteal reaction",No.
train_34_a_1.nii.gz,abdomen/abdomen/abdominal tissue,upper abdominal free fluid-collection,No.
train_52_a_1.nii.gz,esophagus,tumoral wall thickening,No.
train_52_a_1.nii.gz,esophagus/esophagus,tumoral wall thickening,No.
train_11_a_1.nii.gz,mediastinum,enlarged lymph nodes,No.
train_11_a_1.nii.gz,mediastinum/mediastinal tissue,enlarged lymph nodes,No.
train_11_a_1.nii.gz,esophagus,tumoral wall thickening,No.
train_11_a_1.nii.gz,esophagus/esophagus,tumoral wall thickening,No.
train_11_a_1.nii.gz,abdomen,space-occupying lesion,No.
train_11_a_1.nii.gz,abdomen/abdomen,space-occupying lesion,No.
train_11_a_1.nii.gz,abdomen/abdomen/adrenal gland,space-occupying lesion,No.
train_11_a_1.nii.gz,abdomen/abdomen/liver,space-occupying lesion,No.
train_29_a_1.nii.gz,bone,lytic-destructive lesion,No.
train_29_a_1.nii.gz,bone/bone,lytic-destructive lesion,No.
train_51_a_1.nii.gz,trachea and bronchie,obstructive pathology,No.
train_51_a_1.nii.gz,trachea and bronchie/trachea,obstructive pathology,No.
train_51_a_1.nii.gz,trachea and bronchie/bronchie,obstructive pathology,No.
train_51_a_1.nii.gz,mediastinum,enlarged lymph nodes,No.
train_51_a_1.nii.gz,mediastinum/mediastinal tissue,enlarged lymph nodes,No.
train_51_a_1.nii.gz,esophagus,tumoral wall thickening,No.
train_51_a_1.nii.gz,esophagus/esophagus,tumoral wall thickening,No.
train_51_a_1.nii.gz,bone,"lytic-destructive lesion, metastasis",No.
train_51_a_1.nii.gz,bone/bone,"lytic-destructive lesion, metastasis",No.
train_51_a_1.nii.gz,abdomen/abdomen/abdominal tissue,"intra-abdominal free fluid, pathologically enlarged lymph nodes",No.
train_123_a_1.nii.gz,mediastinum,enlarged lymph nodes,No.
train_123_a_1.nii.gz,mediastinum/mediastinal tissue,enlarged lymph nodes,No.
train_123_a_1.nii.gz,esophagus,tumoral wall thickening,No.
train_123_a_1.nii.gz,esophagus/esophagus,tumoral wall thickening,No.
train_123_a_1.nii.gz,pleura,"pleural effusion-thickening, pleural effusion",No.
train_123_a_1.nii.gz,pleura/pleura,"pleural effusion-thickening, pleural effusion",No.
train_123_a_1.nii.gz,abdomen,space-occupying lesion,No.
train_123_a_1.nii.gz,abdomen/abdomen,space-occupying lesion,No.
train_123_a_1.nii.gz,abdomen/abdomen/adrenal gland,space-occupying lesion,No.
train_123_a_1.nii.gz,abdomen/abdomen/liver,space-occupying lesion,No.
train_39_c_1.nii.gz,mediastinum,enlarged lymph nodes,No.
train_39_c_1.nii.gz,mediastinum/mediastinal tissue,enlarged lymph nodes,No.
train_39_c_1.nii.gz,esophagus,tumoral wall thickening,No.
train_39_c_1.nii.gz,esophagus/esophagus,tumoral wall thickening,No.
train_39_c_1.nii.gz,esophagus/esophagus/cervical esophagus,tumoral wall thickening,No.
train_39_c_1.nii.gz,abdomen,space-occupying lesion,No.
train_39_c_1.nii.gz,abdomen/abdomen,space-occupying lesion,No.
train_39_c_1.nii.gz,abdomen/abdomen/adrenal gland,space-occupying lesion,No.
train_39_c_1.nii.gz,abdomen/abdomen/liver,space-occupying lesion,No.
train_27_a_1.nii.gz,trachea and bronchie,obstructive pathology,No.
train_27_a_1.nii.gz,trachea and bronchie/trachea,obstructive pathology,No.
train_27_a_1.nii.gz,trachea and bronchie/bronchie,obstructive pathology,No.
train_27_a_1.nii.gz,mediastinum,enlarged lymph nodes,No.
train_27_a_1.nii.gz,mediastinum/mediastinal tissue,enlarged lymph nodes,No.
train_27_a_1.nii.gz,esophagus,tumoral wall thickening,No.
train_27_a_1.nii.gz,esophagus/esophagus,tumoral wall thickening,No.
train_27_a_1.nii.gz,abdomen,"space-occupying lesion, right lobe of the liver",No.
train_27_a_1.nii.gz,abdomen/abdomen,"space-occupying lesion, right lobe of the liver",No.
train_27_a_1.nii.gz,abdomen/abdomen/adrenal gland,space-occupying lesion,No.
train_27_a_1.nii.gz,abdomen/abdomen/kidney,space-occupying lesion,No.
train_27_a_1.nii.gz,abdomen/abdomen/liver,"right lobe of the liver, space-occupying lesion",No.
train_27_a_1.nii.gz,abdomen/abdomen/pancreas,space-occupying lesion,No.
train_27_a_1.nii.gz,abdomen/abdomen/spleen,space-occupying lesion,No.
train_113_a_1.nii.gz,trachea and bronchie,occlusive pathology,No.
train_113_a_1.nii.gz,trachea and bronchie/trachea,occlusive pathology,No.
train_113_a_1.nii.gz,trachea and bronchie/bronchie,occlusive pathology,No.
train_113_a_1.nii.gz,bone,lytic-destructive lesions,No.
train_113_a_1.nii.gz,bone/bone,lytic-destructive lesions,No.
train_113_a_1.nii.gz,abdomen/abdomen/abdominal tissue,upper abdominal free fluid-collection,No.
train_136_a_1.nii.gz,mediastinum,enlarged lymph nodes,No.
train_136_a_1.nii.gz,mediastinum/mediastinal tissue,enlarged lymph nodes,No.
train_136_a_1.nii.gz,esophagus,pathological wall thickening,No.
train_136_a_1.nii.gz,esophagus/esophagus,pathological wall thickening,No.
train_136_a_1.nii.gz,pleura,"pleural effusion-thickening, pleural effusion",No.
train_136_a_1.nii.gz,pleura/pleura,"pleural effusion-thickening, pleural effusion",No.
train_136_a_1.nii.gz,abdomen,space-occupying lesion,No.
train_136_a_1.nii.gz,abdomen/abdomen,space-occupying lesion,No.
train_136_a_1.nii.gz,abdomen/abdomen/adrenal gland,space-occupying lesion,No.
train_136_a_1.nii.gz,abdomen/abdomen/liver,space-occupying lesion,No.
train_93_b_1.nii.gz,mediastinum,enlarged lymph nodes,No.
train_93_b_1.nii.gz,mediastinum/mediastinal tissue,enlarged lymph nodes,No.
train_93_b_1.nii.gz,esophagus,tumoral wall thickening,No.
train_93_b_1.nii.gz,esophagus/esophagus,tumoral wall thickening,No.
train_93_b_1.nii.gz,esophagus/esophagus/cervical esophagus,tumoral wall thickening,No.
train_93_b_1.nii.gz,pleura,subpleural nodule,No.
train_93_b_1.nii.gz,pleura/pleura,subpleural nodule,No.
train_141_a_1.nii.gz,esophagus,tumoral wall thickening,No.
train_141_a_1.nii.gz,esophagus/esophagus,tumoral wall thickening,No.
train_141_a_1.nii.gz,abdomen/abdomen/adrenal gland,space-occupying lesion,No.
train_141_a_1.nii.gz,abdomen/abdomen/liver,space-occupying lesion,No.
train_96_a_1.nii.gz,esophagus,tumoral wall thickening,No.
train_96_a_1.nii.gz,esophagus/esophagus,tumoral wall thickening,No.
train_96_a_1.nii.gz,abdomen/abdomen/adrenal gland,space-occupying lesion,No.
train_97_a_1.nii.gz,mediastinum,enlarged lymph nodes,No.
train_97_a_1.nii.gz,mediastinum/mediastinal tissue,enlarged lymph nodes,No.
train_97_a_1.nii.gz,pleura,"pleural effusion-thickening, pleural effusion",No.
train_97_a_1.nii.gz,pleura/pleura,"pleural effusion-thickening, pleural effusion",No.
train_97_a_1.nii.gz,abdomen,space-occupying lesion,No.
train_97_a_1.nii.gz,abdomen/abdomen,space-occupying lesion,No.
train_97_a_1.nii.gz,abdomen/abdomen/adrenal gland,space-occupying lesion,No.
train_97_a_1.nii.gz,abdomen/abdomen/liver,space-occupying lesion,No.
train_135_a_1.nii.gz,mediastinum/mediastinal tissue,pathological lymphadenopathy,No.
train_135_a_1.nii.gz,esophagus,tumoral wall thickening,No.
train_135_a_1.nii.gz,esophagus/esophagus,tumoral wall thickening,No.
train_135_a_1.nii.gz,esophagus/esophagus/cervical esophagus,tumoral wall thickening,No.
train_135_a_1.nii.gz,abdomen/abdomen/abdominal tissue,natural appearance,No.
train_135_a_1.nii.gz,others,pathological lymphadenopathy,No.
train_135_a_1.nii.gz,others/thoracic cavity,pathological lymphadenopathy,No.
train_83_a_1.nii.gz,mediastinum,"pathological size and configuration, lymph nodes in pathological size, enlarged lymph nodes",No.
train_83_a_1.nii.gz,mediastinum/mediastinal tissue,"pathological size and configuration, lymph nodes in pathological size, enlarged lymph nodes",No.
train_83_a_1.nii.gz,pleura,"pneumothorax, pleural effusion",No.
train_83_a_1.nii.gz,pleura/pleura,"pneumothorax, pleural effusion",No.
train_83_a_1.nii.gz,abdomen/abdomen/adrenal gland,space-occupying lesion,No.
train_108_a_1.nii.gz,mediastinum,enlarged lymph nodes,No.
train_108_a_1.nii.gz,mediastinum/mediastinal tissue,enlarged lymph nodes,No.
train_108_a_1.nii.gz,esophagus,tumoral wall thickening,No.
train_108_a_1.nii.gz,esophagus/esophagus,tumoral wall thickening,No.
train_108_a_1.nii.gz,esophagus/esophagus/cervical esophagus,tumoral wall thickening,No.
train_108_a_1.nii.gz,pleura,"pleural effusion-thickening, pleural effusion",No.
train_108_a_1.nii.gz,pleura/pleura,"pleural effusion-thickening, pleural effusion",No.
train_108_a_1.nii.gz,abdomen,space-occupying lesion,No.
train_108_a_1.nii.gz,abdomen/abdomen,space-occupying lesion,No.
train_108_a_1.nii.gz,abdomen/abdomen/adrenal gland,space-occupying lesion,No.
train_108_a_1.nii.gz,abdomen/abdomen/liver,space-occupying lesion,No.
train_8_b_1.nii.gz,trachea and bronchie,natural,No.
train_8_b_1.nii.gz,trachea and bronchie/trachea,natural,No.
train_8_b_1.nii.gz,trachea and bronchie/bronchie,natural,No.
train_8_b_1.nii.gz,mediastinum/mediastinal tissue,"natural, lymph nodes in pathological size, pathological size and configuration",No.
train_130_a_1.nii.gz,trachea and bronchie,occlusive pathology,No.
train_130_a_1.nii.gz,trachea and bronchie/trachea,occlusive pathology,No.
train_130_a_1.nii.gz,trachea and bronchie/bronchie,occlusive pathology,No.
train_130_a_1.nii.gz,mediastinum,"dilatation, lymph nodes in pathological size and appearance",No.
train_130_a_1.nii.gz,mediastinum/aorta,dilatation,No.
train_130_a_1.nii.gz,mediastinum/mediastinal tissue,lymph nodes in pathological size and appearance,No.
train_130_a_1.nii.gz,heart,pericardial thickening-effusion,No.
train_130_a_1.nii.gz,heart/heart,pericardial thickening-effusion,No.
train_130_a_1.nii.gz,heart/heart/heart tissue,pericardial thickening-effusion,No.
train_130_a_1.nii.gz,esophagus,pathological wall thickening,No.
train_130_a_1.nii.gz,esophagus/esophagus,pathological wall thickening,No.
train_130_a_1.nii.gz,pleura,pleural effusion,No.
train_130_a_1.nii.gz,pleura/pleura,pleural effusion,No.
train_130_a_1.nii.gz,bone,lytic-destructive lesion,No.
train_130_a_1.nii.gz,bone/bone,lytic-destructive lesion,No.
train_130_a_1.nii.gz,abdomen,"dilatation, space-occupying lesion",No.
train_130_a_1.nii.gz,abdomen/abdomen,"dilatation, space-occupying lesion",No.
train_130_a_1.nii.gz,abdomen/abdomen/adrenal gland,space-occupying lesion,No.
train_130_a_1.nii.gz,abdomen/abdomen/aorta,dilatation,No.
train_6_b_1.nii.gz,trachea and bronchie,occlusive pathology,No.
train_6_b_1.nii.gz,trachea and bronchie/trachea,occlusive pathology,No.
train_6_b_1.nii.gz,trachea and bronchie/bronchie,occlusive pathology,No.
train_6_b_1.nii.gz,mediastinum/mediastinal tissue,lymph nodes in pathological size and appearance,No.
train_6_b_1.nii.gz,esophagus,pathological increase in wall thickness,No.
train_6_b_1.nii.gz,esophagus/esophagus,pathological increase in wall thickness,No.
train_6_b_1.nii.gz,bone,lytic-destructive lesions,No.
train_6_b_1.nii.gz,bone/bone,lytic-destructive lesions,No.
train_78_a_1.nii.gz,trachea and bronchie,obstructive pathology,No.
train_78_a_1.nii.gz,trachea and bronchie/trachea,obstructive pathology,No.
train_78_a_1.nii.gz,trachea and bronchie/bronchie,obstructive pathology,No.
train_78_a_1.nii.gz,mediastinum,lymph nodes in pathological size and appearance,No.
train_78_a_1.nii.gz,mediastinum/mediastinal tissue,lymph nodes in pathological size and appearance,No.
train_78_a_1.nii.gz,esophagus,pathological increase in wall thickness,No.
train_78_a_1.nii.gz,esophagus/esophagus,pathological increase in wall thickness,No.
train_78_a_1.nii.gz,pleura,"thickness increase, pleural effusion",No.
train_78_a_1.nii.gz,pleura/pleura,"thickness increase, pleural effusion",No.
train_78_a_1.nii.gz,bone,"destructive lesions, lymph nodes in pathological size and appearance",No.
train_78_a_1.nii.gz,bone/bone,"destructive lesions, lymph nodes in pathological size and appearance",No.
train_78_a_1.nii.gz,bone/bone/vertebrae,destructive lesions,No.
train_78_a_1.nii.gz,bone/bone/clavicle,lymph nodes in pathological size and appearance,No.
train_78_a_1.nii.gz,abdomen,solid mass,No.
train_78_a_1.nii.gz,abdomen/abdomen,solid mass,No.
train_78_a_1.nii.gz,abdomen/abdomen/abdominal tissue,solid mass,No.
train_84_b_1.nii.gz,lung,"mass, infiltration",No.
train_84_b_1.nii.gz,lung/lung,"mass, infiltration",No.
train_63_a_1.nii.gz,trachea and bronchie,occlusive pathology,No.
train_63_a_1.nii.gz,trachea and bronchie/trachea,occlusive pathology,No.
train_63_a_1.nii.gz,trachea and bronchie/bronchie,occlusive pathology,No.
train_63_a_1.nii.gz,heart/heart/heart tissue,pericardial thickening-effusion,No.
train_63_a_1.nii.gz,pleura,bilateral pleural thickening-effusion,No.
train_63_a_1.nii.gz,pleura/pleura,bilateral pleural thickening-effusion,No.
train_107_c_1.nii.gz,esophagus,tumoral wall thickening,No.
train_107_c_1.nii.gz,esophagus/esophagus,tumoral wall thickening,No.
train_93_e_1.nii.gz,pleura,"bilateral pleural thickening-effusion, ground glass, focal consolidation",No.
train_93_e_1.nii.gz,pleura/pleura,"bilateral pleural thickening-effusion, ground glass, focal consolidation",No.
train_121_b_1.nii.gz,mediastinum,enlarged lymph nodes,No.
train_121_b_1.nii.gz,mediastinum/mediastinal tissue,enlarged lymph nodes,No.
train_121_b_1.nii.gz,esophagus,tumoral wall thickening,No.
train_121_b_1.nii.gz,esophagus/esophagus,tumoral wall thickening,No.
train_121_b_1.nii.gz,esophagus/esophagus/cervical esophagus,tumoral wall thickening,No.
train_121_b_1.nii.gz,abdomen,space-occupying lesion,No.
train_121_b_1.nii.gz,abdomen/abdomen,space-occupying lesion,No.
train_121_b_1.nii.gz,abdomen/abdomen/adrenal gland,space-occupying lesion,No.
train_121_b_1.nii.gz,abdomen/abdomen/liver,space-occupying lesion,No.
train_17_a_1.nii.gz,mediastinum,enlarged lymph nodes,No.
train_17_a_1.nii.gz,mediastinum/mediastinal tissue,enlarged lymph nodes,No.
train_17_a_1.nii.gz,esophagus,tumoral wall thickening,No.
train_17_a_1.nii.gz,esophagus/esophagus,tumoral wall thickening,No.
train_17_a_1.nii.gz,esophagus/esophagus/cervical esophagus,tumoral wall thickening,No.
train_17_a_1.nii.gz,abdomen/abdomen/adrenal gland,space-occupying lesion,No.
train_110_a_1.nii.gz,mediastinum,enlarged lymph nodes,No.
train_110_a_1.nii.gz,mediastinum/mediastinal tissue,enlarged lymph nodes,No.
train_110_a_1.nii.gz,esophagus,tumoral wall thickening,No.
train_110_a_1.nii.gz,esophagus/esophagus,tumoral wall thickening,No.
train_110_a_1.nii.gz,esophagus/esophagus/cervical esophagus,tumoral wall thickening,No.
train_110_a_1.nii.gz,pleura,"pleural effusion-thickening, pleural effusion",No.
train_110_a_1.nii.gz,pleura/pleura,"pleural effusion-thickening, pleural effusion",No.
train_110_a_1.nii.gz,abdomen,space-occupying lesion,No.
train_110_a_1.nii.gz,abdomen/abdomen,space-occupying lesion,No.
train_110_a_1.nii.gz,abdomen/abdomen/adrenal gland,space-occupying lesion,No.
train_110_a_1.nii.gz,abdomen/abdomen/liver,space-occupying lesion,No.
train_118_a_1.nii.gz,trachea and bronchie,obstructive pathology,No.
train_118_a_1.nii.gz,trachea and bronchie/trachea,obstructive pathology,No.
train_118_a_1.nii.gz,trachea and bronchie/bronchie,obstructive pathology,No.
train_118_a_1.nii.gz,mediastinum,enlarged lymph nodes,No.
train_118_a_1.nii.gz,mediastinum/mediastinal tissue,enlarged lymph nodes,No.
train_118_a_1.nii.gz,abdomen,space-occupying lesion,No.
train_118_a_1.nii.gz,abdomen/abdomen,space-occupying lesion,No.
train_118_a_1.nii.gz,abdomen/abdomen/adrenal gland,space-occupying lesion,No.
train_118_a_1.nii.gz,abdomen/abdomen/liver,space-occupying lesion,No.
train_93_d_1.nii.gz,lung,newly developed pathology,No.
train_93_d_1.nii.gz,lung/lung,newly developed pathology,No.
train_93_d_1.nii.gz,pleura,"ground glass densities, nodular consolidation",No.
train_93_d_1.nii.gz,pleura/pleura,"ground glass densities, nodular consolidation",No.
train_39_a_1.nii.gz,trachea and bronchie,occlusive pathology,No.
train_39_a_1.nii.gz,trachea and bronchie/trachea,occlusive pathology,No.
train_39_a_1.nii.gz,trachea and bronchie/bronchie,occlusive pathology,No.
train_39_a_1.nii.gz,mediastinum,"dilatation, lymph nodes in pathological size and appearance",No.
train_39_a_1.nii.gz,mediastinum/aorta,dilatation,No.
train_39_a_1.nii.gz,mediastinum/mediastinal tissue,lymph nodes in pathological size and appearance,No.
train_39_a_1.nii.gz,heart,pericardial thickening-effusion,No.
train_39_a_1.nii.gz,heart/heart,pericardial thickening-effusion,No.
train_39_a_1.nii.gz,heart/heart/heart tissue,pericardial thickening-effusion,No.
train_39_a_1.nii.gz,esophagus,pathological wall thickening,No.
train_39_a_1.nii.gz,esophagus/esophagus,pathological wall thickening,No.
train_39_a_1.nii.gz,esophagus/esophagus/cervical esophagus,pathological wall thickening,No.
train_39_a_1.nii.gz,pleura,pleural effusion,No.
train_39_a_1.nii.gz,pleura/pleura,pleural effusion,No.
train_39_a_1.nii.gz,abdomen,"dilatation, space-occupying lesion",No.
train_39_a_1.nii.gz,abdomen/abdomen,"dilatation, space-occupying lesion",No.
train_39_a_1.nii.gz,abdomen/abdomen/adrenal gland,space-occupying lesion,No.
train_39_a_1.nii.gz,abdomen/abdomen/aorta,dilatation,No.
train_43_a_1.nii.gz,trachea and bronchie,occlusive pathology,No.
train_43_a_1.nii.gz,trachea and bronchie/trachea,occlusive pathology,No.
train_43_a_1.nii.gz,trachea and bronchie/bronchie,occlusive pathology,No.
train_43_a_1.nii.gz,mediastinum,lymph nodes in pathological size and appearance,No.
train_43_a_1.nii.gz,mediastinum/mediastinal tissue,lymph nodes in pathological size and appearance,No.
train_43_a_1.nii.gz,heart,pericardial thickening-effusion,No.
train_43_a_1.nii.gz,heart/heart,pericardial thickening-effusion,No.
train_43_a_1.nii.gz,heart/heart/heart tissue,pericardial thickening-effusion,No.
train_43_a_1.nii.gz,esophagus,pathological wall thickening,No.
train_43_a_1.nii.gz,esophagus/esophagus,pathological wall thickening,No.
train_43_a_1.nii.gz,bone,lytic-destructive lesion,No.
train_43_a_1.nii.gz,bone/bone,lytic-destructive lesion,No.
train_43_a_1.nii.gz,abdomen,space-occupying lesion,No.
train_43_a_1.nii.gz,abdomen/abdomen,space-occupying lesion,No.
train_43_a_1.nii.gz,abdomen/abdomen/adrenal gland,space-occupying lesion,No.
train_56_a_1.nii.gz,mediastinum,enlarged lymph nodes,No.
train_56_a_1.nii.gz,mediastinum/mediastinal tissue,enlarged lymph nodes,No.
train_56_a_1.nii.gz,esophagus,tumoral wall thickening,No.
train_56_a_1.nii.gz,esophagus/esophagus,tumoral wall thickening,No.
train_56_a_1.nii.gz,esophagus/esophagus/cervical esophagus,tumoral wall thickening,No.
train_56_a_1.nii.gz,pleura,"pleural effusion-thickening, pleural effusion",No.
train_56_a_1.nii.gz,pleura/pleura,"pleural effusion-thickening, pleural effusion",No.
train_56_a_1.nii.gz,abdomen,space-occupying lesion,No.
train_56_a_1.nii.gz,abdomen/abdomen,space-occupying lesion,No.
train_56_a_1.nii.gz,abdomen/abdomen/adrenal gland,space-occupying lesion,No.
train_56_a_1.nii.gz,abdomen/abdomen/liver,space-occupying lesion,No.
train_134_a_1.nii.gz,trachea and bronchie,obstructive pathology,No.
train_134_a_1.nii.gz,trachea and bronchie/trachea,obstructive pathology,No.
train_134_a_1.nii.gz,trachea and bronchie/bronchie,obstructive pathology,No.
train_134_a_1.nii.gz,mediastinum,enlarged lymph nodes,No.
train_134_a_1.nii.gz,mediastinum/mediastinal tissue,enlarged lymph nodes,No.
train_134_a_1.nii.gz,esophagus,pathological wall thickening,No.
train_134_a_1.nii.gz,esophagus/esophagus,pathological wall thickening,No.
train_134_a_1.nii.gz,abdomen,space-occupying lesion,No.
train_134_a_1.nii.gz,abdomen/abdomen,space-occupying lesion,No.
train_134_a_1.nii.gz,abdomen/abdomen/adrenal gland,space-occupying lesion,No.
train_134_a_1.nii.gz,abdomen/abdomen/liver,space-occupying lesion,No.
train_4_a_1.nii.gz,trachea and bronchie,occlusive pathology,No.
train_4_a_1.nii.gz,trachea and bronchie/trachea,occlusive pathology,No.
train_4_a_1.nii.gz,trachea and bronchie/bronchie,occlusive pathology,No.
train_4_a_1.nii.gz,mediastinum,enlarged lymph nodes,No.
train_4_a_1.nii.gz,mediastinum/mediastinal tissue,enlarged lymph nodes,No.
train_4_a_1.nii.gz,esophagus,pathological wall thickening,No.
train_4_a_1.nii.gz,esophagus/esophagus,pathological wall thickening,No.
train_4_a_1.nii.gz,abdomen,space-occupying lesion,No.
train_4_a_1.nii.gz,abdomen/abdomen,space-occupying lesion,No.
train_4_a_1.nii.gz,abdomen/abdomen/adrenal gland,space-occupying lesion,No.
train_4_a_1.nii.gz,abdomen/abdomen/liver,space-occupying lesion,No.
train_87_a_1.nii.gz,mediastinum/mediastinal tissue,lymph nodes in pathological size,No.
train_87_a_1.nii.gz,esophagus,tumoral wall thickening,No.
train_87_a_1.nii.gz,esophagus/esophagus,tumoral wall thickening,No.
train_87_a_1.nii.gz,esophagus/esophagus/cervical esophagus,tumoral wall thickening,No.
train_87_a_1.nii.gz,pleura,"bilateral pleural effusion pneumothorax, pneumonia",No.
train_87_a_1.nii.gz,pleura/pleura,"bilateral pleural effusion pneumothorax, pneumonia",No.
train_87_a_1.nii.gz,abdomen/abdomen/abdominal tissue,natural,No.
train_87_a_1.nii.gz,abdomen/abdomen/adrenal gland,space-occupying lesion,No.
train_87_a_1.nii.gz,abdomen/abdomen/liver,space-occupying lesion,No.
train_31_a_1.nii.gz,trachea and bronchie,occlusive pathology,No.
train_31_a_1.nii.gz,trachea and bronchie/trachea,occlusive pathology,No.
train_31_a_1.nii.gz,trachea and bronchie/bronchie,occlusive pathology,No.
train_31_a_1.nii.gz,mediastinum,"dilatation, lymph nodes in pathological size and appearance",No.
train_31_a_1.nii.gz,mediastinum/aorta,dilatation,No.
train_31_a_1.nii.gz,mediastinum/mediastinal tissue,lymph nodes in pathological size and appearance,No.
train_31_a_1.nii.gz,heart,pericardial thickening-effusion,No.
train_31_a_1.nii.gz,heart/heart,pericardial thickening-effusion,No.
train_31_a_1.nii.gz,heart/heart/heart tissue,pericardial thickening-effusion,No.
train_31_a_1.nii.gz,esophagus,pathological wall thickening,No.
train_31_a_1.nii.gz,esophagus/esophagus,pathological wall thickening,No.
train_31_a_1.nii.gz,bone,lytic-destructive lesion,No.
train_31_a_1.nii.gz,bone/bone,lytic-destructive lesion,No.
train_31_a_1.nii.gz,abdomen,"dilatation, space-occupying lesion",No.
train_31_a_1.nii.gz,abdomen/abdomen,"dilatation, space-occupying lesion",No.
train_31_a_1.nii.gz,abdomen/abdomen/adrenal gland,space-occupying lesion,No.
train_31_a_1.nii.gz,abdomen/abdomen/aorta,dilatation,No.
train_70_a_1.nii.gz,trachea and bronchie,occlusive pathology,No.
train_70_a_1.nii.gz,trachea and bronchie/trachea,occlusive pathology,No.
train_70_a_1.nii.gz,trachea and bronchie/bronchie,occlusive pathology,No.
train_70_a_1.nii.gz,mediastinum,"lymph nodes in pathological size and appearance, pathological size and appearance",No.
train_70_a_1.nii.gz,mediastinum/mediastinal tissue,"lymph nodes in pathological size and appearance, pathological size and appearance",No.
train_70_a_1.nii.gz,esophagus,pathological increase in wall thickness,No.
train_70_a_1.nii.gz,esophagus/esophagus,pathological increase in wall thickness,No.
train_70_a_1.nii.gz,pleura,"thickness increase, pleural effusion",No.
train_70_a_1.nii.gz,pleura/pleura,"thickness increase, pleural effusion",No.
train_70_a_1.nii.gz,abdomen,pathology,No.
train_70_a_1.nii.gz,abdomen/abdomen,pathology,No.
train_70_a_1.nii.gz,abdomen/abdomen/abdominal tissue,pathology,No.
train_68_a_1.nii.gz,mediastinum,lymph nodes in pathological size and appearance,No.
train_68_a_1.nii.gz,mediastinum/mediastinal tissue,lymph nodes in pathological size and appearance,No.
train_68_a_1.nii.gz,pleura,pleural effusion,No.
train_68_a_1.nii.gz,pleura/pleura,pleural effusion,No.
train_68_a_1.nii.gz,bone,space-occupying lesions,No.
train_68_a_1.nii.gz,bone/bone,space-occupying lesions,No.
train_117_a_1.nii.gz,trachea and bronchie,occlusive pathology,No.
train_117_a_1.nii.gz,trachea and bronchie/trachea,occlusive pathology,No.
train_117_a_1.nii.gz,trachea and bronchie/bronchie,occlusive pathology,No.
train_117_a_1.nii.gz,mediastinum,enlarged lymph nodes,No.
train_117_a_1.nii.gz,mediastinum/mediastinal tissue,enlarged lymph nodes,No.
train_54_a_1.nii.gz,mediastinum,"natural, pathologically sized and configured lymph nodes, mass effect, pathologically sized and configured",No.
train_54_a_1.nii.gz,mediastinum/thymus,mass effect,No.
train_54_a_1.nii.gz,mediastinum/mediastinal tissue,"natural, pathologically sized and configured lymph nodes, mass effect, pathologically sized and configured",No.
train_54_a_1.nii.gz,esophagus,tumoral wall thickening,No.
train_54_a_1.nii.gz,esophagus/esophagus,tumoral wall thickening,No.
train_54_a_1.nii.gz,abdomen,"natural, space-occupying lesion",No.
train_54_a_1.nii.gz,abdomen/abdomen,"natural, space-occupying lesion",No.
train_54_a_1.nii.gz,abdomen/abdomen/abdominal tissue,natural,No.
train_54_a_1.nii.gz,abdomen/abdomen/adrenal gland,space-occupying lesion,No.
train_54_a_1.nii.gz,abdomen/abdomen/liver,space-occupying lesion,No.
train_92_a_1.nii.gz,trachea and bronchie,occlusive pathology,No.
train_92_a_1.nii.gz,trachea and bronchie/trachea,occlusive pathology,No.
train_92_a_1.nii.gz,trachea and bronchie/bronchie,occlusive pathology,No.
train_92_a_1.nii.gz,esophagus,pathological wall thickness increase,No.
train_92_a_1.nii.gz,esophagus/esophagus,pathological wall thickness increase,No.
train_51_b_1.nii.gz,trachea and bronchie,occlusive pathology,No.
train_51_b_1.nii.gz,trachea and bronchie/trachea,occlusive pathology,No.
train_51_b_1.nii.gz,trachea and bronchie/bronchie,occlusive pathology,No.
train_51_b_1.nii.gz,mediastinum/mediastinal tissue,"natural, lymph nodes in pathological size and appearance",No.
train_51_b_1.nii.gz,heart,pericardial thickening-effusion,No.
train_51_b_1.nii.gz,heart/heart,pericardial thickening-effusion,No.
train_51_b_1.nii.gz,heart/heart/heart tissue,pericardial thickening-effusion,No.
train_51_b_1.nii.gz,esophagus,pathological wall thickening,No.
train_51_b_1.nii.gz,esophagus/esophagus,pathological wall thickening,No.
train_51_b_1.nii.gz,abdomen/abdomen/abdominal tissue,free fluid,No.
train_73_a_1.nii.gz,mediastinum,enlarged lymph nodes,No.
train_73_a_1.nii.gz,mediastinum/mediastinal tissue,enlarged lymph nodes,No.
train_73_a_1.nii.gz,esophagus,tumoral wall thickening,No.
train_73_a_1.nii.gz,esophagus/esophagus,tumoral wall thickening,No.
train_73_a_1.nii.gz,esophagus/esophagus/cervical esophagus,tumoral wall thickening,No.
train_73_a_1.nii.gz,pleura,"pleural effusion-thickening, pleural effusion",No.
train_73_a_1.nii.gz,pleura/pleura,"pleural effusion-thickening, pleural effusion",No.
train_73_a_1.nii.gz,abdomen,space-occupying lesion,No.
train_73_a_1.nii.gz,abdomen/abdomen,space-occupying lesion,No.
train_73_a_1.nii.gz,abdomen/abdomen/adrenal gland,space-occupying lesion,No.
train_73_a_1.nii.gz,abdomen/abdomen/liver,space-occupying lesion,No.
train_24_a_1.nii.gz,mediastinum/mediastinal tissue,lymph nodes in pathological size and appearance,No.
train_24_a_1.nii.gz,bone,lytic-destructive lesions,No.
train_24_a_1.nii.gz,bone/bone,lytic-destructive lesions,No.
train_9_a_1.nii.gz,mediastinum,enlarged lymph nodes,No.
train_9_a_1.nii.gz,mediastinum/mediastinal tissue,enlarged lymph nodes,No.
train_9_a_1.nii.gz,esophagus,pathological wall thickening,No.
train_9_a_1.nii.gz,esophagus/esophagus,pathological wall thickening,No.
train_9_a_1.nii.gz,abdomen,space-occupying lesion,No.
train_9_a_1.nii.gz,abdomen/abdomen,space-occupying lesion,No.
train_9_a_1.nii.gz,abdomen/abdomen/adrenal gland,space-occupying lesion,No.
train_9_a_1.nii.gz,abdomen/abdomen/liver,space-occupying lesion,No.
train_125_a_1.nii.gz,heart,pericardial effusion,No.
train_125_a_1.nii.gz,heart/heart,pericardial effusion,No.
train_125_a_1.nii.gz,heart/heart/heart tissue,pericardial effusion,No.
train_125_a_1.nii.gz,bone,lytic-destructive lesions,No.
train_125_a_1.nii.gz,bone/bone,lytic-destructive lesions,No.
train_125_a_1.nii.gz,abdomen/abdomen/abdominal tissue,upper abdominal collection,No.
train_88_a_1.nii.gz,trachea and bronchie,occlusive pathology,No.
train_88_a_1.nii.gz,trachea and bronchie/trachea,occlusive pathology,No.
train_88_a_1.nii.gz,trachea and bronchie/bronchie,occlusive pathology,No.
train_88_a_1.nii.gz,mediastinum/mediastinal tissue,"enlarged lymph nodes, pathologically enlarged lymph nodes",No.
train_88_a_1.nii.gz,esophagus,pathological wall thickness increase,No.
train_88_a_1.nii.gz,esophagus/esophagus,pathological wall thickness increase,No.
train_88_a_1.nii.gz,pleura,pericardial effusion,No.
train_88_a_1.nii.gz,pleura/pleura,pericardial effusion,No.
train_88_a_1.nii.gz,abdomen/abdomen/abdominal tissue,upper abdominal free fluid-collection,No.
train_93_c_1.nii.gz,trachea and bronchie,obstructive pathology,No.
train_93_c_1.nii.gz,trachea and bronchie/trachea,obstructive pathology,No.
train_93_c_1.nii.gz,trachea and bronchie/bronchie,obstructive pathology,No.
train_93_c_1.nii.gz,mediastinum,pathologically enlarged lymph nodes,No.
train_93_c_1.nii.gz,mediastinum/mediastinal tissue,pathologically enlarged lymph nodes,No.
train_93_c_1.nii.gz,pleura,pericardial effusion,No.
train_93_c_1.nii.gz,pleura/pleura,pericardial effusion,No.
train_93_c_1.nii.gz,abdomen,upper abdominal free fluid-collection,No.
train_93_c_1.nii.gz,abdomen/abdomen,upper abdominal free fluid-collection,No.
train_93_c_1.nii.gz,abdomen/abdomen/abdominal tissue,upper abdominal free fluid-collection,No.
train_76_a_1.nii.gz,trachea and bronchie,occlusive pathology,No.
train_76_a_1.nii.gz,trachea and bronchie/bronchie,occlusive pathology,No.
train_76_a_1.nii.gz,esophagus,tumoral wall thickening,No.
train_76_a_1.nii.gz,esophagus/esophagus,tumoral wall thickening,No.
train_76_a_1.nii.gz,esophagus/esophagus/cervical esophagus,tumoral wall thickening,No.
train_76_a_1.nii.gz,breast,mass lesion,No.
train_76_a_1.nii.gz,breast/breast,mass lesion,No.
train_76_a_1.nii.gz,breast/breast/right breast,mass lesion,No.
train_76_a_1.nii.gz,abdomen,stones,No.
train_76_a_1.nii.gz,abdomen/abdomen,stones,No.
train_76_a_1.nii.gz,abdomen/abdomen/kidney,stones,No.
train_46_a_1.nii.gz,trachea and bronchie,obstructive pathology,No.
train_46_a_1.nii.gz,trachea and bronchie/trachea,obstructive pathology,No.
train_46_a_1.nii.gz,trachea and bronchie/bronchie,obstructive pathology,No.
train_46_a_1.nii.gz,mediastinum/mediastinal tissue,enlarged lymph nodes,No.
train_46_a_1.nii.gz,esophagus,tumoral wall thickening,No.
train_46_a_1.nii.gz,esophagus/esophagus,tumoral wall thickening,No.
train_46_a_1.nii.gz,esophagus/esophagus/cervical esophagus,tumoral wall thickening,No.
train_46_a_1.nii.gz,abdomen/abdomen/adrenal gland,space-occupying lesion,No.
train_140_a_1.nii.gz,mediastinum,"natural, lymph nodes in pathological size, pathological size and configuration",No.
train_140_a_1.nii.gz,mediastinum/mediastinal tissue,"natural, lymph nodes in pathological size, pathological size and configuration",No.
train_140_a_1.nii.gz,heart,natural,No.
train_140_a_1.nii.gz,heart/heart,natural,No.
train_140_a_1.nii.gz,heart/heart/heart tissue,natural,No.
train_140_a_1.nii.gz,pleura,"pleural effusion, bilateral pleural effusion",No.
train_140_a_1.nii.gz,pleura/pleura,"pleural effusion, bilateral pleural effusion",No.
train_140_a_1.nii.gz,abdomen,space-occupying lesion,No.
train_140_a_1.nii.gz,abdomen/abdomen,space-occupying lesion,No.
train_140_a_1.nii.gz,abdomen/abdomen/adrenal gland,space-occupying lesion,No.
train_140_a_1.nii.gz,abdomen/abdomen/liver,space-occupying lesion,No.
train_140_a_1.nii.gz,others,symmetrical,No.
train_140_a_1.nii.gz,others/thoracic cavity,symmetrical,No.
train_5_a_1.nii.gz,trachea and bronchie/trachea,obstructive pathology,No.
train_5_a_1.nii.gz,mediastinum/mediastinal tissue,lymph nodes in pathological size and appearance,No.
train_5_a_1.nii.gz,pleura,"increased thickness, pleural effusion",No.
train_5_a_1.nii.gz,pleura/pleura,"increased thickness, pleural effusion",No.
train_5_a_1.nii.gz,bone,destructive lesions,No.
train_5_a_1.nii.gz,bone/bone,destructive lesions,No.
train_5_a_1.nii.gz,bone/bone/vertebrae,destructive lesions,No.
train_5_a_1.nii.gz,abdomen/abdomen/abdominal tissue,"solid mass, loculated collection, free fluid",No.
train_72_a_1.nii.gz,bone,"lytic-destructive lesions, lymph nodes in pathological size and appearance",No.
train_72_a_1.nii.gz,bone/bone,"lytic-destructive lesions, lymph nodes in pathological size and appearance",No.
train_72_a_1.nii.gz,bone/bone/clavicle,lymph nodes in pathological size and appearance,No.
train_102_a_1.nii.gz,esophagus,tumoral wall thickening,No.
train_102_a_1.nii.gz,esophagus/esophagus,tumoral wall thickening,No.
train_39_d_1.nii.gz,esophagus,tumoral wall thickening,No.
train_39_d_1.nii.gz,esophagus/esophagus,tumoral wall thickening,No.
train_39_d_1.nii.gz,pleura,"pleural effusion-thickening, pleural effusion",No.
train_39_d_1.nii.gz,pleura/pleura,"pleural effusion-thickening, pleural effusion",No.
train_39_d_1.nii.gz,abdomen/abdomen/adrenal gland,space-occupying lesion,No.
train_39_d_1.nii.gz,abdomen/abdomen/liver,space-occupying lesion,No.
train_101_b_1.nii.gz,esophagus,tumoral wall thickening,No.
train_101_b_1.nii.gz,esophagus/esophagus,tumoral wall thickening,No.
train_101_b_1.nii.gz,abdomen/abdomen/adrenal gland/right adrenal gland,right adrenal gland,No.
train_3_a_1.nii.gz,heart,"thickness increase, pericardial effusion, mass appearance",No.
train_3_a_1.nii.gz,heart/heart,"thickness increase, pericardial effusion, mass appearance",No.
train_3_a_1.nii.gz,heart/heart/heart tissue,"thickness increase, pericardial effusion, mass appearance",No.
train_91_a_1.nii.gz,trachea and bronchie,occlusive pathology,No.
train_91_a_1.nii.gz,trachea and bronchie/trachea,occlusive pathology,No.
train_91_a_1.nii.gz,trachea and bronchie/bronchie,occlusive pathology,No.
train_91_a_1.nii.gz,mediastinum,lymph nodes in pathological size and appearance,No.
train_91_a_1.nii.gz,mediastinum/mediastinal tissue,lymph nodes in pathological size and appearance,No.
train_91_a_1.nii.gz,esophagus,pathological increase in wall thickness,No.
train_91_a_1.nii.gz,esophagus/esophagus,pathological increase in wall thickness,No.
train_91_a_1.nii.gz,pleura,pleural effusion,No.
train_91_a_1.nii.gz,pleura/pleura,pleural effusion,No.
train_91_a_1.nii.gz,abdomen,"intraabdominal free fluid, solid mass, loculated collection",No.
train_91_a_1.nii.gz,abdomen/abdomen,"intraabdominal free fluid, solid mass, loculated collection",No.
train_91_a_1.nii.gz,abdomen/abdomen/abdominal tissue,"intraabdominal free fluid, solid mass, loculated collection",No.
train_145_a_1.nii.gz,trachea and bronchie,occlusive pathology,No.
train_145_a_1.nii.gz,trachea and bronchie/trachea,occlusive pathology,No.
train_145_a_1.nii.gz,trachea and bronchie/bronchie,occlusive pathology,No.
train_145_a_1.nii.gz,esophagus,pathological wall thickening,No.
train_145_a_1.nii.gz,esophagus/esophagus,pathological wall thickening,No.
train_145_a_1.nii.gz,esophagus/esophagus/cervical esophagus,pathological wall thickening,No.
train_85_a_1.nii.gz,trachea and bronchie,obstructive pathology,No.
train_85_a_1.nii.gz,trachea and bronchie/trachea,obstructive pathology,No.
train_85_a_1.nii.gz,trachea and bronchie/bronchie,obstructive pathology,No.
train_85_a_1.nii.gz,breast/breast/right breast,"mass, pathologically enlarged lymph nodes",No.
train_85_a_1.nii.gz,abdomen,"upper abdominal free fluid-collection, mass, pathologically enlarged lymph nodes",No.
train_85_a_1.nii.gz,abdomen/abdomen,"upper abdominal free fluid-collection, mass, pathologically enlarged lymph nodes",No.
train_85_a_1.nii.gz,abdomen/abdomen/abdominal tissue,"upper abdominal free fluid-collection, mass, pathologically enlarged lymph nodes",No.
train_111_a_1.nii.gz,lung,"mass, infiltrative lesion",No.
train_111_a_1.nii.gz,lung/lung,"mass, infiltrative lesion",No.
train_111_a_1.nii.gz,trachea and bronchie,occlusive pathology,No.
train_111_a_1.nii.gz,trachea and bronchie/trachea,occlusive pathology,No.
train_111_a_1.nii.gz,trachea and bronchie/bronchie,occlusive pathology,No.
train_111_a_1.nii.gz,mediastinum,pathologically enlarged lymph nodes,No.
train_111_a_1.nii.gz,mediastinum/mediastinal tissue,pathologically enlarged lymph nodes,No.
train_111_a_1.nii.gz,esophagus,pathological wall thickness increase,No.
train_111_a_1.nii.gz,esophagus/esophagus,pathological wall thickness increase,No.
train_111_a_1.nii.gz,pleura,pericardial effusion,No.
train_111_a_1.nii.gz,pleura/pleura,pericardial effusion,No.
train_111_a_1.nii.gz,bone,lytic-destructive lesions,No.
train_111_a_1.nii.gz,bone/bone,lytic-destructive lesions,No.
train_53_a_1.nii.gz,mediastinum/mediastinal tissue,enlarged lymph nodes,No.
train_53_a_1.nii.gz,abdomen,loculated fluid,No.
train_53_a_1.nii.gz,abdomen/abdomen,loculated fluid,No.
train_53_a_1.nii.gz,abdomen/abdomen/abdominal tissue,loculated fluid,No.
train_42_a_1.nii.gz,trachea and bronchie,occlusive pathology,No.
train_42_a_1.nii.gz,trachea and bronchie/trachea,occlusive pathology,No.
train_42_a_1.nii.gz,trachea and bronchie/bronchie,occlusive pathology,No.
train_42_a_1.nii.gz,mediastinum/aorta,dilatation,No.
train_42_a_1.nii.gz,heart,pericardial thickening-effusion,No.
train_42_a_1.nii.gz,heart/heart,pericardial thickening-effusion,No.
train_42_a_1.nii.gz,heart/heart/heart tissue,pericardial thickening-effusion,No.
train_42_a_1.nii.gz,esophagus,pathological wall thickening,No.
train_42_a_1.nii.gz,esophagus/esophagus,pathological wall thickening,No.
train_42_a_1.nii.gz,bone,lytic-destructive lesion,No.
train_42_a_1.nii.gz,bone/bone,lytic-destructive lesion,No.
train_42_a_1.nii.gz,abdomen,"dilatation, space-occupying lesion",No.
train_42_a_1.nii.gz,abdomen/abdomen,"dilatation, space-occupying lesion",No.
train_42_a_1.nii.gz,abdomen/abdomen/adrenal gland,space-occupying lesion,No.
train_42_a_1.nii.gz,abdomen/abdomen/aorta,dilatation,No.
train_127_a_1.nii.gz,trachea and bronchie,occlusive pathology,No.
train_127_a_1.nii.gz,trachea and bronchie/trachea,occlusive pathology,No.
train_127_a_1.nii.gz,trachea and bronchie/bronchie,occlusive pathology,No.
train_127_a_1.nii.gz,mediastinum,"enlarged lymph nodes, pathologically enlarged lymph nodes",No.
train_127_a_1.nii.gz,mediastinum/mediastinal tissue,"enlarged lymph nodes, pathologically enlarged lymph nodes",No.
train_127_a_1.nii.gz,esophagus,pathological wall thickness increase,No.
train_127_a_1.nii.gz,esophagus/esophagus,pathological wall thickness increase,No.
train_127_a_1.nii.gz,pleura,pericardial effusion,No.
train_127_a_1.nii.gz,pleura/pleura,pericardial effusion,No.
train_127_a_1.nii.gz,bone,lytic-destructive lesions,No.
train_127_a_1.nii.gz,bone/bone,lytic-destructive lesions,No.
train_127_a_1.nii.gz,abdomen,"upper abdominal free fluid-collection, mass",No.
train_127_a_1.nii.gz,abdomen/abdomen,"upper abdominal free fluid-collection, mass",No.
train_127_a_1.nii.gz,abdomen/abdomen/abdominal tissue,"upper abdominal free fluid-collection, mass",No.
train_40_a_1.nii.gz,esophagus,pathological increase in wall thickness,No.
train_40_a_1.nii.gz,esophagus/esophagus,pathological increase in wall thickness,No.
train_40_a_1.nii.gz,abdomen/abdomen/abdominal tissue,"intraabdominal free fluid, loculated collection",No.
train_50_a_1.nii.gz,lung,"lymph nodes in pathological size and appearance, mass nodule-infiltration",No.
train_50_a_1.nii.gz,lung/lung,"lymph nodes in pathological size and appearance, mass nodule-infiltration",No.
train_50_a_1.nii.gz,trachea and bronchie,occlusive pathology,No.
train_50_a_1.nii.gz,trachea and bronchie/trachea,occlusive pathology,No.
train_50_a_1.nii.gz,trachea and bronchie/bronchie,occlusive pathology,No.
train_50_a_1.nii.gz,mediastinum,"dilatation, lymph nodes in pathological size and appearance",No.
train_50_a_1.nii.gz,mediastinum/aorta,dilatation,No.
train_50_a_1.nii.gz,mediastinum/mediastinal tissue,lymph nodes in pathological size and appearance,No.
train_50_a_1.nii.gz,heart,pericardial thickening-effusion,No.
train_50_a_1.nii.gz,heart/heart,pericardial thickening-effusion,No.
train_50_a_1.nii.gz,heart/heart/heart tissue,pericardial thickening-effusion,No.
train_50_a_1.nii.gz,esophagus,pathological wall thickening,No.
train_50_a_1.nii.gz,esophagus/esophagus,pathological wall thickening,No.
train_50_a_1.nii.gz,pleura,bilateral pleural thickening-effusion,No.
train_50_a_1.nii.gz,pleura/pleura,bilateral pleural thickening-effusion,No.
train_50_a_1.nii.gz,bone,lytic-destructive lesion,No.
train_50_a_1.nii.gz,bone/bone,lytic-destructive lesion,No.
train_50_a_1.nii.gz,abdomen,"dilatation, space-occupying lesion",No.
train_50_a_1.nii.gz,abdomen/abdomen,"dilatation, space-occupying lesion",No.
train_50_a_1.nii.gz,abdomen/abdomen/adrenal gland,space-occupying lesion,No.
train_50_a_1.nii.gz,abdomen/abdomen/aorta,dilatation,No.
train_102_c_1.nii.gz,trachea and bronchie,obstructive pathology,No.
train_102_c_1.nii.gz,trachea and bronchie/trachea,obstructive pathology,No.
train_102_c_1.nii.gz,trachea and bronchie/bronchie,obstructive pathology,No.
train_102_c_1.nii.gz,mediastinum,lymph nodes in pathological size and appearance,No.
train_102_c_1.nii.gz,mediastinum/mediastinal tissue,lymph nodes in pathological size and appearance,No.
train_102_c_1.nii.gz,esophagus,pathological increase in wall thickness,No.
train_102_c_1.nii.gz,esophagus/esophagus,pathological increase in wall thickness,No.
train_102_c_1.nii.gz,pleura,"thickness increase, pleural effusion",No.
train_102_c_1.nii.gz,pleura/pleura,"thickness increase, pleural effusion",No.
train_102_c_1.nii.gz,bone,destructive lesions,No.
train_102_c_1.nii.gz,bone/bone,destructive lesions,No.
train_102_c_1.nii.gz,bone/bone/vertebrae,destructive lesions,No.
train_102_c_1.nii.gz,abdomen,solid mass,No.
train_102_c_1.nii.gz,abdomen/abdomen,solid mass,No.
train_102_c_1.nii.gz,abdomen/abdomen/abdominal tissue,solid mass,No.
train_61_d_1.nii.gz,mediastinum,enlarged lymph nodes,No.
train_61_d_1.nii.gz,mediastinum/mediastinal tissue,enlarged lymph nodes,No.
train_61_d_1.nii.gz,esophagus,tumoral wall thickening,No.
train_61_d_1.nii.gz,esophagus/esophagus,tumoral wall thickening,No.
train_7_a_1.nii.gz,trachea and bronchie,occlusive pathology,No.
train_7_a_1.nii.gz,trachea and bronchie/trachea,occlusive pathology,No.
train_7_a_1.nii.gz,trachea and bronchie/bronchie,occlusive pathology,No.
train_7_a_1.nii.gz,mediastinum,"dilatation, lymph nodes in pathological size and appearance",No.
train_7_a_1.nii.gz,mediastinum/aorta,dilatation,No.
train_7_a_1.nii.gz,mediastinum/mediastinal tissue,lymph nodes in pathological size and appearance,No.
train_7_a_1.nii.gz,heart,pericardial thickening-effusion,No.
train_7_a_1.nii.gz,heart/heart,pericardial thickening-effusion,No.
train_7_a_1.nii.gz,heart/heart/heart tissue,pericardial thickening-effusion,No.
train_7_a_1.nii.gz,esophagus,pathological wall thickening,No.
train_7_a_1.nii.gz,esophagus/esophagus,pathological wall thickening,No.
train_7_a_1.nii.gz,pleura,bilateral pleural thickening-effusion,No.
train_7_a_1.nii.gz,pleura/pleura,bilateral pleural thickening-effusion,No.
train_7_a_1.nii.gz,bone,lytic-destructive lesion,No.
train_7_a_1.nii.gz,bone/bone,lytic-destructive lesion,No.
train_7_a_1.nii.gz,abdomen,"dilatation, space-occupying lesion",No.
train_7_a_1.nii.gz,abdomen/abdomen,"dilatation, space-occupying lesion",No.
train_7_a_1.nii.gz,abdomen/abdomen/adrenal gland,space-occupying lesion,No.
train_7_a_1.nii.gz,abdomen/abdomen/aorta,dilatation,No.
train_107_a_1.nii.gz,trachea and bronchie/trachea,obstructive pathology,No.
train_107_a_1.nii.gz,mediastinum,lymph nodes in pathological size and appearance,No.
train_107_a_1.nii.gz,mediastinum/mediastinal tissue,lymph nodes in pathological size and appearance,No.
train_107_a_1.nii.gz,esophagus,pathological increase in wall thickness,No.
train_107_a_1.nii.gz,esophagus/esophagus,pathological increase in wall thickness,No.
train_107_a_1.nii.gz,pleura,"pericardial-pleural effusion, pleural effusion",No.
train_107_a_1.nii.gz,pleura/pleura,"pericardial-pleural effusion, pleural effusion",No.
train_107_a_1.nii.gz,abdomen,pathology,No.
train_107_a_1.nii.gz,abdomen/abdomen,pathology,No.
train_107_a_1.nii.gz,abdomen/abdomen/abdominal tissue,pathology,No.
train_47_a_1.nii.gz,trachea and bronchie,obstructive pathology,No.
train_47_a_1.nii.gz,trachea and bronchie/trachea,obstructive pathology,No.
train_47_a_1.nii.gz,trachea and bronchie/bronchie,obstructive pathology,No.
train_47_a_1.nii.gz,esophagus,tumoral wall thickening,No.
train_47_a_1.nii.gz,esophagus/esophagus,tumoral wall thickening,No.
train_47_a_1.nii.gz,esophagus/esophagus/cervical esophagus,tumoral wall thickening,No.
train_47_a_1.nii.gz,abdomen/abdomen/adrenal gland,space-occupying lesion,No.
train_47_a_1.nii.gz,abdomen/abdomen/liver,space-occupying lesion,No.
train_149_a_1.nii.gz,trachea and bronchie,occlusive pathology,No.
train_149_a_1.nii.gz,trachea and bronchie/trachea,occlusive pathology,No.
train_149_a_1.nii.gz,trachea and bronchie/bronchie,occlusive pathology,No.
train_149_a_1.nii.gz,heart,pericardial thickening-effusion,No.
train_149_a_1.nii.gz,heart/heart,pericardial thickening-effusion,No.
train_149_a_1.nii.gz,heart/heart/heart tissue,pericardial thickening-effusion,No.
train_149_a_1.nii.gz,bone,lytic-destructive lesion,No.
train_149_a_1.nii.gz,bone/bone,lytic-destructive lesion,No.
train_114_a_1.nii.gz,lung,"mass lesion, active infiltration",No.
train_114_a_1.nii.gz,lung/lung,"mass lesion, active infiltration",No.
train_114_a_1.nii.gz,trachea and bronchie,obstructive pathology,No.
train_114_a_1.nii.gz,trachea and bronchie/trachea,obstructive pathology,No.
train_114_a_1.nii.gz,trachea and bronchie/bronchie,obstructive pathology,No.
train_114_a_1.nii.gz,mediastinum,lymph nodes in pathological size and appearance,No.
train_114_a_1.nii.gz,mediastinum/mediastinal tissue,lymph nodes in pathological size and appearance,No.
train_114_a_1.nii.gz,esophagus,pathological increase in wall thickness,No.
train_114_a_1.nii.gz,esophagus/esophagus,pathological increase in wall thickness,No.
train_114_a_1.nii.gz,pleura,"increased thickness, pericardial-pleural effusion",No.
train_114_a_1.nii.gz,pleura/pleura,"increased thickness, pericardial-pleural effusion",No.
train_126_a_1.nii.gz,heart/heart/heart tissue,pericardial thickening,No.
train_103_a_1.nii.gz,esophagus,tumoral wall thickening,No.
train_103_a_1.nii.gz,esophagus/esophagus,tumoral wall thickening,No.
train_103_a_1.nii.gz,esophagus/esophagus/cervical esophagus,tumoral wall thickening,No.
train_103_a_1.nii.gz,pleura,"pleural effusion-thickening, pleural effusion",No.
train_103_a_1.nii.gz,pleura/pleura,"pleural effusion-thickening, pleural effusion",No.
train_103_a_1.nii.gz,abdomen/abdomen/adrenal gland,space-occupying lesion,No.
train_103_a_1.nii.gz,abdomen/abdomen/liver,space-occupying lesion,No.
train_81_a_1.nii.gz,mediastinum,enlarged lymph nodes,No.
train_81_a_1.nii.gz,mediastinum/mediastinal tissue,enlarged lymph nodes,No.
train_81_a_1.nii.gz,esophagus,tumoral wall thickening,No.
train_81_a_1.nii.gz,esophagus/esophagus,tumoral wall thickening,No.
train_81_a_1.nii.gz,bone,lytic-destructive lesion,No.
train_81_a_1.nii.gz,bone/bone,lytic-destructive lesion,No.
train_81_a_1.nii.gz,bone/bone/vertebrae,lytic-destructive lesion,No.
train_81_a_1.nii.gz,bone/bone/vertebrae/thoracic vertebrae,lytic-destructive lesion,No.
train_81_a_1.nii.gz,abdomen,space-occupying lesion,No.
train_81_a_1.nii.gz,abdomen/abdomen,space-occupying lesion,No.
train_81_a_1.nii.gz,abdomen/abdomen/adrenal gland,space-occupying lesion,No.
train_81_a_1.nii.gz,abdomen/abdomen/liver,space-occupying lesion,No.
train_81_a_1.nii.gz,others,pneumothorax,No.
train_81_a_1.nii.gz,others/thoracic cavity,pneumothorax,No.
train_61_c_1.nii.gz,trachea and bronchie,obstructive pathology,No.
train_61_c_1.nii.gz,trachea and bronchie/trachea,obstructive pathology,No.
train_61_c_1.nii.gz,trachea and bronchie/bronchie,obstructive pathology,No.
train_61_c_1.nii.gz,mediastinum,pathologically enlarged lymph nodes,No.
train_61_c_1.nii.gz,mediastinum/mediastinal tissue,pathologically enlarged lymph nodes,No.
train_129_a_1.nii.gz,bone/bone/clavicle,lymph nodes in pathological size and appearance,No.
train_48_b_1.nii.gz,trachea and bronchie,occlusive pathology,No.
train_48_b_1.nii.gz,trachea and bronchie/trachea,occlusive pathology,No.
train_48_b_1.nii.gz,trachea and bronchie/bronchie,occlusive pathology,No.
train_48_b_1.nii.gz,mediastinum/mediastinal tissue,"enlarged lymph nodes, pathologically enlarged lymph nodes",No.
train_48_b_1.nii.gz,pleura,pleural effusion,No.
train_48_b_1.nii.gz,pleura/pleura,pleural effusion,No.
train_48_b_1.nii.gz,bone,"lytic-destructive lesions, fractures",No.
train_48_b_1.nii.gz,bone/bone,"lytic-destructive lesions, fractures",No.
train_48_b_1.nii.gz,abdomen/abdomen/abdominal tissue,upper abdominal free fluid-collection,No.
train_132_a_1.nii.gz,mediastinum,enlarged lymph nodes,No.
train_132_a_1.nii.gz,mediastinum/mediastinal tissue,enlarged lymph nodes,No.
train_132_a_1.nii.gz,esophagus,tumoral wall thickening,No.
train_132_a_1.nii.gz,esophagus/esophagus,tumoral wall thickening,No.
train_132_a_1.nii.gz,esophagus/esophagus/cervical esophagus,tumoral wall thickening,No.
train_132_a_1.nii.gz,pleura,"pleural effusion-thickening, pleural effusion",No.
train_132_a_1.nii.gz,pleura/pleura,"pleural effusion-thickening, pleural effusion",No.
train_132_a_1.nii.gz,abdomen,space-occupying lesion,No.
train_132_a_1.nii.gz,abdomen/abdomen,space-occupying lesion,No.
train_132_a_1.nii.gz,abdomen/abdomen/adrenal gland,space-occupying lesion,No.
train_132_a_1.nii.gz,abdomen/abdomen/liver,space-occupying lesion,No.
train_77_a_1.nii.gz,trachea and bronchie,occlusive pathology,No.
train_77_a_1.nii.gz,trachea and bronchie/trachea,occlusive pathology,No.
train_77_a_1.nii.gz,trachea and bronchie/bronchie,occlusive pathology,No.
train_77_a_1.nii.gz,mediastinum,"dilatation, lymph nodes in pathological size and appearance",No.
train_77_a_1.nii.gz,mediastinum/aorta,dilatation,No.
train_77_a_1.nii.gz,mediastinum/mediastinal tissue,lymph nodes in pathological size and appearance,No.
train_77_a_1.nii.gz,heart,pericardial thickening-effusion,No.
train_77_a_1.nii.gz,heart/heart,pericardial thickening-effusion,No.
train_77_a_1.nii.gz,heart/heart/heart tissue,pericardial thickening-effusion,No.
train_77_a_1.nii.gz,esophagus,pathological wall thickening,No.
train_77_a_1.nii.gz,esophagus/esophagus,pathological wall thickening,No.
train_77_a_1.nii.gz,pleura,bilateral pleural thickening-effusion,No.
train_77_a_1.nii.gz,pleura/pleura,bilateral pleural thickening-effusion,No.
train_77_a_1.nii.gz,abdomen/abdomen/aorta,dilatation,No.
train_121_a_1.nii.gz,trachea and bronchie,occlusive pathology,No.
train_121_a_1.nii.gz,trachea and bronchie/trachea,occlusive pathology,No.
train_121_a_1.nii.gz,trachea and bronchie/bronchie,occlusive pathology,No.
train_121_a_1.nii.gz,mediastinum,lymph nodes in pathological size and appearance,No.
train_121_a_1.nii.gz,mediastinum/mediastinal tissue,lymph nodes in pathological size and appearance,No.
train_121_a_1.nii.gz,esophagus,pathological wall thickening,No.
train_121_a_1.nii.gz,esophagus/esophagus,pathological wall thickening,No.
train_121_a_1.nii.gz,bone,lytic-destructive lesion,No.
train_121_a_1.nii.gz,bone/bone,lytic-destructive lesion,No.
train_121_a_1.nii.gz,abdomen/abdomen/gallbladder,gall bladder,No.
train_140_b_1.nii.gz,mediastinum,enlarged lymph nodes,No.
train_140_b_1.nii.gz,mediastinum/mediastinal tissue,enlarged lymph nodes,No.
train_140_b_1.nii.gz,esophagus,pathological wall thickening,No.
train_140_b_1.nii.gz,esophagus/esophagus,pathological wall thickening,No.
train_140_b_1.nii.gz,abdomen,space-occupying lesion,No.
train_140_b_1.nii.gz,abdomen/abdomen,space-occupying lesion,No.
train_140_b_1.nii.gz,abdomen/abdomen/adrenal gland,space-occupying lesion,No.
train_140_b_1.nii.gz,abdomen/abdomen/liver,space-occupying lesion,No.
train_38_a_1.nii.gz,mediastinum,enlarged lymph nodes,No.
train_38_a_1.nii.gz,mediastinum/mediastinal tissue,enlarged lymph nodes,No.
train_38_a_1.nii.gz,esophagus,tumoral wall thickening,No.
train_38_a_1.nii.gz,esophagus/esophagus,tumoral wall thickening,No.
train_38_a_1.nii.gz,esophagus/esophagus/cervical esophagus,tumoral wall thickening,No.
train_38_a_1.nii.gz,pleura,"pleural effusion-thickening, pleural effusion",No.
train_38_a_1.nii.gz,pleura/pleura,"pleural effusion-thickening, pleural effusion",No.
train_38_a_1.nii.gz,abdomen,space-occupying lesion,No.
train_38_a_1.nii.gz,abdomen/abdomen,space-occupying lesion,No.
train_38_a_1.nii.gz,abdomen/abdomen/adrenal gland,space-occupying lesion,No.
train_38_a_1.nii.gz,abdomen/abdomen/liver,space-occupying lesion,No.
train_37_b_1.nii.gz,trachea and bronchie,occlusive pathology,No.
train_37_b_1.nii.gz,trachea and bronchie/trachea,occlusive pathology,No.
train_37_b_1.nii.gz,trachea and bronchie/bronchie,occlusive pathology,No.
train_37_b_1.nii.gz,mediastinum/mediastinal tissue,pathologically enlarged lymph nodes,No.
train_37_b_1.nii.gz,esophagus,pathological wall thickness increase,No.
train_37_b_1.nii.gz,esophagus/esophagus,pathological wall thickness increase,No.
train_37_b_1.nii.gz,pleura,pericardial effusion,No.
train_37_b_1.nii.gz,pleura/pleura,pericardial effusion,No.
train_37_b_1.nii.gz,bone,lytic-destructive lesions,No.
train_37_b_1.nii.gz,bone/bone,lytic-destructive lesions,No.
train_37_b_1.nii.gz,abdomen/abdomen/abdominal tissue,upper abdominal free fluid-collection,No.
train_1_a_1.nii.gz,mediastinum/mediastinal tissue,enlarged lymph nodes,No.
train_1_a_1.nii.gz,esophagus,tumoral wall thickening,No.
train_1_a_1.nii.gz,esophagus/esophagus,tumoral wall thickening,No.
train_1_a_1.nii.gz,esophagus/esophagus/cervical esophagus,tumoral wall thickening,No.
train_1_a_1.nii.gz,abdomen/abdomen/adrenal gland,space-occupying lesion,No.
train_1_a_1.nii.gz,abdomen/abdomen/liver,space-occupying lesion,No.
train_20_a_1.nii.gz,trachea and bronchie,obstructive pathology,No.
train_20_a_1.nii.gz,trachea and bronchie/trachea,obstructive pathology,No.
train_20_a_1.nii.gz,trachea and bronchie/bronchie,obstructive pathology,No.
train_20_a_1.nii.gz,mediastinum,pathologically enlarged lymph nodes,No.
train_20_a_1.nii.gz,mediastinum/mediastinal tissue,pathologically enlarged lymph nodes,No.
train_20_a_1.nii.gz,esophagus,pathological wall thickness increase,No.
train_20_a_1.nii.gz,esophagus/esophagus,pathological wall thickness increase,No.
train_20_a_1.nii.gz,pleura,pericardial effusion,No.
train_20_a_1.nii.gz,pleura/pleura,pericardial effusion,No.
train_20_a_1.nii.gz,bone,lytic-destructive lesions,No.
train_20_a_1.nii.gz,bone/bone,lytic-destructive lesions,No.
train_20_a_1.nii.gz,abdomen,"upper abdominal free fluid-collection, mass",No.
train_20_a_1.nii.gz,abdomen/abdomen,"upper abdominal free fluid-collection, mass",No.
train_20_a_1.nii.gz,abdomen/abdomen/abdominal tissue,"upper abdominal free fluid-collection, mass",No.
train_79_b_1.nii.gz,trachea and bronchie,obstructive pathology,No.
train_79_b_1.nii.gz,trachea and bronchie/trachea,obstructive pathology,No.
train_79_b_1.nii.gz,trachea and bronchie/bronchie,obstructive pathology,No.
train_79_b_1.nii.gz,mediastinum,enlarged lymph nodes,No.
train_79_b_1.nii.gz,mediastinum/mediastinal tissue,enlarged lymph nodes,No.
train_79_b_1.nii.gz,esophagus,pathological wall thickening,No.
train_79_b_1.nii.gz,esophagus/esophagus,pathological wall thickening,No.
train_79_b_1.nii.gz,abdomen,space-occupying lesion,No.
train_79_b_1.nii.gz,abdomen/abdomen,space-occupying lesion,No.
train_79_b_1.nii.gz,abdomen/abdomen/adrenal gland,space-occupying lesion,No.
train_79_b_1.nii.gz,abdomen/abdomen/liver,space-occupying lesion,No.
train_57_a_1.nii.gz,esophagus,tumoral wall thickening,No.
train_57_a_1.nii.gz,esophagus/esophagus,tumoral wall thickening,No.
train_112_a_1.nii.gz,lung,"consolidation area, mass-occupying lesion, pneumonic infiltration",No.
train_112_a_1.nii.gz,lung/lung,"consolidation area, mass-occupying lesion, pneumonic infiltration",No.
train_112_a_1.nii.gz,mediastinum,"lymph nodes in pathological size and appearance, pathological size and appearance",No.
train_112_a_1.nii.gz,mediastinum/mediastinal tissue,"lymph nodes in pathological size and appearance, pathological size and appearance",No.
train_112_a_1.nii.gz,esophagus,mass space-occupying lesion,No.
train_112_a_1.nii.gz,esophagus/esophagus,mass space-occupying lesion,No.
train_112_a_1.nii.gz,pleura,pleural effusion,No.
train_112_a_1.nii.gz,pleura/pleura,pleural effusion,No.
train_61_a_1.nii.gz,trachea and bronchie,occlusive pathology,No.
train_61_a_1.nii.gz,trachea and bronchie/trachea,occlusive pathology,No.
train_61_a_1.nii.gz,trachea and bronchie/bronchie,occlusive pathology,No.
train_33_a_1.nii.gz,trachea and bronchie,occlusive pathology,No.
train_33_a_1.nii.gz,trachea and bronchie/trachea,occlusive pathology,No.
train_33_a_1.nii.gz,trachea and bronchie/bronchie,occlusive pathology,No.
train_33_a_1.nii.gz,mediastinum/mediastinal tissue,pathologically enlarged lymph nodes,No.
train_33_a_1.nii.gz,esophagus,pathological wall thickness increase,No.
train_33_a_1.nii.gz,esophagus/esophagus,pathological wall thickness increase,No.
train_33_a_1.nii.gz,bone,"lytic-destructive lesions, fractures",No.
train_33_a_1.nii.gz,bone/bone,"lytic-destructive lesions, fractures",No.
train_33_a_1.nii.gz,abdomen/abdomen/abdominal tissue,"upper abdominal free fluid-collection, pathologically enlarged lymph nodes",No.
train_53_c_1.nii.gz,trachea and bronchie,obstructive pathology,No.
train_53_c_1.nii.gz,trachea and bronchie/trachea,obstructive pathology,No.
train_53_c_1.nii.gz,trachea and bronchie/bronchie,obstructive pathology,No.
train_53_c_1.nii.gz,mediastinum,lymph nodes in pathological size and appearance,No.
train_53_c_1.nii.gz,mediastinum/mediastinal tissue,lymph nodes in pathological size and appearance,No.
train_53_c_1.nii.gz,pleura,pleural effusion,No.
train_53_c_1.nii.gz,pleura/pleura,pleural effusion,No.
train_53_c_1.nii.gz,abdomen,"intra-abdominal intra-abdominal free fluid, loculated collection, lymph nodes in pathological size and appearance, solid mass",No.
train_53_c_1.nii.gz,abdomen/abdomen,"intra-abdominal intra-abdominal free fluid, loculated collection, lymph nodes in pathological size and appearance, solid mass",No.
train_53_c_1.nii.gz,abdomen/abdomen/abdominal tissue,"intra-abdominal intra-abdominal free fluid, loculated collection, lymph nodes in pathological size and appearance, solid mass",No.
train_82_a_1.nii.gz,trachea and bronchie/trachea,occlusive pathology,No.
train_82_a_1.nii.gz,mediastinum/mediastinal tissue,lymph nodes in pathological size and appearance,No.
train_82_a_1.nii.gz,esophagus,pathological wall thickening,No.
train_82_a_1.nii.gz,esophagus/esophagus,pathological wall thickening,No.
train_82_a_1.nii.gz,esophagus/esophagus/cervical esophagus,pathological wall thickening,No.
train_59_a_1.nii.gz,trachea and bronchie,occlusive pathology,No.
train_59_a_1.nii.gz,trachea and bronchie/trachea,occlusive pathology,No.
train_59_a_1.nii.gz,trachea and bronchie/bronchie,occlusive pathology,No.
train_59_a_1.nii.gz,mediastinum,"enlarged lymph nodes, pathologically enlarged lymph nodes",No.
train_59_a_1.nii.gz,mediastinum/mediastinal tissue,"enlarged lymph nodes, pathologically enlarged lymph nodes",No.
train_59_a_1.nii.gz,esophagus,pathological wall thickness increase,No.
train_59_a_1.nii.gz,esophagus/esophagus,pathological wall thickness increase,No.
train_59_a_1.nii.gz,pleura,pericardial effusion,No.
train_59_a_1.nii.gz,pleura/pleura,pericardial effusion,No.
train_59_a_1.nii.gz,bone,"lytic-destructive lesions, fractures",No.
train_59_a_1.nii.gz,bone/bone,"lytic-destructive lesions, fractures",No.
train_59_a_1.nii.gz,abdomen,"upper abdominal free fluid-collection, mass",No.
train_59_a_1.nii.gz,abdomen/abdomen,"upper abdominal free fluid-collection, mass",No.
train_59_a_1.nii.gz,abdomen/abdomen/abdominal tissue,"upper abdominal free fluid-collection, mass",No.
train_60_b_1.nii.gz,trachea and bronchie,obstructive pathology,No.
train_60_b_1.nii.gz,trachea and bronchie/trachea,obstructive pathology,No.
train_60_b_1.nii.gz,trachea and bronchie/bronchie,obstructive pathology,No.
train_60_b_1.nii.gz,esophagus,pathological wall thickening,No.
train_60_b_1.nii.gz,esophagus/esophagus,pathological wall thickening,No.
train_60_b_1.nii.gz,abdomen/abdomen/adrenal gland,space-occupying lesion,No.
train_60_b_1.nii.gz,abdomen/abdomen/liver,space-occupying lesion,No.
train_30_a_1.nii.gz,mediastinum,"lymph nodes in pathological size, pathological size and configuration",No.
train_30_a_1.nii.gz,mediastinum/mediastinal tissue,"lymph nodes in pathological size, pathological size and configuration",No.
train_30_a_1.nii.gz,esophagus,tumoral wall thickening,No.
train_30_a_1.nii.gz,esophagus/esophagus,tumoral wall thickening,No.
train_30_a_1.nii.gz,pleura,"bilateral pleural effusion pneumothorax, pleural effusion",No.
train_30_a_1.nii.gz,pleura/pleura,"bilateral pleural effusion pneumothorax, pleural effusion",No.
train_30_a_1.nii.gz,abdomen/abdomen/abdominal tissue,natural,No.
train_30_a_1.nii.gz,abdomen/abdomen/adrenal gland,space-occupying lesion,No.
train_106_a_1.nii.gz,mediastinum,enlarged lymph nodes,No.
train_106_a_1.nii.gz,mediastinum/mediastinal tissue,enlarged lymph nodes,No.
train_106_a_1.nii.gz,esophagus,tumoral wall thickening,No.
train_106_a_1.nii.gz,esophagus/esophagus,tumoral wall thickening,No.
train_106_a_1.nii.gz,esophagus/esophagus/cervical esophagus,tumoral wall thickening,No.
train_106_a_1.nii.gz,pleura,"pleural effusion-thickening, pleural effusion",No.
train_106_a_1.nii.gz,pleura/pleura,"pleural effusion-thickening, pleural effusion",No.
train_106_a_1.nii.gz,abdomen,space-occupying lesion,No.
train_106_a_1.nii.gz,abdomen/abdomen,space-occupying lesion,No.
train_106_a_1.nii.gz,abdomen/abdomen/adrenal gland,space-occupying lesion,No.
train_106_a_1.nii.gz,abdomen/abdomen/liver,space-occupying lesion,No.
train_46_b_1.nii.gz,trachea and bronchie,occlusive pathology,No.
train_46_b_1.nii.gz,trachea and bronchie/trachea,occlusive pathology,No.
train_46_b_1.nii.gz,trachea and bronchie/bronchie,occlusive pathology,No.
train_46_b_1.nii.gz,mediastinum,pathologically enlarged lymph nodes,No.
train_46_b_1.nii.gz,mediastinum/mediastinal tissue,pathologically enlarged lymph nodes,No.
train_46_b_1.nii.gz,esophagus,pathological wall thickness increase,No.
train_46_b_1.nii.gz,esophagus/esophagus,pathological wall thickness increase,No.
train_46_b_1.nii.gz,bone,"lytic-destructive lesions, fractures",No.
train_46_b_1.nii.gz,bone/bone,"lytic-destructive lesions, fractures",No.
train_46_b_1.nii.gz,abdomen/abdomen/abdominal tissue,"upper abdominal free fluid-collection, pathologically enlarged lymph nodes",No.
train_12_a_1.nii.gz,trachea and bronchie,obstructive pathology,No.
train_12_a_1.nii.gz,trachea and bronchie/trachea,obstructive pathology,No.
train_12_a_1.nii.gz,trachea and bronchie/bronchie,obstructive pathology,No.
train_12_a_1.nii.gz,mediastinum/mediastinal tissue,"natural, enlarged lymph nodes",No.
train_12_a_1.nii.gz,esophagus,pathological wall thickening,No.
train_12_a_1.nii.gz,esophagus/esophagus,pathological wall thickening,No.
train_12_a_1.nii.gz,abdomen/abdomen/adrenal gland,space-occupying lesion,No.
train_12_a_1.nii.gz,abdomen/abdomen/liver,space-occupying lesion,No.
train_49_a_1.nii.gz,trachea and bronchie,obstructive pathology,No.
train_49_a_1.nii.gz,trachea and bronchie/trachea,obstructive pathology,No.
train_49_a_1.nii.gz,trachea and bronchie/bronchie,obstructive pathology,No.
train_49_a_1.nii.gz,mediastinum,enlarged lymph nodes,No.
train_49_a_1.nii.gz,mediastinum/mediastinal tissue,enlarged lymph nodes,No.
train_49_a_1.nii.gz,esophagus,tumoral wall thickening,No.
train_49_a_1.nii.gz,esophagus/esophagus,tumoral wall thickening,No.
train_49_a_1.nii.gz,pleura,"pleural effusion-thickening, pleural effusion",No.
train_49_a_1.nii.gz,pleura/pleura,"pleural effusion-thickening, pleural effusion",No.
train_105_a_1.nii.gz,trachea and bronchie,space-occupying lesion,No.
train_105_a_1.nii.gz,trachea and bronchie/bronchie,space-occupying lesion,No.
train_105_a_1.nii.gz,mediastinum,"natural, lymph nodes in pathological size and appearance",No.
train_105_a_1.nii.gz,mediastinum/mediastinal tissue,"natural, lymph nodes in pathological size and appearance",No.
train_105_a_1.nii.gz,bone,"space-occupying lesion, fractures",No.
train_105_a_1.nii.gz,bone/bone,"space-occupying lesion, fractures",No.
train_105_a_1.nii.gz,bone/bone/vertebrae,fractures,No.
train_105_a_1.nii.gz,bone/bone/clavicle,space-occupying lesion,No.
train_105_a_1.nii.gz,abdomen/abdomen/abdominal tissue,"free air image, free fluid",No.
train_107_b_1.nii.gz,trachea and bronchie,occlusive pathology,No.
train_107_b_1.nii.gz,trachea and bronchie/trachea,occlusive pathology,No.
train_107_b_1.nii.gz,trachea and bronchie/bronchie,occlusive pathology,No.
train_144_a_1.nii.gz,trachea and bronchie,occlusive pathology,No.
train_144_a_1.nii.gz,trachea and bronchie/trachea,occlusive pathology,No.
train_144_a_1.nii.gz,trachea and bronchie/bronchie,occlusive pathology,No.
train_144_a_1.nii.gz,mediastinum,lymph nodes in pathological size and appearance,No.
train_144_a_1.nii.gz,mediastinum/mediastinal tissue,lymph nodes in pathological size and appearance,No.
train_144_a_1.nii.gz,heart,pericardial thickening-effusion,No.
train_144_a_1.nii.gz,heart/heart,pericardial thickening-effusion,No.
train_144_a_1.nii.gz,heart/heart/heart tissue,pericardial thickening-effusion,No.
train_144_a_1.nii.gz,esophagus,pathological wall thickening,No.
train_144_a_1.nii.gz,esophagus/esophagus,pathological wall thickening,No.
train_144_a_1.nii.gz,pleura,bilateral pleural thickening-effusion,No.
train_144_a_1.nii.gz,pleura/pleura,bilateral pleural thickening-effusion,No.
train_144_a_1.nii.gz,bone,lytic-destructive lesion,No.
train_144_a_1.nii.gz,bone/bone,lytic-destructive lesion,No.
train_144_a_1.nii.gz,abdomen,space-occupying lesion,No.
train_144_a_1.nii.gz,abdomen/abdomen,space-occupying lesion,No.
train_144_a_1.nii.gz,abdomen/abdomen/adrenal gland,space-occupying lesion,No.
train_66_a_1.nii.gz,esophagus,tumoral wall thickening,No.
train_66_a_1.nii.gz,esophagus/esophagus,tumoral wall thickening,No.
train_66_a_1.nii.gz,bone,"lytic-sclerotic lesions, fractures",No.
train_66_a_1.nii.gz,bone/bone,"lytic-sclerotic lesions, fractures",No.
train_66_a_1.nii.gz,abdomen/abdomen/adrenal gland,space-occupying lesion,No.
train_66_a_1.nii.gz,abdomen/abdomen/liver,space-occupying lesion,No.
train_62_a_1.nii.gz,mediastinum,enlarged lymph nodes,No.
train_62_a_1.nii.gz,mediastinum/mediastinal tissue,enlarged lymph nodes,No.
train_62_a_1.nii.gz,esophagus,tumoral wall thickening,No.
train_62_a_1.nii.gz,esophagus/esophagus,tumoral wall thickening,No.
train_62_a_1.nii.gz,esophagus/esophagus/cervical esophagus,tumoral wall thickening,No.
train_62_a_1.nii.gz,pleura,"pleural effusion-thickening, pleural effusion",No.
train_62_a_1.nii.gz,pleura/pleura,"pleural effusion-thickening, pleural effusion",No.
train_62_a_1.nii.gz,abdomen,space-occupying lesion,No.
train_62_a_1.nii.gz,abdomen/abdomen,space-occupying lesion,No.
train_62_a_1.nii.gz,abdomen/abdomen/adrenal gland,space-occupying lesion,No.
train_62_a_1.nii.gz,abdomen/abdomen/liver,space-occupying lesion,No.
train_60_c_1.nii.gz,trachea and bronchie,occlusive pathology,No.
train_60_c_1.nii.gz,trachea and bronchie/trachea,occlusive pathology,No.
train_60_c_1.nii.gz,trachea and bronchie/bronchie,occlusive pathology,No.
train_60_c_1.nii.gz,mediastinum/aorta,dilatation,No.
train_60_c_1.nii.gz,heart,pericardial thickening-effusion,No.
train_60_c_1.nii.gz,heart/heart,pericardial thickening-effusion,No.
train_60_c_1.nii.gz,heart/heart/heart tissue,pericardial thickening-effusion,No.
train_60_c_1.nii.gz,esophagus,pathological wall thickening,No.
train_60_c_1.nii.gz,esophagus/esophagus,pathological wall thickening,No.
train_60_c_1.nii.gz,pleura,pleural effusion,No.
train_60_c_1.nii.gz,pleura/pleura,pleural effusion,No.
train_60_c_1.nii.gz,abdomen,"dilatation, space-occupying lesion",No.
train_60_c_1.nii.gz,abdomen/abdomen,"dilatation, space-occupying lesion",No.
train_60_c_1.nii.gz,abdomen/abdomen/adrenal gland,space-occupying lesion,No.
train_60_c_1.nii.gz,abdomen/abdomen/aorta,dilatation,No.
train_45_a_1.nii.gz,trachea and bronchie,obstructive pathology,No.
train_45_a_1.nii.gz,trachea and bronchie/trachea,obstructive pathology,No.
train_45_a_1.nii.gz,trachea and bronchie/bronchie,obstructive pathology,No.
train_45_a_1.nii.gz,mediastinum/mediastinal tissue,lymph nodes in pathological size and appearance,No.
train_8_a_1.nii.gz,esophagus,tumoral wall thickening,No.
train_8_a_1.nii.gz,esophagus/esophagus,tumoral wall thickening,No.
train_8_a_1.nii.gz,bone,"fractures, sclerotic lesions",No.
train_8_a_1.nii.gz,bone/bone,"fractures, sclerotic lesions",No.
train_60_a_1.nii.gz,esophagus,tumoral wall thickening,No.
train_60_a_1.nii.gz,esophagus/esophagus,tumoral wall thickening,No.
train_60_a_1.nii.gz,esophagus/esophagus/cervical esophagus,tumoral wall thickening,No.
train_60_a_1.nii.gz,pleura,"pleural effusion-thickening, pleural effusion",No.
train_60_a_1.nii.gz,pleura/pleura,"pleural effusion-thickening, pleural effusion",No.
train_60_a_1.nii.gz,abdomen/abdomen/adrenal gland,space-occupying lesion,No.
train_60_a_1.nii.gz,abdomen/abdomen/liver,space-occupying lesion,No.
train_119_a_1.nii.gz,abdomen/abdomen/abdominal tissue,significant pathology,No.
train_67_a_1.nii.gz,mediastinum,enlarged lymph nodes,No.
train_67_a_1.nii.gz,mediastinum/mediastinal tissue,enlarged lymph nodes,No.
train_67_a_1.nii.gz,esophagus,tumoral wall thickening,No.
train_67_a_1.nii.gz,esophagus/esophagus,tumoral wall thickening,No.
train_67_a_1.nii.gz,pleura,"pleural effusion-thickening, pleural effusion",No.
train_67_a_1.nii.gz,pleura/pleura,"pleural effusion-thickening, pleural effusion",No.
train_67_a_1.nii.gz,abdomen,space-occupying lesion,No.
train_67_a_1.nii.gz,abdomen/abdomen,space-occupying lesion,No.
train_67_a_1.nii.gz,abdomen/abdomen/adrenal gland,space-occupying lesion,No.
train_67_a_1.nii.gz,abdomen/abdomen/liver,space-occupying lesion,No.
train_37_a_1.nii.gz,trachea and bronchie,occlusive pathology,No.
train_37_a_1.nii.gz,trachea and bronchie/bronchie,occlusive pathology,No.
train_37_a_1.nii.gz,mediastinum,enlarged lymph nodes,No.
train_37_a_1.nii.gz,mediastinum/mediastinal tissue,enlarged lymph nodes,No.
train_37_a_1.nii.gz,esophagus,pathological wall thickening,No.
train_37_a_1.nii.gz,esophagus/esophagus,pathological wall thickening,No.
train_37_a_1.nii.gz,bone,lymph nodes in pathological size,No.
train_37_a_1.nii.gz,bone/bone,lymph nodes in pathological size,No.
train_37_a_1.nii.gz,bone/bone/clavicle,lymph nodes in pathological size,No.
train_37_a_1.nii.gz,abdomen,space-occupying lesion,No.
train_37_a_1.nii.gz,abdomen/abdomen,space-occupying lesion,No.
train_37_a_1.nii.gz,abdomen/abdomen/adrenal gland,space-occupying lesion,No.
train_37_a_1.nii.gz,abdomen/abdomen/liver,space-occupying lesion,No.
train_39_b_1.nii.gz,mediastinum,pathological lap,No.
train_39_b_1.nii.gz,mediastinum/mediastinal tissue,pathological lap,No.
train_39_b_1.nii.gz,pleura,"pleural effusion-thickening, pleural effusion",No.
train_39_b_1.nii.gz,pleura/pleura,"pleural effusion-thickening, pleural effusion",No.
train_39_b_1.nii.gz,abdomen,significant pathology,No.
train_39_b_1.nii.gz,abdomen/abdomen,significant pathology,No.
train_39_b_1.nii.gz,abdomen/abdomen/abdominal tissue,significant pathology,No.
train_52_b_1.nii.gz,esophagus,tumoral wall thickening,No.
train_52_b_1.nii.gz,esophagus/esophagus,tumoral wall thickening,No.
train_35_a_1.nii.gz,trachea and bronchie,occlusive pathology,No.
train_35_a_1.nii.gz,trachea and bronchie/trachea,occlusive pathology,No.
train_35_a_1.nii.gz,trachea and bronchie/bronchie,occlusive pathology,No.
train_35_a_1.nii.gz,mediastinum,"stenosis-occlusion, lymph nodes in pathological size and appearance, enlargement",No.
train_35_a_1.nii.gz,mediastinum/aorta,"stenosis-occlusion, enlargement",No.
train_35_a_1.nii.gz,mediastinum/mediastinal tissue,lymph nodes in pathological size and appearance,No.
train_35_a_1.nii.gz,heart,pericardial thickening-effusion,No.
train_35_a_1.nii.gz,heart/heart,pericardial thickening-effusion,No.
train_35_a_1.nii.gz,heart/heart/heart tissue,pericardial thickening-effusion,No.
train_35_a_1.nii.gz,esophagus,pathological wall thickening,No.
train_35_a_1.nii.gz,esophagus/esophagus,pathological wall thickening,No.
train_35_a_1.nii.gz,abdomen/abdomen/adrenal gland,space-occupying lesion,No.
train_35_a_1.nii.gz,abdomen/abdomen/aorta,"stenosis-occlusion, enlargement",No.
train_35_a_1.nii.gz,abdomen/abdomen/intestine,"tumoral wall thickening, obstruction-dilatation",No.
train_35_a_1.nii.gz,abdomen/abdomen/kidney,cystic mass,No.
train_35_a_1.nii.gz,abdomen/abdomen/pancreas,"space-occupying solid, cystic mass lesion, enlargement",No.
train_148_a_1.nii.gz,trachea and bronchie,occlusive pathology,No.
train_148_a_1.nii.gz,trachea and bronchie/trachea,occlusive pathology,No.
train_148_a_1.nii.gz,trachea and bronchie/bronchie,occlusive pathology,No.
train_148_a_1.nii.gz,esophagus,pathological wall thickness increase,No.
train_148_a_1.nii.gz,esophagus/esophagus,pathological wall thickness increase,No.
train_148_a_1.nii.gz,pleura,pericardial effusion,No.
train_148_a_1.nii.gz,pleura/pleura,pericardial effusion,No.
train_148_a_1.nii.gz,bone,lytic-destructive lesions,No.
train_148_a_1.nii.gz,bone/bone,lytic-destructive lesions,No.
train_148_a_1.nii.gz,abdomen,upper abdominal free fluid-collection,No.
train_148_a_1.nii.gz,abdomen/abdomen,upper abdominal free fluid-collection,No.
train_148_a_1.nii.gz,abdomen/abdomen/abdominal tissue,upper abdominal free fluid-collection,No.
train_138_a_1.nii.gz,pleura,"pleural effusion-thickening, pleural effusion",No.
train_138_a_1.nii.gz,pleura/pleura,"pleural effusion-thickening, pleural effusion",No.
train_138_a_1.nii.gz,bone,lytic-destructive lesion,No.
train_138_a_1.nii.gz,bone/bone,lytic-destructive lesion,No.
train_82_b_1.nii.gz,trachea and bronchie,occlusive pathology,No.
train_82_b_1.nii.gz,trachea and bronchie/trachea,occlusive pathology,No.
train_82_b_1.nii.gz,heart,pericardial effusion,No.
train_82_b_1.nii.gz,heart/heart,pericardial effusion,No.
train_82_b_1.nii.gz,heart/heart/heart tissue,pericardial effusion,No.
train_82_b_1.nii.gz,abdomen,"upper abdominal free fluid-collection, pathologically enlarged lymph nodes",No.
train_82_b_1.nii.gz,abdomen/abdomen,"upper abdominal free fluid-collection, pathologically enlarged lymph nodes",No.
train_82_b_1.nii.gz,abdomen/abdomen/abdominal tissue,"upper abdominal free fluid-collection, pathologically enlarged lymph nodes",No.
train_23_a_1.nii.gz,esophagus,tumoral wall thickening,No.
train_23_a_1.nii.gz,esophagus/esophagus,tumoral wall thickening,No.
train_16_a_1.nii.gz,trachea and bronchie,obstructive pathology,No.
train_16_a_1.nii.gz,trachea and bronchie/trachea,obstructive pathology,No.
train_16_a_1.nii.gz,trachea and bronchie/bronchie,obstructive pathology,No.
train_16_a_1.nii.gz,esophagus,tumoral wall thickening,No.
train_16_a_1.nii.gz,esophagus/esophagus,tumoral wall thickening,No.
train_18_a_1.nii.gz,esophagus,tumoral wall thickening,No.
train_18_a_1.nii.gz,esophagus/esophagus,tumoral wall thickening,No.
train_18_a_1.nii.gz,esophagus/esophagus/cervical esophagus,tumoral wall thickening,No.
train_18_a_1.nii.gz,pleura,"pleural effusion-thickening, pleural effusion",No.
train_18_a_1.nii.gz,pleura/pleura,"pleural effusion-thickening, pleural effusion",No.
train_18_a_1.nii.gz,abdomen/abdomen/adrenal gland,space-occupying lesion,No.
train_18_a_1.nii.gz,abdomen/abdomen/liver,space-occupying lesion,No.
train_36_a_1.nii.gz,esophagus,pathological increase in wall thickness,No.
train_36_a_1.nii.gz,esophagus/esophagus,pathological increase in wall thickness,No.
train_36_a_1.nii.gz,abdomen,"intraabdominal free fluid, loculated collection",No.
train_36_a_1.nii.gz,abdomen/abdomen,"intraabdominal free fluid, loculated collection",No.
train_36_a_1.nii.gz,abdomen/abdomen/abdominal tissue,"intraabdominal free fluid, loculated collection",No.
train_10_a_1.nii.gz,esophagus,pathological wall thickening,No.
train_10_a_1.nii.gz,esophagus/esophagus,pathological wall thickening,No.
train_131_a_1.nii.gz,esophagus,tumoral wall thickening,No.
train_131_a_1.nii.gz,esophagus/esophagus,tumoral wall thickening,No.
train_131_a_1.nii.gz,abdomen/abdomen/adrenal gland,space-occupying lesion,No.
train_79_a_1.nii.gz,trachea and bronchie,obstructive pathology,No.
train_79_a_1.nii.gz,trachea and bronchie/trachea,obstructive pathology,No.
train_79_a_1.nii.gz,trachea and bronchie/bronchie,obstructive pathology,No.
train_79_a_1.nii.gz,mediastinum,"enlarged lymph nodes, pathologically enlarged lymph nodes",No.
train_79_a_1.nii.gz,mediastinum/mediastinal tissue,"enlarged lymph nodes, pathologically enlarged lymph nodes",No.
train_79_a_1.nii.gz,esophagus,pathological wall thickness increase,No.
train_79_a_1.nii.gz,esophagus/esophagus,pathological wall thickness increase,No.
train_79_a_1.nii.gz,pleura,pericardial effusion,No.
train_79_a_1.nii.gz,pleura/pleura,pericardial effusion,No.
train_79_a_1.nii.gz,bone,lytic-destructive lesions,No.
train_79_a_1.nii.gz,bone/bone,lytic-destructive lesions,No.
train_79_a_1.nii.gz,abdomen,"upper abdominal free fluid-collection, mass",No.
train_79_a_1.nii.gz,abdomen/abdomen,"upper abdominal free fluid-collection, mass",No.
train_79_a_1.nii.gz,abdomen/abdomen/abdominal tissue,"upper abdominal free fluid-collection, mass",No.
train_94_a_1.nii.gz,abdomen,space-occupying lesion,No.
train_94_a_1.nii.gz,abdomen/abdomen,space-occupying lesion,No.
train_94_a_1.nii.gz,abdomen/abdomen/adrenal gland,space-occupying lesion,No.
train_94_a_1.nii.gz,abdomen/abdomen/liver,space-occupying lesion,No.
train_101_a_1.nii.gz,trachea and bronchie,obstructive pathology,No.
train_101_a_1.nii.gz,trachea and bronchie/trachea,obstructive pathology,No.
train_101_a_1.nii.gz,trachea and bronchie/bronchie,obstructive pathology,No.
train_101_a_1.nii.gz,mediastinum/mediastinal tissue,pathologically enlarged lymph nodes,No.
train_101_a_1.nii.gz,esophagus/esophagus/cervical esophagus,tumoral wall thickening,No.
train_101_a_1.nii.gz,bone/bone/clavicle,lymph nodes in pathological size and appearance,No.
train_124_a_1.nii.gz,esophagus,tumoral wall thickening,No.
train_124_a_1.nii.gz,esophagus/esophagus,tumoral wall thickening,No.
train_139_a_1.nii.gz,abdomen/abdomen/adrenal gland,space-occupying lesion,No.
train_115_a_1.nii.gz,trachea and bronchie,obstructive pathology,No.
train_115_a_1.nii.gz,trachea and bronchie/trachea,obstructive pathology,No.
train_115_a_1.nii.gz,trachea and bronchie/bronchie,obstructive pathology,No.
train_115_a_1.nii.gz,mediastinum,"enlarged lymph nodes, pathologically enlarged lymph nodes",No.
train_115_a_1.nii.gz,mediastinum/mediastinal tissue,"enlarged lymph nodes, pathologically enlarged lymph nodes",No.
train_115_a_1.nii.gz,esophagus,pathological wall thickness increase,No.
train_115_a_1.nii.gz,esophagus/esophagus,pathological wall thickness increase,No.
train_115_a_1.nii.gz,pleura,pericardial effusion,No.
train_115_a_1.nii.gz,pleura/pleura,pericardial effusion,No.
train_115_a_1.nii.gz,bone,lytic-destructive lesions,No.
train_115_a_1.nii.gz,bone/bone,lytic-destructive lesions,No.
train_115_a_1.nii.gz,abdomen,"upper abdominal free fluid-collection, mass",No.
train_115_a_1.nii.gz,abdomen/abdomen,"upper abdominal free fluid-collection, mass",No.
train_115_a_1.nii.gz,abdomen/abdomen/abdominal tissue,"upper abdominal free fluid-collection, mass",No.
train_32_a_1.nii.gz,trachea and bronchie,occlusive pathology,No.
train_32_a_1.nii.gz,trachea and bronchie/trachea,occlusive pathology,No.
train_32_a_1.nii.gz,trachea and bronchie/bronchie,occlusive pathology,No.
train_32_a_1.nii.gz,mediastinum,lymph nodes in pathological size and appearance,No.
train_32_a_1.nii.gz,mediastinum/mediastinal tissue,lymph nodes in pathological size and appearance,No.
train_32_a_1.nii.gz,esophagus,pathological increase in wall thickness,No.
train_32_a_1.nii.gz,esophagus/esophagus,pathological increase in wall thickness,No.
train_32_a_1.nii.gz,abdomen,"solid mass, loculated collection, free fluid",No.
train_32_a_1.nii.gz,abdomen/abdomen,"solid mass, loculated collection, free fluid",No.
train_32_a_1.nii.gz,abdomen/abdomen/abdominal tissue,"solid mass, loculated collection, free fluid",No.
train_75_a_1.nii.gz,trachea and bronchie,occlusive pathology,No.
train_75_a_1.nii.gz,trachea and bronchie/bronchie,occlusive pathology,No.
train_75_a_1.nii.gz,mediastinum,enlarged lymph nodes,No.
train_75_a_1.nii.gz,mediastinum/mediastinal tissue,enlarged lymph nodes,No.
train_75_a_1.nii.gz,esophagus,pathological wall thickening,No.
train_75_a_1.nii.gz,esophagus/esophagus,pathological wall thickening,No.
train_75_a_1.nii.gz,abdomen,space-occupying lesion,No.
train_75_a_1.nii.gz,abdomen/abdomen,space-occupying lesion,No.
train_75_a_1.nii.gz,abdomen/abdomen/adrenal gland,space-occupying lesion,No.
train_75_a_1.nii.gz,abdomen/abdomen/adrenal gland/right adrenal gland,space-occupying lesion,No.
train_75_a_1.nii.gz,abdomen/abdomen/liver,space-occupying lesion,No.
train_120_a_1.nii.gz,trachea and bronchie,occlusive pathology,No.
train_120_a_1.nii.gz,trachea and bronchie/trachea,occlusive pathology,No.
train_120_a_1.nii.gz,trachea and bronchie/bronchie,occlusive pathology,No.
train_120_a_1.nii.gz,mediastinum,"dilatation, lymph nodes in pathological size and appearance",No.
train_120_a_1.nii.gz,mediastinum/aorta,dilatation,No.
train_120_a_1.nii.gz,mediastinum/mediastinal tissue,lymph nodes in pathological size and appearance,No.
train_120_a_1.nii.gz,heart,pericardial thickening-effusion,No.
train_120_a_1.nii.gz,heart/heart,pericardial thickening-effusion,No.
train_120_a_1.nii.gz,heart/heart/heart tissue,pericardial thickening-effusion,No.
train_120_a_1.nii.gz,esophagus,pathological wall thickening,No.
train_120_a_1.nii.gz,esophagus/esophagus,pathological wall thickening,No.
train_120_a_1.nii.gz,pleura,bilateral pleural thickening-effusion,No.
train_120_a_1.nii.gz,pleura/pleura,bilateral pleural thickening-effusion,No.
train_120_a_1.nii.gz,bone,lytic-destructive lesion,No.
train_120_a_1.nii.gz,bone/bone,lytic-destructive lesion,No.
train_120_a_1.nii.gz,abdomen/abdomen/adrenal gland,space-occupying lesion,No.
train_120_a_1.nii.gz,abdomen/abdomen/aorta,dilatation,No.
train_120_a_1.nii.gz,abdomen/abdomen/gallbladder,gall bladder,No.
train_71_a_1.nii.gz,mediastinum,"lymph nodes in pathological size, pathological size and configuration, mass effect",No.
train_71_a_1.nii.gz,mediastinum/thymus,mass effect,No.
train_71_a_1.nii.gz,mediastinum/mediastinal tissue,"lymph nodes in pathological size, pathological size and configuration",No.
train_71_a_1.nii.gz,esophagus,pathological wall thickening,No.
train_71_a_1.nii.gz,esophagus/esophagus,pathological wall thickening,No.
train_71_a_1.nii.gz,pleura,"pneumothorax, pneumonia, pleural effusion",No.
train_71_a_1.nii.gz,pleura/pleura,"pneumothorax, pneumonia, pleural effusion",No.
train_71_a_1.nii.gz,abdomen,space-occupying lesion,No.
train_71_a_1.nii.gz,abdomen/abdomen,space-occupying lesion,No.
train_71_a_1.nii.gz,abdomen/abdomen/adrenal gland,space-occupying lesion,No.
train_71_a_1.nii.gz,abdomen/abdomen/liver,space-occupying lesion,No.
train_2_a_1.nii.gz,trachea and bronchie,obstructive pathology,No.
train_2_a_1.nii.gz,trachea and bronchie/trachea,obstructive pathology,No.
train_2_a_1.nii.gz,trachea and bronchie/bronchie,obstructive pathology,No.
train_2_a_1.nii.gz,mediastinum/mediastinal tissue,enlarged lymph nodes,No.
train_2_a_1.nii.gz,esophagus,pathological wall thickening,No.
train_2_a_1.nii.gz,esophagus/esophagus,pathological wall thickening,No.
train_2_a_1.nii.gz,esophagus/esophagus/cervical esophagus,pathological wall thickening,No.
train_98_a_1.nii.gz,mediastinum,lymph nodes in pathological size,No.
train_98_a_1.nii.gz,mediastinum/mediastinal tissue,lymph nodes in pathological size,No.
train_98_a_1.nii.gz,pleura,"pneumothorax, pleural effusion, bilateral pleural effusion",No.
train_98_a_1.nii.gz,pleura/pleura,"pneumothorax, pleural effusion, bilateral pleural effusion",No.
train_98_a_1.nii.gz,abdomen/abdomen/adrenal gland,space-occupying lesion,No.
train_98_a_1.nii.gz,abdomen/abdomen/liver,space-occupying lesion,No.
train_60_d_1.nii.gz,bone,lytic lesions,No.
train_60_d_1.nii.gz,bone/bone,lytic lesions,No.
train_137_a_1.nii.gz,trachea and bronchie,occlusive pathology,No.
train_137_a_1.nii.gz,trachea and bronchie/trachea,occlusive pathology,No.
train_137_a_1.nii.gz,trachea and bronchie/bronchie,occlusive pathology,No.
train_137_a_1.nii.gz,abdomen/abdomen/abdominal tissue,mass with discernible borders,No.
train_55_a_1.nii.gz,lung,"mass lesion, active infiltration",No.
train_55_a_1.nii.gz,lung/lung,"mass lesion, active infiltration",No.
train_55_a_1.nii.gz,mediastinum,pathological lap,No.
train_55_a_1.nii.gz,mediastinum/mediastinal tissue,pathological lap,No.
train_55_a_1.nii.gz,esophagus,pathological increase in wall thickness,No.
train_55_a_1.nii.gz,esophagus/esophagus,pathological increase in wall thickness,No.
train_55_a_1.nii.gz,pleura,"pleural effusion-thickening, pleural effusion",No.
train_55_a_1.nii.gz,pleura/pleura,"pleural effusion-thickening, pleural effusion",No.
train_65_a_1.nii.gz,trachea and bronchie,procedure-related complications,No.
train_65_a_1.nii.gz,trachea and bronchie/trachea,procedure-related complications,No.
train_65_a_1.nii.gz,mediastinum,lymph nodes in pathological size and appearance,No.
train_65_a_1.nii.gz,mediastinum/mediastinal tissue,lymph nodes in pathological size and appearance,No.
train_65_a_1.nii.gz,bone/bone/vertebrae,lymph nodes in pathological size and appearance,No.
train_65_a_1.nii.gz,bone/bone/vertebrae/cervical vertebrae,lymph nodes in pathological size and appearance,No.
train_65_a_1.nii.gz,abdomen/abdomen/abdominal tissue,additional features,No.
train_53_b_1.nii.gz,mediastinum,"lymph nodes in pathological size, pathological size and configuration",No.
train_53_b_1.nii.gz,mediastinum/mediastinal tissue,"lymph nodes in pathological size, pathological size and configuration",No.
train_53_b_1.nii.gz,pleura,"pneumothorax, pleural effusion",No.
train_53_b_1.nii.gz,pleura/pleura,"pneumothorax, pleural effusion",No.
train_53_b_1.nii.gz,abdomen/abdomen/abdominal tissue,"gallbladder, natural",No.
train_53_b_1.nii.gz,abdomen/abdomen/gallbladder,gallbladder,No.
train_21_a_1.nii.gz,trachea and bronchie/trachea,obstructive pathology,No.
train_21_a_1.nii.gz,mediastinum/mediastinal tissue,lymph nodes in pathological size and appearance,No.
train_21_a_1.nii.gz,esophagus,pathological increase in wall thickness,No.
train_21_a_1.nii.gz,esophagus/esophagus,pathological increase in wall thickness,No.
train_21_a_1.nii.gz,pleura,"increased thickness, pleural effusion",No.
train_21_a_1.nii.gz,pleura/pleura,"increased thickness, pleural effusion",No.
train_21_a_1.nii.gz,abdomen/abdomen/abdominal tissue,"loculated collection, free fluid",No.
train_19_a_1.nii.gz,mediastinum,lymph nodes in pathological size and appearance,No.
train_19_a_1.nii.gz,mediastinum/mediastinal tissue,lymph nodes in pathological size and appearance,No.
train_19_a_1.nii.gz,bone,lytic-destructive lesions,No.
train_19_a_1.nii.gz,bone/bone,lytic-destructive lesions,No.
train_19_a_1.nii.gz,abdomen/abdomen/abdominal tissue,free fluid,No.
train_93_a_1.nii.gz,mediastinum,enlarged lymph nodes,No.
train_93_a_1.nii.gz,mediastinum/mediastinal tissue,enlarged lymph nodes,No.
train_93_a_1.nii.gz,esophagus,pathological wall thickening,No.
train_93_a_1.nii.gz,esophagus/esophagus,pathological wall thickening,No.
train_93_a_1.nii.gz,abdomen,space-occupying lesion,No.
train_93_a_1.nii.gz,abdomen/abdomen,space-occupying lesion,No.
train_93_a_1.nii.gz,abdomen/abdomen/adrenal gland,space-occupying lesion,No.
train_93_a_1.nii.gz,abdomen/abdomen/liver,space-occupying lesion,No.
train_28_a_1.nii.gz,pleura,pleural effusion,No.
train_28_a_1.nii.gz,pleura/pleura,pleural effusion,No.
train_28_a_1.nii.gz,bone,lytic-destructive lesions,No.
train_28_a_1.nii.gz,bone/bone,lytic-destructive lesions,No.
train_142_a_1.nii.gz,mediastinum,enlarged lymph nodes,No.
train_142_a_1.nii.gz,mediastinum/mediastinal tissue,enlarged lymph nodes,No.
train_142_a_1.nii.gz,esophagus,tumoral wall thickening,No.
train_142_a_1.nii.gz,esophagus/esophagus,tumoral wall thickening,No.
train_142_a_1.nii.gz,esophagus/esophagus/cervical esophagus,tumoral wall thickening,No.
train_142_a_1.nii.gz,pleura,"pleural effusion-thickening, pleural effusion",No.
train_142_a_1.nii.gz,pleura/pleura,"pleural effusion-thickening, pleural effusion",No.
train_142_a_1.nii.gz,abdomen/abdomen/adrenal gland,space-occupying lesion,No.
train_90_b_1.nii.gz,trachea and bronchie,occlusive pathology,No.
train_90_b_1.nii.gz,trachea and bronchie/trachea,occlusive pathology,No.
train_90_b_1.nii.gz,trachea and bronchie/bronchie,occlusive pathology,No.
train_90_b_1.nii.gz,mediastinum,natural,No.
train_90_b_1.nii.gz,mediastinum/mediastinal tissue,natural,No.
train_90_b_1.nii.gz,heart,pericardial thickening-effusion,No.
train_90_b_1.nii.gz,heart/heart,pericardial thickening-effusion,No.
train_90_b_1.nii.gz,heart/heart/heart tissue,pericardial thickening-effusion,No.
train_86_a_1.nii.gz,mediastinum,pathological lymph node,No.
train_86_a_1.nii.gz,mediastinum/mediastinal tissue,pathological lymph node,No.
train_80_a_1.nii.gz,trachea and bronchie,occlusive pathology,No.
train_80_a_1.nii.gz,trachea and bronchie/trachea,occlusive pathology,No.
train_80_a_1.nii.gz,trachea and bronchie/bronchie,occlusive pathology,No.
train_80_a_1.nii.gz,mediastinum,"enlarged lymph nodes, pathologically enlarged lymph nodes",No.
train_80_a_1.nii.gz,mediastinum/mediastinal tissue,"enlarged lymph nodes, pathologically enlarged lymph nodes",No.
train_80_a_1.nii.gz,esophagus,pathological wall thickness increase,No.
train_80_a_1.nii.gz,esophagus/esophagus,pathological wall thickness increase,No.
train_80_a_1.nii.gz,pleura,pericardial effusion,No.
train_80_a_1.nii.gz,pleura/pleura,pericardial effusion,No.
train_80_a_1.nii.gz,bone,"lytic-destructive lesions, fractures",No.
train_80_a_1.nii.gz,bone/bone,"lytic-destructive lesions, fractures",No.
train_80_a_1.nii.gz,abdomen,"upper abdominal free fluid-collection, mass",No.
train_80_a_1.nii.gz,abdomen/abdomen,"upper abdominal free fluid-collection, mass",No.
train_80_a_1.nii.gz,abdomen/abdomen/abdominal tissue,"upper abdominal free fluid-collection, mass",No.
train_133_a_1.nii.gz,mediastinum/mediastinal tissue,enlarged lymph nodes,No.
train_133_a_1.nii.gz,esophagus,pathological wall thickening,No.
train_133_a_1.nii.gz,esophagus/esophagus,pathological wall thickening,No.
train_133_a_1.nii.gz,esophagus/esophagus/cervical esophagus,pathological wall thickening,No.
train_25_a_1.nii.gz,trachea and bronchie,obstructive pathology,No.
train_25_a_1.nii.gz,trachea and bronchie/trachea,obstructive pathology,No.
train_25_a_1.nii.gz,trachea and bronchie/bronchie,obstructive pathology,No.
train_25_a_1.nii.gz,mediastinum,enlarged lymph nodes,No.
train_25_a_1.nii.gz,mediastinum/mediastinal tissue,enlarged lymph nodes,No.
train_25_a_1.nii.gz,esophagus,tumoral wall thickening,No.
train_25_a_1.nii.gz,esophagus/esophagus,tumoral wall thickening,No.
train_25_a_1.nii.gz,esophagus/esophagus/cervical esophagus,tumoral wall thickening,No.
train_25_a_1.nii.gz,abdomen,space-occupying lesion,No.
train_25_a_1.nii.gz,abdomen/abdomen,space-occupying lesion,No.
train_25_a_1.nii.gz,abdomen/abdomen/adrenal gland,space-occupying lesion,No.
train_25_a_1.nii.gz,abdomen/abdomen/liver,space-occupying lesion,No.
train_100_a_1.nii.gz,trachea and bronchie,obstructive pathology,No.
train_100_a_1.nii.gz,trachea and bronchie/trachea,obstructive pathology,No.
train_100_a_1.nii.gz,trachea and bronchie/bronchie,obstructive pathology,No.
train_100_a_1.nii.gz,mediastinum/mediastinal tissue,lymph nodes in pathological size and appearance,No.
train_100_a_1.nii.gz,esophagus,pathological increase in wall thickness,No.
train_100_a_1.nii.gz,esophagus/esophagus,pathological increase in wall thickness,No.
train_90_a_1.nii.gz,esophagus,tumoral wall thickening,No.
train_90_a_1.nii.gz,esophagus/esophagus,tumoral wall thickening,No.
train_90_a_1.nii.gz,abdomen,space-occupying lesion,No.
train_90_a_1.nii.gz,abdomen/abdomen,space-occupying lesion,No.
train_90_a_1.nii.gz,abdomen/abdomen/adrenal gland,space-occupying lesion,No.
train_90_a_1.nii.gz,abdomen/abdomen/liver,space-occupying lesion,No.
train_37_c_1.nii.gz,trachea and bronchie,obstructive pathology,No.
train_37_c_1.nii.gz,trachea and bronchie/trachea,obstructive pathology,No.
train_37_c_1.nii.gz,trachea and bronchie/bronchie,obstructive pathology,No.
train_37_c_1.nii.gz,mediastinum,enlarged lymph nodes,No.
train_37_c_1.nii.gz,mediastinum/mediastinal tissue,enlarged lymph nodes,No.
train_37_c_1.nii.gz,esophagus,tumoral wall thickening,No.
train_37_c_1.nii.gz,esophagus/esophagus,tumoral wall thickening,No.
train_84_a_1.nii.gz,lung,"mass, infiltrative lesion",No.
train_84_a_1.nii.gz,lung/lung,"mass, infiltrative lesion",No.
train_84_a_1.nii.gz,lung/lung/left lung,"mass, infiltrative lesion",No.
train_84_a_1.nii.gz,trachea and bronchie,obstructive pathology,No.
train_84_a_1.nii.gz,trachea and bronchie/trachea,obstructive pathology,No.
train_84_a_1.nii.gz,trachea and bronchie/bronchie,obstructive pathology,No.
train_84_a_1.nii.gz,mediastinum,pathologically enlarged lymph nodes,No.
train_84_a_1.nii.gz,mediastinum/mediastinal tissue,pathologically enlarged lymph nodes,No.
train_84_a_1.nii.gz,esophagus,pathological wall thickness increase,No.
train_84_a_1.nii.gz,esophagus/esophagus,pathological wall thickness increase,No.
train_122_a_1.nii.gz,trachea and bronchie,occlusive pathology,No.
train_122_a_1.nii.gz,trachea and bronchie/trachea,occlusive pathology,No.
train_122_a_1.nii.gz,trachea and bronchie/bronchie,occlusive pathology,No.
train_122_a_1.nii.gz,mediastinum,dilatation,No.
train_122_a_1.nii.gz,mediastinum/aorta,dilatation,No.
train_122_a_1.nii.gz,heart,pericardial thickening-effusion,No.
train_122_a_1.nii.gz,heart/heart,pericardial thickening-effusion,No.
train_122_a_1.nii.gz,heart/heart/heart tissue,pericardial thickening-effusion,No.
train_122_a_1.nii.gz,esophagus,pathological wall thickening,No.
train_122_a_1.nii.gz,esophagus/esophagus,pathological wall thickening,No.
train_122_a_1.nii.gz,bone,lytic-destructive lesion,No.
train_122_a_1.nii.gz,bone/bone,lytic-destructive lesion,No.
train_122_a_1.nii.gz,abdomen,"dilatation, space-occupying lesion",No.
train_122_a_1.nii.gz,abdomen/abdomen,"dilatation, space-occupying lesion",No.
train_122_a_1.nii.gz,abdomen/abdomen/adrenal gland,space-occupying lesion,No.
train_122_a_1.nii.gz,abdomen/abdomen/aorta,dilatation,No.
train_95_a_1.nii.gz,mediastinum,enlarged lymph nodes,No.
train_95_a_1.nii.gz,mediastinum/mediastinal tissue,enlarged lymph nodes,No.
train_95_a_1.nii.gz,esophagus,tumoral wall thickening,No.
train_95_a_1.nii.gz,esophagus/esophagus,tumoral wall thickening,No.
train_95_a_1.nii.gz,pleura,"pleural effusion-thickening, pleural effusion",No.
train_95_a_1.nii.gz,pleura/pleura,"pleural effusion-thickening, pleural effusion",No.
train_95_a_1.nii.gz,abdomen/abdomen/adrenal gland,space-occupying lesion,No.
train_69_a_1.nii.gz,trachea and bronchie,occlusive pathology,No.
train_69_a_1.nii.gz,trachea and bronchie/trachea,occlusive pathology,No.
train_69_a_1.nii.gz,trachea and bronchie/bronchie,occlusive pathology,No.
train_69_a_1.nii.gz,mediastinum,lymph nodes in pathological size and appearance,No.
train_69_a_1.nii.gz,mediastinum/mediastinal tissue,lymph nodes in pathological size and appearance,No.
train_69_a_1.nii.gz,pleura,pleural effusion,No.
train_69_a_1.nii.gz,pleura/pleura,pleural effusion,No.
train_69_a_1.nii.gz,abdomen,space-occupying lesion,No.
train_69_a_1.nii.gz,abdomen/abdomen,space-occupying lesion,No.
train_69_a_1.nii.gz,abdomen/abdomen/adrenal gland,space-occupying lesion,No.
train_22_a_1.nii.gz,esophagus,tumoral wall thickening,No.
train_22_a_1.nii.gz,esophagus/esophagus,tumoral wall thickening,No.
train_22_a_1.nii.gz,abdomen,space-occupying lesion,No.
train_22_a_1.nii.gz,abdomen/abdomen,space-occupying lesion,No.
train_22_a_1.nii.gz,abdomen/abdomen/adrenal gland,space-occupying lesion,No.
train_22_a_1.nii.gz,abdomen/abdomen/liver,space-occupying lesion,No.
train_15_a_1.nii.gz,trachea and bronchie,occlusive pathology,No.
train_15_a_1.nii.gz,trachea and bronchie/bronchie,occlusive pathology,No.
train_15_a_1.nii.gz,mediastinum,enlarged lymph nodes,No.
train_15_a_1.nii.gz,mediastinum/mediastinal tissue,enlarged lymph nodes,No.
train_15_a_1.nii.gz,esophagus,tumoral wall thickening,No.
train_15_a_1.nii.gz,esophagus/esophagus,tumoral wall thickening,No.
train_15_a_1.nii.gz,esophagus/esophagus/cervical esophagus,tumoral wall thickening,No.
train_15_a_1.nii.gz,abdomen/abdomen/adrenal gland,space-occupying lesion,No.
train_15_a_1.nii.gz,abdomen/abdomen/liver,space-occupying lesion,No.
train_29_b_1.nii.gz,trachea and bronchie,occlusive pathology,No.
train_29_b_1.nii.gz,trachea and bronchie/trachea,occlusive pathology,No.
train_29_b_1.nii.gz,trachea and bronchie/bronchie,occlusive pathology,No.
train_29_b_1.nii.gz,mediastinum,lymph nodes in pathological size and appearance,No.
train_29_b_1.nii.gz,mediastinum/mediastinal tissue,lymph nodes in pathological size and appearance,No.
train_29_b_1.nii.gz,esophagus,pathological increase in wall thickness,No.
train_29_b_1.nii.gz,esophagus/esophagus,pathological increase in wall thickness,No.
train_29_b_1.nii.gz,pleura,"pleural effusion, bilateral pleural effusion",No.
train_29_b_1.nii.gz,pleura/pleura,"pleural effusion, bilateral pleural effusion",No.
train_29_b_1.nii.gz,bone,destructive lesions,No.
train_29_b_1.nii.gz,bone/bone,destructive lesions,No.
train_29_b_1.nii.gz,bone/bone/vertebrae,destructive lesions,No.
train_29_b_1.nii.gz,abdomen,solid mass,No.
train_29_b_1.nii.gz,abdomen/abdomen,solid mass,No.
train_29_b_1.nii.gz,abdomen/abdomen/abdominal tissue,solid mass,No.
train_138_b_1.nii.gz,bone,"bone lesion, lytic destructive lesion",No.
train_138_b_1.nii.gz,bone/bone,"bone lesion, lytic destructive lesion",No.
